DateID,ProductID,StoreID,CustomerID,OrderedAmount,DiscountAmount,ShippingCost,TotalAmount
20220429,467,11,366,188,13.37108812565512,15.431401587494753,159.19751028685013
20170306,414,99,1,887,51.24273188167969,52.421093156454994,783.3361749618653
20170312,874,57,420,404,32.966570158822165,48.87898640650966,322.15444343466817
20200730,384,49,851,943,111.8799857673304,83.69175398787276,747.4282602447968
20200118,619,18,830,480,64.77394126618069,62.56178890157069,352.66426983224864
20180207,57,65,517,820,46.45644819445095,121.78931475776366,651.7542370477854
20170213,647,10,647,306,7.668745300268157,21.373594064031533,276.95766063570034
20150317,667,5,188,122,11.92155687259595,17.237731578770358,92.84071154863369
20151121,106,76,178,960,85.79452432660521,76.23469250027658,797.9707831731182
20230807,125,100,155,448,10.116400942179219,24.974831096359615,412.9087679614612
20160120,451,49,72,867,101.24188297686699,93.50616709620253,672.2519499269305
20200518,587,67,192,716,85.43143373114414,58.994468314407605,571.5740979544482
20230926,650,52,551,617,30.072872741739232,63.70385321803752,523.2232740402233
20170415,496,92,88,921,49.85366264753469,48.87894568398112,822.2673916684842
20230114,222,41,108,902,22.90615153721397,106.5514025844362,772.5424458783498
20170821,390,7,37,759,85.33630566426122,45.66809414944993,627.9956001862888
20210406,700,10,29,505,30.187796027656873,61.14988382318029,413.66232014916284
20201020,665,48,890,734,52.76016191467242,69.45455340264068,611.7852846826869
20211208,321,54,444,888,90.42410795827506,107.50012454682178,690.0757674949032
20150818,800,5,169,895,134.12843502389734,47.38832465497812,713.4832403211245
20160116,7,25,409,308,13.190263365201064,34.585503299979834,260.22423333481913
20190130,993,39,283,156,7.838893290244846,21.328049504134878,126.83305720562028
20230111,713,85,217,132,18.480085437804885,8.450350674289998,105.06956388790512
20211201,137,18,420,104,10.824873623336476,11.40260887121095,81.77251750545258
20200903,107,22,156,604,85.63498831200477,31.86660110796079,486.49841058003443
20190709,827,13,254,105,3.328228199784751,12.996169857732502,88.67560194248274
20180222,858,26,380,952,125.47843797602636,137.11079905788677,689.4107629660868
20140929,660,76,39,581,22.324016859743068,40.19136192491257,518.4846212153443
20171120,794,36,560,635,20.52826388740704,55.77567074173788,558.6960653708551
20220825,187,4,9,877,110.32515531025022,122.17734045041657,644.4975042393332
20240430,399,39,457,111,3.828311519861601,14.458651245803654,92.71303723433475
20200119,952,84,105,102,4.96751580073577,8.84639264807056,88.18609155119367
20190603,179,42,87,562,38.77267193383377,51.15065085519006,472.0766772109762
20180126,523,41,643,915,21.280900065305467,70.4375795958026,823.2815203388919
20210124,119,30,944,417,47.50379812258151,46.84723682493044,322.64896505248805
20201031,396,69,497,575,12.989217829584042,49.507925495808806,512.5028566746072
20151201,408,100,370,987,64.55584042897227,126.45463180032898,795.9895277706987
20220430,428,2,747,414,27.831302760097124,37.53511391672548,348.6335833231774
20160313,839,49,873,990,129.21057307077987,96.34055347511173,764.4488734541084
20170425,812,76,967,471,43.711018076862715,49.631800421878395,377.6571815012589
20230124,4,24,418,760,25.60820263359431,98.96827581249357,635.4235215539121
20150227,956,63,740,173,14.446004240144099,19.177840961186813,139.3761547986691
20150513,384,2,849,464,64.66235912428473,54.61447100913981,344.72316986657546
20150521,280,2,526,459,53.32129040062012,49.91241107796017,355.7662985214197
20190620,415,94,890,559,62.26588839718329,60.07478012084973,436.659331481967
20210704,343,78,22,997,136.1820990249024,61.31998140849671,799.4979195666009
20141202,839,2,569,607,74.06768201139951,31.98381585573427,500.9485021328662
20210610,566,48,677,873,30.55779445662347,71.09296117528096,771.3492443680956
20140819,464,97,132,345,39.13449616718712,23.70523103122045,282.16027280159244
20150129,847,85,758,117,13.260069430387071,10.766735654569478,92.97319491504345
20140726,405,23,461,547,75.74833087253198,64.1352297845172,407.1164393429508
20200725,988,32,723,613,45.95306824714888,42.393122299806244,524.6538094530449
20170812,500,70,981,864,73.53818932788367,92.3592936483829,698.1025170237334
20240523,791,5,339,196,27.89988045985259,20.704359742912043,147.39575979723537
20200130,781,61,782,442,59.03740401137711,49.28596990378407,333.6766260848388
20220926,555,78,259,275,18.45420584104548,23.45429235043449,233.09150180852004
20150618,719,47,632,170,10.625181899014942,13.804204400724489,145.57061370026057
20170224,855,19,937,995,33.91769611032783,74.1920386466639,886.8902652430082
20160214,152,75,889,819,25.61550618804474,117.16011521504889,676.2243785969064
20191130,119,38,441,563,75.12485167598372,31.807754352341245,456.067393971675
20210301,855,57,450,423,11.029102487394862,35.50607779139158,376.46481972121353
20140705,616,88,34,208,25.203107817505693,10.786447851243326,172.010444331251
20230319,960,78,506,600,18.359650544546266,66.5802910355957,515.060058419858
20230822,552,87,422,975,136.25486390486557,134.0932469040602,704.6518891910742
20240504,744,2,685,830,59.15733450967268,112.4247629784352,658.4179025118922
20240216,823,44,249,278,40.316115529095875,41.138163575696325,196.5457208952078
20150403,898,90,180,355,46.84324184995055,25.292958164920122,282.86379998512933
20220627,528,23,30,330,36.22584908514749,29.817822749970478,263.95632816488205
20170513,29,99,390,420,29.853539221713167,24.806247128613492,365.34021364967333
20221130,890,27,439,323,29.79932251212401,24.221916654673574,268.9787608332024
20240314,422,98,90,461,62.28286245470426,27.416251567001467,371.3008859782943
20180929,905,21,916,618,92.64230346893522,33.94008158290989,491.4176149481549
20190915,36,31,941,934,58.98880453775319,93.72061824869354,781.2905772135532
20200903,434,68,965,586,52.3496373963242,83.04893068901485,450.60143191466096
20160715,494,21,372,108,2.490286307063131,14.558405245944659,90.95130844699221
20170106,545,35,397,751,104.98269914268363,51.604192122850414,594.4131087344659
20170210,674,60,50,942,29.00704749268188,57.06538849464169,855.9275640126764
20230916,788,24,926,224,24.01692631457591,31.323257394903354,168.65981629052072
20231212,91,70,481,445,53.3917670307675,42.13560785385154,349.472625115381
20160204,868,69,331,290,17.763764886646644,41.42254597359872,230.81368913975462
20211122,525,43,921,556,49.71140380980787,35.763488369228945,470.52510782096317
20180930,735,82,470,820,119.46471976859578,117.26302765719046,583.2722525742138
20231106,55,10,670,592,54.345844871835666,86.60365528673395,451.0504998414304
20190705,293,20,367,368,13.381180213887651,27.309227610849963,327.30959217526237
20230719,828,48,403,629,67.87543522567792,70.19573045998334,490.92883431433876
20180423,124,39,900,325,30.325494060119844,25.198420779127716,269.47608516075246
20210428,959,86,309,197,28.69957205402843,20.18585329864806,148.1145746473235
20190211,982,29,1000,595,74.77668761841264,37.451394180254475,482.7719182013329
20140612,422,42,350,531,45.55934772660531,61.71065547690242,423.7299967964923
20170425,78,71,369,149,12.473368256728723,9.670100698847266,126.856531044424
20220603,461,45,358,559,19.352420921388457,36.854151763694325,502.7934273149172
20220826,732,32,574,763,60.830340479389825,50.775895461510096,651.3937640591
20160908,1,2,464,481,11.777986052811066,54.71042979226393,414.511584154925
20220615,904,51,177,145,9.550779558236743,8.0059583834421,127.44326205832115
20191012,210,40,163,564,57.305760165370515,71.56208623449889,435.1321536001306
20230625,319,96,983,101,14.988078155077224,8.194210970179887,77.81771087474289
20210125,682,8,573,1000,78.72068612365027,82.9591774678871,838.3201364084626
20220930,559,56,120,538,56.96474185537192,65.53923295434797,415.4960251902801
20200619,892,61,302,735,89.29540459389476,50.55629183186316,595.148303574242
20171114,775,26,832,371,14.469655062715304,54.29143790269466,302.23890703459006
20230707,27,42,387,154,9.154631048824365,19.2658212854302,125.57954766574544
20160701,933,15,195,499,62.643823127083216,63.97326508090944,372.38291179200735
20200917,53,31,58,596,14.155726589333005,67.20388263147406,514.6403907791929
20200703,130,62,568,403,16.38138977398458,36.707292326532105,349.9113178994833
20210903,686,44,744,933,59.31433759580577,55.83006334104854,817.8555990631457
20170103,259,3,479,147,9.118050572391587,14.272779748296083,123.60916967931233
20141018,151,97,506,171,22.44099418933015,24.845139633076748,123.7138661775931
20240512,351,79,869,575,63.94476351230348,72.20247732072313,438.8527591669734
20200119,300,26,763,531,43.827491581124384,48.40486606311308,438.7676423557625
20220710,420,49,143,766,86.85481034045944,50.54425395439512,628.6009357051455
20211102,679,61,61,825,115.197868730114,77.41257937028159,632.3895518996044
20190526,709,24,663,702,25.961687755499437,41.70692243997565,634.3313898045249
20240516,134,45,481,508,56.10326840014301,72.9275413546817,378.9691902451753
20150729,30,17,493,219,4.946955263204529,25.544783227666635,188.50826150912883
20191213,804,16,69,481,42.89784850400815,37.71991836413045,400.3822331318614
20160112,312,5,77,561,13.153173816395133,59.08783250934344,488.75899367426143
20210104,728,9,944,856,95.56285173410595,65.36106253271669,695.0760857331774
20230317,113,4,132,785,92.13244347903783,59.06898211181968,633.7985744091425
20220425,570,96,906,684,92.42689607467223,92.47746848424478,499.095635441083
20140720,282,69,296,269,29.992976799040537,14.995806302566967,224.0112168983925
20191113,684,60,367,514,69.57089685803358,34.69118993635727,409.7379132056092
20230827,640,94,720,716,37.08001160530811,36.91828064515514,642.0017077495368
20151027,308,44,462,680,79.1187797066024,47.73693943241587,553.1442808609818
20230804,810,20,345,747,62.38485273478098,100.62476063466403,583.990386630555
20150626,657,23,285,444,53.27089894800201,25.756911985452582,364.9721890665454
20180930,546,87,802,815,32.3692609490386,67.06782126289852,715.5629177880629
20160107,309,59,953,178,4.949471139999303,23.62547145230405,149.42505740769664
20180308,409,66,132,510,32.62112641777048,39.2486127583362,438.1302608238933
20230525,474,67,636,572,65.47011377687855,79.43745591934184,427.0924303037796
20160108,390,74,285,337,43.033586588042645,39.07173435557383,254.89467905638352
20201108,739,28,906,893,128.2607604838101,63.16967314577422,701.5695663704157
20230607,26,86,499,803,100.72775071405835,40.22982757224683,662.0424217136948
20181109,877,58,713,704,81.54984100409655,71.70175856832589,550.7484004275775
20170117,63,33,256,518,33.728122638190236,63.13974421498995,421.1321331468198
20200303,710,59,799,959,71.20480940977073,81.55983990399956,806.2353506862297
20180314,442,61,99,988,32.1554920487607,139.68188191904665,816.1626260321926
20230319,238,75,600,289,42.11398333910107,31.70421933188863,215.1817973290103
20190125,249,42,472,659,65.36892409007856,66.34775338777071,527.2833225221507
20140116,799,21,329,898,50.42981182919244,114.79758721229902,732.7726009585085
20160520,491,61,956,867,30.056723210864465,119.6223376906204,717.3209390985152
20211128,494,60,941,116,8.505991090525029,14.535514893667411,92.95849401580756
20240204,929,5,766,413,44.490495290803544,57.40305495942369,311.10644974977276
20150508,130,41,260,928,86.87692148550367,86.6644361038072,754.4586424106891
20200119,748,1,502,998,122.0409474694756,148.8386187603548,727.1204337701696
20140322,917,95,934,538,22.97339963076733,37.362085270225236,477.6645150990074
20220320,605,36,9,772,49.33337243876391,78.06808980695686,644.5985377542793
20190618,656,20,86,124,14.645209157347148,17.739386392955666,91.6154044496972
20190104,342,71,880,219,13.706542655512019,14.8701052600958,190.42335208439218
20170128,707,83,374,197,5.3197919935673905,19.316543239382003,172.3636647670506
20180621,538,55,633,631,74.61619669979747,32.07373932907985,524.3100639711226
20171107,920,21,760,329,37.18986988222839,39.55246698494755,252.25766313282406
20240704,73,48,637,824,82.77336590027876,42.86996534289726,698.356668756824
20140219,844,10,218,193,15.605891123421637,17.305654378637602,160.08845449794075
20200204,755,24,478,235,28.512647767520797,18.171806287776416,188.3155459447028
20200916,961,2,772,943,23.76584534322198,130.68602412128416,788.5481305354939
20140621,704,94,447,922,87.69201514735292,127.55406944243954,706.7539154102076
20201005,34,9,924,121,6.774689381810284,16.668792501699983,97.55651811648974
20200225,352,28,672,308,9.234148532303482,33.206651570924166,265.5591998967724
20200812,741,64,321,557,55.25624345700091,34.02613091215431,467.7176256308448
20151120,916,94,549,208,8.083075889408438,15.89418730587477,184.0227368047168
20230521,680,11,87,100,5.475216144670071,5.3546288010559175,89.170155054274
20221230,589,32,339,290,37.379230150848926,23.960037958399067,228.660731890752
20220925,538,76,226,537,46.162055693112585,29.527879945367804,461.3100643615196
20200416,68,47,858,998,47.33134473750826,138.3521743105338,812.3164809519579
20231219,29,36,874,272,37.456578935638994,17.787067155555647,216.75635390880535
20150128,56,37,590,556,70.28880908337997,73.90616877028017,411.80502214633987
20230415,864,62,318,956,97.65845489831598,50.345006404118955,807.996538697565
20160530,251,44,174,576,61.2400492335834,49.1226867639793,465.6372640024373
20141210,697,57,230,319,27.725291197883763,25.482464731448196,265.79224407066806
20180105,655,30,180,322,22.26416235702657,35.940696962505335,263.7951406804681
20161013,344,31,223,274,32.513370529262644,22.6823131349343,218.80431633580304
20210821,78,89,188,475,21.78206557067172,24.88465223930523,428.33328219002306
20191107,608,24,237,146,16.156461242374576,11.306307039296673,118.53723171832875
20190507,91,61,613,610,75.04086938967812,31.50526045219884,503.45387015812304
20180206,494,80,149,134,6.051979460181619,18.064533626043964,109.88348691377442
20170426,701,4,538,253,28.822280023375217,29.561739265229004,194.61598071139576
20210408,79,95,335,172,3.600630832193207,23.680833567692275,144.7185356001145
20181003,528,38,799,849,85.15928755178832,92.09341065889811,671.7473017893135
20180115,550,57,124,863,105.65044666308499,58.84551484352059,698.5040384933944
20190918,214,64,41,753,69.58295913876337,73.45566072252709,609.9613801387095
20210226,955,65,865,625,40.87074263058753,45.90956119621346,538.219696173199
20240511,178,17,438,849,125.59483489729097,118.67024535411497,604.734919748594
20151002,813,19,641,673,16.65849566667449,82.64387368903967,573.6976306442858
20211230,970,38,213,268,38.02057058535596,39.13961260765414,190.8398168069899
20200622,817,26,64,385,35.422034393950206,29.01940035994562,320.5585652461042
20141129,424,31,651,370,48.88110492395945,53.73496645688016,267.38392861916043
20190325,630,73,938,207,27.355031798790062,29.86655023576596,149.77841796544396
20181120,321,97,964,180,18.362914527753194,23.222089335049592,138.41499613719722
20210730,944,94,54,866,79.4303908577358,129.50112966600292,657.0684794762612
20240316,971,48,105,995,83.64598471031042,63.80258860738411,847.5514266823054
20200208,660,46,823,134,9.929564233599733,17.175646879903244,106.89478888649703
20160321,24,40,876,350,30.97756760638372,43.071408886991115,275.9510235066252
20140207,860,100,560,933,27.616678190936447,116.6717109626255,788.711610846438
20140919,719,88,414,362,12.636575685937368,41.385750166629805,307.9776741474328
20230809,594,7,453,132,6.245505992147934,7.31017258684477,118.44432142100729
20200414,24,82,95,907,32.40723586433112,129.72542748789854,744.8673366477703
20200329,428,51,778,818,116.20832276728257,64.89103406793747,636.9006431647799
20140428,451,39,253,140,6.055735009420606,10.05458595649246,123.88967903408694
20211211,826,85,971,793,66.3935129712689,61.67934751041863,664.9271395183125
20170524,843,35,840,299,27.247350188863415,32.05196066295327,239.7006891481833
20150413,398,14,575,938,90.48202518781976,62.891876328675735,784.6260984835045
20210526,541,38,63,919,90.78960427549558,120.80049351099119,707.4099022135133
20180323,917,25,200,289,34.05260394400529,25.40934364712126,229.53805240887345
20170119,929,100,128,210,6.45472483048312,14.567377783314917,188.97789738620196
20220113,151,100,480,577,76.79685735616235,67.05516833607912,433.14797430775855
20160706,152,52,907,627,67.31982179628238,77.72079996139338,481.95937824232425
20210624,173,26,168,398,35.41765441571669,26.021771944406954,336.56057363987634
20150520,144,52,679,254,18.07713287034931,23.355484860907968,212.56738226874273
20171019,637,97,1,482,27.72270098523485,27.555575776992747,426.7217232377724
20141108,62,28,804,744,33.422598200549615,76.89310966234346,633.6842921371069
20231016,937,3,534,209,21.421021341925577,21.869461297308934,165.7095173607655
20170330,337,79,460,517,33.768644824691016,45.10364284606611,438.12771232924285
20210803,320,97,622,894,65.70918575659483,45.02604435379453,783.2647698896106
20190129,915,98,845,926,69.31072919544063,136.01864809956223,720.6706227049972
20230807,366,82,266,991,48.96558588237584,116.44593083258106,825.5884832850431
20150103,618,43,106,362,26.46796474269878,26.415183412329597,309.1168518449716
20230502,379,61,614,217,5.44521855535822,23.054395784972446,188.50038565966935
20140717,394,74,545,599,80.57420342823856,67.836631379751,450.58916519201046
20220629,795,34,65,922,117.69158174527493,51.53595790800839,752.7724603467167
20140516,940,16,991,147,11.591739819612961,12.189553629451755,123.21870655093528
20211218,953,18,71,252,22.05403395905062,20.109688358316163,209.8362776826332
20221018,929,41,902,850,63.48918851152578,115.48049692514594,671.0303145633283
20170912,415,75,905,989,135.2116065861142,124.99588521818518,728.7925081957006
20211025,69,20,107,626,89.78857085876527,89.83888510325166,446.37254403798306
20190902,580,75,220,224,7.308344945899721,12.051865607325947,204.63978944677433
20180907,467,1,352,271,28.820813546922654,23.282483673332774,218.89670277974457
20230901,605,77,343,840,36.20136177249357,125.28677596029691,678.5118622672095
20230930,448,6,774,225,19.57231554193279,15.220588947648006,190.2070955104192
20180730,940,91,878,469,59.64184135595255,24.335959123093662,385.0221995209538
20181121,388,90,574,134,16.694691289176813,8.63750495908767,108.66780375173552
20200722,161,18,496,929,117.34656712195374,124.19109544598926,687.462337432057
20230228,797,97,990,537,49.31080701793102,76.09048497987814,411.59870800219085
20170526,757,22,525,113,10.214536200748386,14.30280084705663,88.48266295219499
20190428,769,19,648,805,100.88011178866758,51.967579150940544,652.1523090603919
20200330,187,1,624,541,57.25571238625104,54.8549790297614,428.88930858398754
20140926,78,58,409,397,39.98766678495367,48.046884237647305,308.96544897739903
20140831,324,73,959,113,16.380190147878007,7.8523470616707325,88.76746279045126
20230102,182,47,368,660,32.07610266851984,75.88535810155108,552.038539229929
20231002,931,25,443,723,104.66855135686953,97.4699186845968,520.8615299585337
20240113,648,69,54,972,98.21460567494222,97.71990958213982,776.065484742918
20160605,730,52,9,708,35.007708248283684,89.85592485147109,583.1363669002452
20210820,456,42,261,161,12.655230006139176,9.86529872572595,138.4794712681349
20210129,864,79,119,677,72.66734531663434,34.82495162586581,569.5077030574998
20161108,407,71,20,142,6.821311378961573,12.86243231457639,122.31625630646204
20230426,10,20,505,927,28.961006838748386,95.80020974867496,802.2387834125766
20210816,440,37,335,709,83.87232407302365,37.906304045411815,587.2213718815646
20161112,442,73,525,794,98.44259244093338,90.62721498840119,604.9301925706654
20230324,452,11,716,880,83.11146472571593,97.39772879152572,699.4908064827583
20181216,491,31,673,877,54.6388283680448,130.06722893945735,692.2939426924979
20210213,997,92,80,917,39.10560121658033,90.31879776536123,787.5756010180585
20170828,269,23,178,506,62.31876198159234,59.03673219979743,384.64450581861024
20230629,792,11,945,198,4.735881643990182,16.883001085845017,176.3811172701648
20220607,519,5,25,338,30.4892248757573,37.239688514555176,270.27108660968753
20210226,69,26,64,545,63.658037767394,27.387194051716257,453.95476818088974
20190914,202,84,916,271,39.81944077617717,39.633646625669684,191.54691259815314
20140110,163,94,751,437,64.69200914827252,28.478884935797318,343.8291059159302
20180607,395,87,70,685,18.16737086315403,83.50877729431875,583.3238518425272
20200625,875,41,692,423,19.113539351436852,31.01552794746105,372.8709327011021
20170713,499,83,781,680,20.231876610990344,36.611405161455124,623.1567182275545
20170312,192,57,197,470,44.70163497625138,53.210697989782695,372.08766703396594
20180219,590,30,47,826,51.927303683368784,82.76297980232839,691.3097165143029
20230317,361,83,403,537,75.76878435998086,61.74239013419942,399.4888255058197
20210122,686,42,752,407,24.853527512150738,59.86370424822064,322.28276823962864
20140729,868,84,210,907,60.993204136552905,80.13436097802641,765.8724348854207
20170317,176,31,741,684,53.18290533746596,67.99623207165814,562.8208625908759
20200602,566,29,762,475,61.60162388910781,37.04302500816126,376.35535110273094
20180914,536,54,733,734,38.22202778452393,69.77119710265288,626.0067751128232
20141213,599,19,378,776,68.11695518064263,114.13402452077273,593.7490202985846
20180102,12,15,106,295,21.43136401189864,27.866412018433017,245.70222396966835
20231006,590,42,958,693,59.31736825289093,66.18352803023058,567.4991037168785
20140831,785,57,75,775,37.77303036797904,98.27312355010478,638.9538460819161
20220807,348,7,395,957,35.467623120651886,129.28815212266622,792.2442247566819
20201031,621,78,53,169,23.480331227267985,16.063154126009213,129.4565146467228
20230812,323,7,876,773,108.02473403508421,61.855431646280614,603.1198343186352
20210904,670,40,135,994,52.1063326552176,116.2463685663063,825.6472987784762
20190110,115,90,829,717,107.50697410302904,43.29751111629015,566.1955147806808
20230828,879,69,480,711,60.3963888745422,66.97568579889176,583.627925326566
20210921,703,72,79,938,20.256308416260993,86.62662361837464,831.1170679653644
20190519,594,38,234,881,127.98096182113592,110.40121710008769,642.6178210787764
20190122,130,21,184,487,61.169530980147584,30.04748743385594,395.7829815859965
20220211,995,80,674,317,22.397319527108813,24.938602458325583,269.6640780145656
20141210,20,12,468,545,58.1812549284924,50.31804921021931,436.5006958612883
20220110,258,98,678,222,23.84350391759354,31.348220367250292,166.80827571515619
20181122,555,86,444,576,28.29923572467209,39.005053876040435,508.69571039928746
20240423,849,61,160,963,80.22210884518947,89.78985622062335,792.9880349341872
20150618,997,90,957,894,65.30508673476552,96.4500948824093,732.2448183828252
20161229,895,60,849,751,84.31262069998627,89.72483776824448,576.9625415317693
20240529,747,41,960,187,6.384896613922959,15.085602372596034,165.529501013481
20171211,700,43,33,525,18.412915904594175,73.24484265493615,433.3422414404697
20230224,274,95,80,201,7.130221244076431,26.63125857122716,167.23852018469643
20180210,302,96,785,110,4.2641991577131355,12.309513884557013,93.42628695772984
20220521,720,76,648,969,110.5011672382037,57.812345077681044,800.6864876841153
20201231,881,34,708,276,17.06749022333463,21.196939943108237,237.73556983355712
20160125,317,31,285,799,87.15527061772688,92.68732732387339,619.1574020583997
20160802,798,29,149,933,22.68620656684537,76.15014943551104,834.1636439976436
20220403,841,37,245,115,11.167202591515844,9.61144523188241,94.22135217660175
20161008,153,37,514,685,86.55384903691038,99.69008467119511,498.7560662918945
20170507,966,16,306,847,97.52511728674786,67.66990763764234,681.8049750756098
20201002,312,11,698,445,48.247635512495094,37.66129982703369,359.0910646604712
20160623,359,28,935,630,30.813178786513458,83.10732333100108,516.0794978824855
20180801,380,73,440,101,7.0593517862772615,9.17954631836519,84.76110189535754
20150819,430,46,932,511,19.02102016286187,69.70355749827996,422.27542233885816
20160719,242,37,143,754,71.60644126582369,101.29705136484702,581.0965073693293
20140414,937,15,572,276,36.3511340408031,14.400692657695027,225.24817330150188
20170201,364,1,842,611,67.00333011327717,36.38216922371856,507.61450066300426
20220318,380,3,773,633,15.33436663173961,85.14582291811992,532.5198104501404
20140622,251,44,992,422,9.334361801909338,36.26590140929193,376.39973678879875
20210311,337,84,542,498,58.123885854676246,65.18641610157178,374.68969804375195
20181220,486,80,76,704,16.251900299812576,86.62930020734177,601.1187994928457
20160128,132,87,941,705,103.53014033956444,42.463574196889425,559.0062854635462
20211102,98,95,316,631,78.12745513062846,66.54822654273632,486.3243183266352
20240714,528,22,606,357,53.332706572733066,35.703755513551975,267.96353791371496
20190228,669,86,222,307,45.942331178668674,34.500351298514396,226.55731752281693
20210426,435,75,796,203,9.111618622374099,22.20997517277494,171.67840620485097
20200101,664,14,56,292,12.910577124706405,22.45046485921699,256.63895801607663
20180626,725,10,591,277,9.696171992386267,29.71576457057683,237.5880634370369
20160806,787,14,417,365,37.634775682207575,32.66832256318156,294.69690175461085
20211008,321,26,941,691,62.81558446332679,37.00270430227754,591.1817112343956
20220612,338,31,970,477,12.767088667540586,28.342569328651614,435.8903420038078
20210824,882,82,571,925,116.42070929571086,88.25445694840617,720.324833755883
20170311,564,29,614,464,23.40693404856748,29.910154203691395,410.6829117477411
20180909,272,60,129,524,31.89525222679153,40.18325725672117,451.9214905164873
20181201,99,15,54,339,39.071999316807705,33.684918504252025,266.24308217894026
20180403,280,43,533,687,90.14140959219915,56.02177378298778,540.8368166248131
20231230,565,4,909,402,42.19112754920084,55.63532918909807,304.17354326170107
20220603,334,31,19,301,9.046206336351139,20.038557270822707,271.91523639282616
20231206,184,94,205,574,66.3798048972809,48.398347045684716,459.2218480570344
20141202,24,38,836,926,101.63824379743083,103.81969654170612,720.5420596608631
20220410,938,49,79,832,76.01589246884221,102.6290959064262,653.3550116247316
20180217,779,18,180,704,41.10776458996527,70.57391824964101,592.3183171603937
20230304,117,12,846,595,87.87438182807973,43.47754649934598,463.64807167257425
20170419,607,95,21,959,26.835518823175228,101.97332595670656,830.1911552201182
20140114,792,48,825,537,78.92807918850042,46.6141617072816,411.457759104218
20240326,714,12,242,854,111.85645187777006,90.40180770257713,651.7417404196528
20190917,234,5,595,479,40.2378238292538,27.583744212219962,411.17843195852623
20191022,564,10,729,467,58.50178840608605,24.391040715662314,384.1071708782516
20170818,379,57,167,602,22.76975519554791,82.93546014572604,496.29478465872603
20230518,423,49,195,922,19.060185163040586,65.0685712760977,837.8712435608617
20190805,249,52,407,638,65.75883444854271,90.31227825783395,481.92888729362335
20150122,522,31,237,440,23.551061076695138,60.37949224508556,356.0694466782193
20180219,42,22,718,619,29.680041436762526,75.38120437931245,513.9387541839251
20201002,369,97,422,855,113.85907721149141,121.73662422391992,619.4042985645887
20220224,437,41,402,956,33.72909344733889,73.87198786045576,848.3989186922054
20200919,895,67,4,831,70.5689989870457,70.56552792452608,689.8654730884282
20220713,105,30,848,308,12.383342301567613,32.23227046634643,263.38438723208594
20211223,819,92,815,494,26.988292292840406,50.16386961949244,416.8478380876671
20140225,55,55,752,100,4.160391599412189,12.79168480891133,83.04792359167648
20230716,726,95,325,955,123.9366777606321,80.57485631129451,750.4884659280734
20180122,521,51,265,800,39.00344530607136,94.38001109276478,666.6165436011638
20140706,999,76,350,183,26.928955985400588,14.697628334715725,141.3734156798837
20140313,128,20,168,574,20.304162726317507,78.10119010812144,475.594647165561
20151022,26,25,246,387,32.549321901516926,54.5651694010216,299.8855086974615
20200418,522,68,844,972,37.93743185413637,79.29707597352677,854.7654921723368
20140629,835,53,888,290,41.51196181720896,41.56975048219231,206.91828770059874
20191126,286,31,557,104,12.489871369824893,12.522054065198862,78.98807456497624
20210715,329,22,144,758,40.56091210287832,46.81836822373836,670.6207196733833
20210710,786,70,162,988,43.56616765184938,62.90921781207961,881.524614536071
20230822,953,59,927,577,78.70322816979464,43.91559315982313,454.3811786703822
20150620,839,18,380,421,29.916254052610277,38.21876157759975,352.86498436978997
20221129,801,24,556,475,51.3577184488327,26.580879804931207,397.06140174623613
20221105,29,94,902,604,22.83404399636294,34.76400359387447,546.4019524097625
20150411,798,42,508,769,95.86650636568679,71.36077918865352,601.7727144456596
20191030,868,85,143,834,95.64411943479845,56.275578543091285,682.0803020221102
20220213,396,10,228,990,84.46114531885378,80.86471475669222,824.674139924454
20180319,876,59,769,813,63.52553193847146,76.7192080823078,672.7552599792207
20150120,433,45,192,242,33.27590228852608,28.252034495421867,180.47206321605205
20201226,308,53,177,607,42.447866827687676,64.70872608934171,499.8434070829706
20190224,670,22,749,760,61.91181954502011,97.3331326767172,600.7550477782627
20220406,887,61,223,716,59.734530002373866,101.28981454551214,554.975655452114
20180226,465,4,250,750,106.98527062087122,54.62601215806608,588.3887172210627
20181206,607,96,479,517,23.462398740228654,69.19738946283057,424.34021179694076
20161113,458,91,719,323,6.5423669565731615,27.792974179347052,288.6646588640798
20220318,312,79,416,219,17.098468169971063,12.719978083365751,189.18155374666318
20240204,59,60,76,736,77.70146149753195,86.40366093270046,571.8948775697676
20240519,651,100,374,528,76.89590042411962,43.652020045078956,407.4520795308014
20220807,75,21,908,219,6.991680892656422,18.13165670158738,193.8766624057562
20220922,817,100,542,365,49.106722441495236,54.323316153457675,261.5699614050471
20170330,106,5,294,612,60.080727394597815,50.207534681210824,501.71173792419137
20180308,143,33,86,779,98.27991703585857,43.73814984026324,636.9819331238782
20211219,990,93,141,857,69.87768612156339,65.09334426422105,722.0289696142156
20140328,109,62,304,821,58.09277213200837,82.87754933963367,680.029678528358
20161026,435,32,719,136,10.52343313018019,7.470997688265446,118.00556918155436
20140428,97,69,865,146,8.356463648106345,17.463978840799747,120.1795575110939
20171231,82,82,946,649,30.538778437574404,35.1182715690565,583.3429499933691
20180206,940,6,706,277,41.194069274611216,22.17911383252171,213.62681689286705
20210830,896,22,939,587,56.54640629707919,56.40645534870194,474.0471383542189
20191029,628,40,467,211,16.91464035018736,12.60292656770445,181.4824330821082
20211102,267,23,430,140,11.222797111847763,16.19408900914233,112.58311387900991
20180722,593,46,392,152,12.28544446405094,7.73172311949744,131.98283241645163
20160206,896,91,322,983,58.20953082971292,134.82728097223088,789.9631881980562
20220306,914,17,861,256,15.75573735213871,34.694350625264946,205.54991202259635
20170411,94,1,990,253,16.100570345024305,36.42241310936298,200.4770165456127
20210507,997,79,440,442,28.40664863613472,51.69100339032617,361.9023479735391
20141010,976,38,460,791,96.43218251399327,105.41780976130426,589.1500077247025
20240614,625,48,189,585,46.76936680181663,29.95485727905246,508.2757759191309
20170913,346,8,130,249,25.940736443812316,30.572693192505934,192.48657036368175
20240413,734,33,196,685,87.69856211289782,41.81428586488233,555.4871520222198
20200820,930,31,143,437,63.912430453548836,33.16339713360329,339.92417241284784
20141101,929,97,222,716,48.82739862566579,70.45667089782091,596.7159304765133
20240225,986,100,147,598,76.50736191435382,53.08355766137034,468.4090804242758
20230402,323,47,146,379,20.962306086336202,30.403772170218048,327.63392174344574
20170213,369,86,955,547,14.51781239259361,59.88310182548361,472.5990857819228
20201030,55,90,553,384,13.406310104373734,46.1965281184858,324.39716177714047
20220214,393,7,416,205,13.472821151024643,24.951541789732275,166.5756370592431
20151116,272,71,316,295,43.58047743108499,23.55557655813803,227.863946010777
20181028,826,73,76,504,37.264978920819686,30.35471691693034,436.38030416224996
20180408,623,36,39,848,22.569975481233637,63.96408665502856,761.4659378637378
20140113,619,62,722,504,48.42953264478094,56.09860710149217,399.4718602537269
20211105,684,24,284,246,25.54479550159641,15.015140003542195,205.4400644948614
20140101,257,86,825,551,69.90714530084767,59.72908345880357,421.36377124034874
20210220,811,88,214,836,69.06345990844208,51.02957415956476,715.9069659319931
20180312,872,99,130,163,14.604594668661967,12.034562173128043,136.36084315821
20150831,681,89,672,583,36.31951350913874,82.33368690802659,464.3467995828347
20171029,484,76,344,841,81.74314245104938,45.37603174143455,713.8808258075161
20200529,932,39,879,735,32.128959017795694,92.23165474238446,610.6393862398198
20180408,863,83,940,268,27.607833796645323,29.66508300971593,210.72708319363875
20140707,382,44,252,554,71.52696969650593,29.67100636249164,452.8020239410024
20180519,990,80,604,211,26.0169228310264,28.922161639144043,156.06091552982957
20180307,194,14,453,694,99.79576457574728,77.72855063974097,516.4756847845117
20151116,503,46,34,481,13.050012498925232,25.4297522260091,442.52023527506566
20160915,993,49,921,503,51.935606820374275,62.04933955912854,389.01505362049716
20180418,259,83,650,127,5.387434501648933,18.40218749104315,103.21037800730792
20181225,930,58,401,352,35.216360346878375,50.77679208509683,266.0068475680248
20190126,581,100,951,963,35.8912917319179,80.20259457796894,846.9061136901132
20201031,535,47,552,774,37.15695529314632,63.8654247483711,672.9776199584826
20150119,495,85,377,550,44.76492215329767,55.65211598552806,449.5829618611743
20181103,875,22,772,597,43.698353487701354,51.714305487760484,501.58734102453815
20171020,699,59,507,543,19.929491420468704,67.13586765035768,455.9346409291736
20150725,679,57,839,654,17.231877362050888,57.10504542118119,579.663077216768
20140807,135,34,13,390,38.121691929832245,28.082182010911193,323.79612605925655
20170321,401,23,971,851,110.35465991073079,90.872416331983,649.7729237572862
20210424,784,83,993,506,46.68983518858058,50.434388138676226,408.8757766727432
20220711,46,97,399,675,34.62531150799054,36.73041357097066,603.6442749210388
20240315,710,85,686,996,102.08513582626222,120.97425799765101,772.9406061760867
20140309,944,72,472,447,13.40875564121097,55.973925304240275,377.6173190545488
20220509,177,40,343,919,107.17775937141853,57.818228527679366,754.0040121009022
20190612,403,70,75,369,12.153403057038949,45.97693796237306,310.869658980588
20210427,750,75,764,352,31.99034781740211,37.55688711602667,282.4527650665712
20181226,476,70,358,408,8.717498845463131,45.19686779272082,354.08563336181606
20150510,865,64,966,365,17.199201533677485,18.645964562494555,329.154833903828
20190725,501,2,959,401,59.82710888734245,53.06639705595415,288.1064940567034
20180721,707,43,810,474,51.932869942674444,61.88323156259703,360.1838984947285
20220814,493,23,49,726,18.946094283932442,46.684192691858534,660.369713024209
20221030,483,23,19,664,44.63533060881801,37.47991666019796,581.884752730984
20230228,799,71,53,415,57.23702717058135,44.09658192893034,313.6663909004883
20141209,889,21,455,959,129.37840712443094,126.73684810938899,702.8847447661801
20150616,16,91,494,964,34.62555274849778,60.9144933675554,868.4599538839468
20221113,326,31,895,201,27.14163060285946,11.376615274570069,162.48175412257046
20200120,991,81,403,700,18.46293375419816,48.30133061152412,633.2357356342777
20190506,322,7,66,196,26.800135775955933,27.32769167615854,141.87217254788553
20141102,515,67,698,418,19.76348466789891,61.87220053554745,336.36431479655363
20190103,25,36,14,800,67.38530633187331,92.32790713099594,640.2867865371308
20210411,592,46,947,334,40.57335075644461,42.02509577578178,251.40155346777362
20180106,504,3,837,778,75.09488465817651,40.31459049116262,662.5905248506608
20170211,899,51,519,408,42.490901632521854,41.79700886138541,323.71208950609275
20161006,136,73,394,276,18.95169691814085,21.83183030921981,235.21647277263935
20180625,591,23,922,492,26.97617175715413,58.077042718737395,406.94678552410846
20150422,490,34,751,331,17.5991506480726,22.679453860585223,290.72139549134215
20160303,583,51,918,669,38.32497125808673,92.0208288194752,538.654199922438
20230211,40,93,62,938,76.72707024139527,138.43579156903286,722.8371381895719
20230125,83,100,51,823,102.5385038040219,75.78661799360445,644.6748782023736
20210921,539,76,129,993,27.709186659251774,72.77220414191432,892.5186091988339
20171015,313,63,583,996,146.32827992431444,87.19051650554832,762.4812035701373
20161212,63,93,23,434,42.434739768412655,31.88057832538962,359.68468190619774
20210124,650,57,316,755,59.03147423403561,70.03489049670964,625.9336352692548
20160208,999,50,327,212,22.95191591871647,30.583645607953024,158.46443847333052
20200806,15,15,178,862,128.9106976622798,90.63535882330791,642.4539435144122
20170601,853,13,447,152,5.563458158367528,18.687541990135298,127.74899985149717
20200320,731,77,15,664,86.64942389456968,45.42836250383674,531.9222136015935
20161209,91,93,27,571,74.25928875089089,38.51232984310795,458.2283814060012
20141210,145,90,891,153,22.631525748636236,7.95012400333059,122.41835024803318
20160902,811,12,758,542,77.08297051619769,76.67703853445566,388.23999094934663
20150830,957,58,504,563,11.3909570389798,56.2748845550771,495.33415840594307
20180418,326,21,37,635,25.02191735327991,37.03484900965438,572.9432336370658
20180210,723,18,209,451,19.531294870118206,62.57900331025181,368.88970181963
20180723,752,100,883,147,7.342605784576493,14.181437472633878,125.47595674278963
20200518,704,82,52,445,9.361530247913876,63.62411471581035,372.0143550362758
20230310,811,87,509,277,16.15993809033666,14.584474675418164,246.25558723424518
20230201,677,13,276,253,11.052418116313124,13.671887687175335,228.27569419651155
20180916,592,86,861,410,31.989789416694695,34.42032933022179,343.5898812530835
20210206,187,14,520,533,38.31944198743762,61.491619220376464,433.1889387921859
20170917,683,95,660,385,32.22169599213069,23.269507664956475,329.50879634291283
20170810,312,57,721,431,38.45143828469528,27.74587128738543,364.8026904279193
20231126,464,84,253,407,13.883305655164365,38.50416537593604,354.6125289688996
20170524,512,98,708,979,47.19421242691986,61.93273558798627,869.8730519850939
20190621,135,98,210,765,78.4849569991134,65.8077471556467,620.70729584524
20170828,335,51,633,482,44.16834279673158,31.826181745207737,406.0054754580607
20220820,284,9,233,348,22.834846652262172,41.96658132880214,283.1985720189357
20150515,891,5,565,701,60.905806882259846,82.38740285203804,557.7067902657021
20160103,728,33,119,559,18.497212597508906,79.84411709278608,460.65867030970503
20190317,552,62,852,805,117.16196851490277,76.23332098234272,611.6047105027545
20220329,484,34,483,169,16.18369420353401,10.167791467350433,142.64851432911556
20230916,805,21,638,224,13.09099603706433,14.272622134175172,196.6363818287605
20170610,614,64,962,200,14.147951163190042,16.482143571201348,169.36990526560862
20210401,957,94,797,578,84.46298259668025,70.04158673228021,423.49543067103957
20210201,514,4,997,486,46.94720292419756,67.9497748679686,371.1030222078339
20140629,842,61,931,298,32.91281908764268,42.88730383275032,222.199877079607
20190410,552,76,333,580,79.95737752103994,47.728120498673896,452.3145019802862
20211130,692,100,10,459,17.7822368658184,38.394902748946315,402.8228603852353
20140515,898,36,479,536,32.11200140028775,72.07724581659983,431.81075278311243
20180821,260,67,994,943,60.58412963350409,104.83291334050664,777.5829570259893
20160718,910,100,885,971,63.08641763515566,81.01731600963201,826.8962663552123
20220427,458,5,931,405,49.82139919704163,32.86006775922188,322.31853304373647
20181103,94,32,865,791,41.6082113899245,46.40094175932855,702.990846850747
20220504,205,50,389,156,23.106300098062174,9.383722451665943,123.50997745027189
20221127,272,28,84,286,9.592996287210847,19.33513072233007,257.0718729904591
20150708,553,78,435,302,21.337006308686064,19.34728557791754,261.3157081133964
20150126,901,93,255,232,31.567470236542693,21.112129698899164,179.32040006455816
20190908,643,66,640,826,36.79163811658262,41.73394187088427,747.4744200125331
20210715,963,54,665,721,96.9072094544425,82.04924794337668,542.0435426021809
20140125,398,11,28,609,20.26720225019936,77.68068103836104,511.05211671143957
20141104,676,72,618,657,96.25148704890333,79.0343087070486,481.71420424404806
20190621,213,21,385,652,57.564217743314515,68.65064848584993,525.7851337708355
20160531,376,17,402,489,62.795185952188625,51.073574776482225,375.13123927132915
20180520,168,81,858,685,37.86783004848502,62.09459712419689,585.0375728273181
20190523,364,77,402,942,89.03376547742901,130.06015348024286,722.9060810423282
20180809,279,18,641,230,13.675329553068043,25.16067586463793,191.16399458229404
20231122,306,46,459,841,47.14471196416771,55.93377258073382,737.9215154550984
20151030,705,75,396,569,48.500920258558615,40.09111163725089,480.4079681041905
20230101,110,38,404,276,21.25374439697482,22.199983571540834,232.54627203148436
20140222,155,93,423,621,92.3246173517408,74.4467424767762,454.228640171483
20220504,900,3,671,483,42.83585278155441,71.8560046983428,368.3081425201028
20190717,739,35,969,416,39.36675019485951,47.482366546996005,329.1508832581445
20191230,716,60,338,674,41.28145615750887,93.90925823773068,538.8092856047605
20210219,438,14,52,898,114.20702712400721,90.30476261609721,693.4882102598956
20150316,745,47,26,825,58.40105868478649,81.62662431589666,684.9723169993168
20240520,911,34,995,847,57.530926286889716,111.3148907601303,678.15418295298
20160302,997,99,395,581,86.21486516422624,71.66085740716119,423.1242774286126
20190803,495,82,300,187,3.7823795617127636,20.69358442904786,162.52403600923938
20230917,483,79,350,629,84.64134195042207,76.15313368281521,468.2055243667627
20170810,471,13,115,873,101.87716561094514,55.41307588999642,715.7097584990585
20231018,561,27,604,206,15.43040911045902,16.150871563864076,174.4187193256769
20220219,466,29,158,125,16.51628508177533,6.586152169969698,101.89756274825497
20200206,481,75,759,336,45.18271641091588,50.29638707946755,240.52089650961656
20220629,380,45,603,187,22.72247968360923,22.025374145511808,142.25214617087897
20221009,255,98,892,540,67.97540962622455,48.0444915779765,423.98009879579894
20190812,587,20,401,144,8.17039593696799,19.711733363655995,116.11787069937601
20170813,579,93,202,462,46.68679097626171,61.951063939372865,353.3621450843654
20211023,432,81,688,724,60.179084215097134,36.76521193640237,627.0557038485005
20240405,490,92,269,271,36.40770438970374,13.968013991312963,220.6242816189833
20160506,797,89,176,355,28.829423091158606,34.4906881527837,291.6798887560577
20190925,181,42,113,737,28.83307777050311,49.70657171910425,658.4603505103927
20150125,473,88,92,884,95.39919970094884,76.49626924177835,712.1045310572729
20210224,316,25,735,412,8.895105848316522,46.0367615137173,357.0681326379662
20150601,25,54,399,887,87.84118450178656,98.21695545537091,700.9418600428426
20150725,352,19,417,883,98.22126258025912,119.95474664203905,664.8239907777019
20210224,667,76,359,103,13.976904996086914,10.105826215592087,78.917268788321
20160728,439,98,319,209,19.896902630398582,30.437775623129195,158.66532174647222
20190223,912,41,657,861,61.09827188212609,117.22232348259215,682.6794046352818
20140105,936,17,109,929,65.52602914783431,88.79489177699482,774.6790790751709
20210302,313,80,360,373,46.79145186740678,40.71668221798114,285.49186591461205
20210831,877,5,254,692,34.507615373406566,45.103571363021544,612.3888132635719
20240702,776,44,506,495,34.31036602522894,63.19384998421279,397.49578399055827
20160111,609,28,456,453,49.25945973553553,59.197389661743735,344.54315060272074
20181009,254,95,479,130,8.90027619302548,12.892380219082035,108.20734358789248
20190402,536,89,599,859,98.22994150366887,103.67946719406198,657.0905913022691
20150905,654,38,17,158,20.990995371995183,21.093513545253156,115.91549108275166
20230411,420,19,380,547,72.96420797824739,42.41770545825761,431.618086563495
20141213,970,90,834,316,22.007131654002993,35.12297004780323,258.8698982981938
20211003,272,55,319,312,38.74210559833503,16.39632737163535,256.8615670300296
20221001,668,58,51,876,46.858860975182665,122.38140441004373,706.7597346147736
20150204,713,100,448,297,27.754282269722506,37.2964036147106,231.9493141155669
20170626,757,46,627,962,63.24988542550607,67.7111753211108,831.0389392533831
20150201,955,34,66,259,13.206876950244544,28.085243676457907,217.70787937329754
20170206,674,24,336,183,24.3028838124735,14.078827672979088,144.61828851454743
20240128,910,90,567,180,26.1702191819032,12.311420570204879,141.5183602478919
20141119,892,54,350,817,58.38184185951272,71.90999727423906,686.7081608662482
20200925,561,35,860,552,39.481335674189765,54.73296216178393,457.7857021640263
20170907,645,84,304,465,32.71359186503211,31.225797249096594,401.0606108858713
20200620,791,95,583,316,7.570666911959946,45.33265811931915,263.0966749687209
20160605,668,64,10,804,16.20218394989672,44.75287833373261,743.0449377163707
20151201,727,36,974,416,25.725817406558285,55.213545166832446,335.0606374266093
20210901,376,88,613,155,17.102854129125966,7.886937184572324,130.01020868630172
20180611,669,2,323,860,128.05154084880385,64.95678458712733,666.9916745640688
20240126,264,38,630,423,43.27281555311073,55.47984671966825,324.247337727221
20230929,889,47,512,180,13.752371136575874,17.393428805610547,148.85420005781359
20161016,741,35,894,340,33.45940775892114,34.71532526132484,271.825266979754
20171014,793,78,99,586,55.79603285735552,46.70828807300085,483.49567906964364
20170114,539,12,318,299,20.019376975492005,21.624676045098898,257.3559469794091
20240129,535,44,226,262,39.00650276883066,27.349037936345695,195.64445929482366
20171120,298,33,947,705,67.6161251262939,74.3456152492779,563.0382596244282
20190418,25,16,253,984,56.60527637103564,102.35185560806359,825.0428680209008
20240614,903,2,343,187,27.14935581408591,23.52030760984526,136.33033657606882
20141202,576,21,556,863,114.68462949901576,55.91272363486466,692.4026468661195
20211220,942,60,920,649,50.38878759014696,51.68714481972804,546.924067590125
20170919,180,57,193,663,65.18103270978487,54.02913718122968,543.7898301089855
20161007,669,73,342,904,62.73228129924253,128.04134396775032,713.2263747330071
20170825,287,56,540,270,29.199191161831777,23.052643256184776,217.74816558198344
20141002,387,86,550,899,56.629391753620055,90.31395751620698,752.056650730173
20190331,557,81,590,461,28.796933652755737,58.325481267019505,373.8775850802248
20220113,639,38,692,714,80.06066894443113,77.40833616070039,556.5309948948685
20240416,90,24,201,956,86.62242869196622,115.87843466937349,753.4991366386603
20180729,220,89,189,720,48.58163995008705,72.86534514908696,598.5530149008259
20210410,486,36,794,273,32.194336362582234,40.54683706714944,200.25882657026833
20210215,186,23,735,595,77.41192270666338,44.30601655564796,473.28206073768865
20170513,625,17,458,661,73.12111755935432,55.67570043991426,532.2031820007314
20210404,66,56,118,950,20.65154800177164,114.82288090600898,814.5255710922194
20230130,966,24,640,573,53.68360285895347,66.49800805647122,452.8183890845753
20201202,590,1,372,507,56.402274027904866,69.192023258799,381.40570271329614
20180505,374,15,34,533,59.64933026053796,58.227588983869694,415.12308075559235
20210223,275,4,549,414,59.789711469276696,61.07230213281129,293.137986397912
20210920,651,57,734,436,50.667788359330615,60.26450944190541,325.067702198764
20240128,778,27,616,624,61.04556396914079,72.36905641210134,490.5853796187579
20210606,881,35,726,452,48.08619311017204,55.87692042125913,348.0368864685688
20231101,424,59,937,522,14.600001567177774,41.91983555669499,465.4801628761272
20230415,707,45,108,832,69.87446265672867,74.26361494014672,687.8619224031246
20170917,967,26,984,442,54.42467466374905,45.97303431823316,341.6022910180178
20231012,354,91,115,228,34.154787532153584,21.541997137052295,172.3032153307941
20200320,725,4,991,281,33.505619868941174,19.038378464936407,228.4560016661224
20201201,17,35,103,160,20.3775461807134,22.01816289434295,117.60429092494365
20180731,84,41,425,379,9.438517959845411,27.243937870459117,342.31754416969545
20171111,692,72,725,271,19.756926936373134,26.433228428676575,224.8098446349503
20180624,301,38,177,639,79.83450254326836,40.90947270328827,518.2560247534434
20180128,658,10,729,738,17.936368079877145,86.73484705139639,633.3287848687264
20140930,216,90,166,350,50.896173483649605,28.22422098638945,270.87960552996094
20170719,374,66,519,213,19.856041516174113,31.2903290779434,161.8536294058825
20200722,858,63,418,480,17.38985288277412,25.503818361239475,437.1063287559864
20230507,708,8,332,469,42.00008654391927,63.22262685706324,363.7772865990175
20220602,805,70,437,571,22.46421304307012,83.41898167785256,465.1168052790773
20170904,217,50,216,467,44.107796375837154,55.13781283863052,367.75439078553234
20150211,331,8,623,430,14.93034443197124,29.50765116539291,385.56200440263586
20200224,653,29,829,479,50.551207245070195,60.63599824403084,367.812794510899
20140721,495,69,854,351,7.5770067653821265,50.558516747120194,292.86447648749765
20190921,207,98,270,352,16.87495366161395,22.377556248279898,312.74749009010617
20160406,68,14,653,975,41.15675779917629,105.84922507716365,827.9940171236601
20230419,726,82,249,140,8.430169689261444,12.153086347349813,119.41674396338874
20140928,576,21,551,449,50.71847075698567,52.212878720280386,346.06865052273395
20220330,728,100,193,927,60.92604062533802,121.01512792188765,745.0588314527743
20150502,181,16,628,802,50.64731764893488,75.90754782773021,675.4451345233349
20210620,504,47,972,674,19.131189865936626,40.440781922161534,614.4280282119018
20170507,462,67,666,109,3.0540699869771952,13.07725044346809,92.86867956955471
20211009,456,34,63,907,48.81004388885798,82.968314644166,775.221641466976
20180210,601,89,396,540,41.62046972550607,41.791729916620184,456.58780035787373
20161201,853,24,520,353,12.87160808386414,45.851697472955685,294.2766944431802
20140205,862,3,236,851,120.94776542115575,90.52099602073143,639.5312385581128
20151122,788,54,113,973,98.30021543185036,92.72060121135408,781.9791833567956
20230503,521,28,255,467,59.581316333940755,34.65530873318742,372.76337493287184
20170210,663,23,419,884,31.90234814560291,132.19585921712726,719.9017926372699
20210329,604,70,804,251,21.200658506915268,35.29993326732733,194.4994082257574
20231126,130,58,192,722,38.10744925654713,65.81479667906464,618.0777540643883
20170223,722,85,594,522,67.92115138514794,57.760423852621244,396.31842476223085
20200106,209,12,145,537,27.790703057426608,63.984711618446205,445.2245853241272
20210129,351,7,864,199,25.455913673798143,11.293697927824372,162.25038839837748
20230818,18,18,832,710,61.11942113315631,94.5144347122778,554.3661441545659
20150518,853,46,315,242,6.512827321565392,17.765204525787365,217.72196815264724
20240620,638,88,649,424,53.39022929304912,39.933609192915085,330.6761615140358
20151105,54,24,705,664,13.764666832391233,98.30893419926839,551.9263989683404
20190928,899,89,115,773,95.28725503141605,91.31768304461431,586.3950619239697
20210506,65,73,301,500,54.71734745531368,67.04518491465153,378.23746763003476
20220410,609,11,233,727,90.36668229012726,73.46825468552268,563.16506302435
20220313,334,49,165,949,138.80067546176923,140.94283856664097,669.2564859715898
20230602,286,89,367,966,141.92644072165808,72.65543114637804,751.4181281319638
20210515,405,100,39,247,12.54896728739781,27.393117784077077,207.05791492852512
20200424,536,2,618,607,69.97568711843603,66.8789568156603,470.1453560659037
20140814,998,65,527,671,86.50272846904925,78.3208329908167,506.1764385401341
20180321,697,100,787,761,112.24544987830738,87.36424199982791,561.3903081218647
20210424,717,59,882,336,17.704913621366998,49.707697947712376,268.5873884309206
20220512,204,75,357,412,37.365449773470026,54.797874968611005,319.83667525791896
20190406,187,52,561,553,29.0186780328887,71.55568093808215,452.4256410290292
20210130,643,97,112,614,30.95998148006889,41.98207018700699,541.0579483329241
20220427,559,2,731,126,18.461340698582454,7.132409175650637,100.40625012576692
20220730,101,68,866,250,26.28442098083545,33.119388732022486,190.59619028714206
20160531,155,76,113,969,72.59907560574725,50.83481723379783,845.566107160455
20240425,791,51,305,835,17.45264492964568,92.9854007675587,724.5619543027956
20140520,722,75,748,433,62.16348887742181,31.73157001008386,339.1049411124943
20140823,341,86,959,926,26.645366772735628,117.72151825893849,781.6331149683259
20240213,781,27,503,107,11.561620832225337,15.129520230822209,80.30885893695245
20170609,315,75,682,560,25.889530455680642,46.62195742754158,487.48851211677777
20160830,796,42,583,625,65.58872223440618,78.34752651685997,481.06375124873387
20190618,51,58,114,529,63.72152700193735,36.90584212056387,428.37263087749875
20220710,361,11,262,678,34.678676862449066,92.16231351909715,551.1590096184538
20230404,508,74,295,209,31.235711836713747,11.037283460116786,166.72700470316948
20141206,555,80,11,973,26.691992473342772,91.32023275512573,854.9877747715315
20191125,736,71,72,677,63.289033745706,66.58322864942684,547.1277376048672
20200309,403,41,531,147,19.919157168774106,18.38856839026521,108.69227444096069
20240321,538,93,824,382,37.23145853392006,28.568174486802285,316.20036697927765
20240226,906,40,427,602,18.93744522125012,51.89942998039801,531.1631247983519
20160926,587,60,236,421,44.04052411560694,45.92171747680579,331.03775840758726
20210324,753,96,747,263,6.4116037679634905,13.842175128473547,242.74622110356296
20141112,93,4,841,782,99.71137050949059,78.25765755351462,604.0309719369948
20231122,533,6,797,390,16.866764313770542,33.35225408395791,339.78098160227154
20140815,1,36,230,309,10.777295948484145,37.72353117740199,260.49917287411387
20180716,806,89,530,193,24.217896125269213,14.22052710092025,154.56157677381054
20140223,814,38,442,714,70.45076271752593,53.9399502731749,589.6092870092991
20171031,292,11,487,179,10.478773403847123,25.36791347184995,143.15331312430294
20240216,321,71,543,666,81.08989494924958,57.41790250199982,527.4922025487506
20161128,646,54,448,563,62.67358650188537,70.67112373715021,429.6552897609644
20191214,201,67,617,1000,56.84208333892335,136.65239145644887,806.5055252046278
20181201,744,78,36,587,79.69426500074398,55.918727331619756,451.3870076676362
20211114,173,58,688,671,41.602179160369374,98.13092994996865,531.2668908896619
20150721,511,97,577,499,30.61035944465548,60.068745137354405,408.32089541799013
20140621,727,74,829,201,8.838595153243983,26.854519695106536,165.30688515164948
20140221,949,22,37,785,83.47439887898877,102.24127094266512,599.2843301783462
20220510,600,68,303,127,12.571560608492097,10.129508352648722,104.29893103885918
20150811,178,26,783,638,14.96290408417423,56.26586682922257,566.7712290866032
20240125,928,45,563,340,25.263545297983033,24.803166701965964,289.933288000051
20191217,157,44,283,635,69.27615434200098,68.59168203341086,497.13216362458815
20190129,331,95,230,859,64.6386161601263,121.79048073941199,672.5709031004617
20190530,520,39,313,643,65.94235729529579,67.17344224182875,509.88420046287547
20200509,91,58,307,922,95.79127476714297,83.57324054475106,742.635484688106
20140425,216,40,316,374,33.778839585869385,28.686582875681683,311.53457753844896
20220704,281,62,323,467,13.081131048881947,68.02644836781282,385.89242058330524
20200927,973,27,258,981,51.11877308627713,56.86372198354093,873.017504930182
20220601,223,76,941,495,72.47998522584511,31.861585989063865,390.658428785091
20180411,458,49,39,164,3.869965447983085,14.984631481103511,145.1454030709134
20170401,98,20,128,601,87.9424831294863,71.48409638710412,441.57342048340956
20230609,681,7,252,518,53.95668981701547,75.99486519408887,388.04844498889565
20181007,572,5,244,367,39.60030899953095,37.1577724937906,290.2419185066784
20170124,410,83,886,824,121.72873513693473,52.11572098256625,650.155543880499
20141005,972,68,601,397,26.056467069177796,52.265037554349824,318.67849537647237
20200909,986,44,643,226,27.607726720362905,29.677732864528803,168.71454041510827
20231114,49,5,154,469,21.15207605557431,32.689066252453514,415.1588576919722
20170806,767,25,821,809,58.26763136853267,70.64871068206948,680.0836579493979
20200627,573,55,320,524,74.32891979602817,74.73567291841299,374.9354072855588
20220306,980,37,741,272,12.360780294656376,37.64075408786749,221.99846561747614
20220914,587,100,509,629,79.03831892338513,84.3951911056022,465.5664899710127
20140909,985,14,457,393,58.37950834820665,21.19208513651263,313.4284065152807
20200415,147,68,893,624,79.42739708532339,84.84106595060936,459.73153696406723
20140909,487,33,761,262,19.241168338193702,14.678429729960794,228.0804019318455
20170226,504,49,614,753,35.87670229005475,109.48401730224188,607.6392804077034
20140923,315,82,488,125,18.39490549610818,18.30608698512697,88.29900751876485
20221003,841,72,34,105,10.901820658510559,9.502121572183041,84.5960577693064
20161007,181,73,227,314,30.083486468124764,18.39676562793592,265.51974790393933
20220319,132,89,612,623,88.65943025691287,35.600290234326174,498.740279508761
20200830,844,83,382,970,122.1281298903891,81.09508247605287,766.776787633558
20240503,681,78,744,892,131.1867691055821,112.18610159148056,648.6271293029373
20160209,116,58,620,316,46.363823877164144,39.66844274918734,229.9677333736485
20200702,99,57,272,564,48.09507918151501,76.50270394516788,439.4022168733171
20200302,55,40,15,550,40.261124765630235,27.666436295244477,482.0724389391253
20230617,304,86,649,502,72.30865921656509,38.52886782899073,391.1624729544442
20200407,705,91,989,987,20.95807678504328,133.57180724558123,832.4701159693755
20140316,343,69,538,465,33.1903456606355,42.961763017564664,388.8478913217998
20161029,596,29,600,187,27.042280847445905,22.77722104672309,137.18049810583102
20210928,917,23,291,888,21.32174078898708,131.1213223603141,735.5569368506988
20200825,332,66,559,258,10.212353563287975,13.813574192585937,233.9740722441261
20200526,884,27,275,516,58.585357603337634,52.92052780415912,404.49411459250325
20200606,244,43,886,810,73.10716363120672,76.86084999353378,660.0319863752595
20140911,485,44,645,470,49.16262788124698,42.5567833029661,378.2805888157869
20180417,621,44,301,131,8.639458299945801,8.053322940333027,114.30721875972117
20170117,820,12,306,565,50.78036623132167,64.46370464154555,449.7559291271328
20221015,659,14,398,394,43.824812965986354,43.49833418427974,306.6768528497339
20221231,265,91,619,971,105.99269884725148,118.05044152841235,746.9568596243362
20220228,64,46,156,845,109.39359678678592,65.93201896900005,669.674384244214
20170502,1000,98,907,849,101.24156680475367,84.68508964508682,663.0733435501595
20170721,990,93,687,903,90.42141418352496,64.84860752617742,747.7299782902976
20181005,847,51,456,730,98.4889889927663,97.73991599274348,533.7710950144902
20211215,550,45,130,205,4.315036335524384,23.904435308812793,176.78052835566282
20140402,581,69,955,820,17.00302523515571,81.17930672767608,721.8176680371682
20180611,845,17,484,199,28.17287093376688,11.860418554984431,158.9667105112487
20230801,63,23,998,653,67.47643183055683,60.9338888448333,524.5896793246098
20210521,185,54,156,265,17.6483527311561,21.89231061580758,225.4593366530363
20211227,338,64,203,934,92.08991585323834,97.31454075924894,744.5955433875127
20180804,819,71,509,104,11.535191316919125,13.920188800879057,78.54461988220181
20210301,551,98,587,793,45.63377486010875,100.7268244059732,646.639400733918
20180401,636,5,34,499,15.789808731617029,38.24834015520946,444.9618511131735
20211005,759,27,144,525,43.77955303371631,29.385833673723308,451.8346132925604
20200224,479,62,613,504,35.85840474315418,50.37451894484553,417.7670763120003
20210601,717,22,166,670,66.43214285851094,90.23638624217811,513.331470899311
20170720,879,26,481,268,25.408215607026545,37.964538494435125,204.62724589853832
20170625,729,71,44,470,26.1983948567833,24.174088878741014,419.6275162644757
20230110,24,70,479,536,32.44872765454628,75.86423094685591,427.6870413985978
20231113,61,81,787,145,5.294408372411478,19.19156299875754,120.51402862883099
20220317,380,3,455,636,77.11751325986343,73.49400550017114,485.3884812399654
20191206,789,19,254,893,25.849189802267855,89.95127424226511,777.199535955467
20141117,239,57,200,627,30.58072697860519,49.88611450082234,546.5331585205724
20221127,526,63,926,347,31.090567058283884,43.88422772391506,272.02520521780104
20210404,358,80,924,684,45.835395845045696,49.48157352978988,588.6830306251644
20231101,364,76,374,599,48.1030194151595,42.84078041139797,508.05620017344256
20170324,69,89,700,838,44.64716808199711,125.51003117117519,667.8428007468277
20230317,395,44,444,690,47.39413915757862,77.84138348001964,564.7644773624017
20171217,721,67,268,312,25.121214598564087,17.259555852280958,269.61922954915497
20230915,442,13,570,403,29.829843174212705,30.074454983619816,343.0957018421675
20160416,235,5,479,824,83.75091758869216,77.06589374330434,663.1831886680035
20171021,255,95,563,457,40.676192999585126,44.44211504533564,371.88169195507925
20170621,765,33,876,144,6.098263712254013,19.179843430612802,118.72189285713318
20181227,180,5,353,589,66.99530924919505,41.30109123892963,480.7035995118753
20240513,67,36,405,194,26.10928461844392,11.67325331465068,156.2174620669054
20150426,850,25,685,472,42.71101216959752,65.09018847493917,364.1987993554633
20201113,3,88,18,199,5.660793500017365,22.411382394630916,170.9278241053517
20180905,978,42,431,582,38.07236233320753,81.57223812772254,462.35539953906994
20140330,243,48,429,623,87.3674374761811,76.18235545599939,459.4502070678195
20170410,840,3,552,396,51.8651470815101,37.50937129713022,306.62548162135965
20210906,927,88,298,327,43.5695097531424,44.58653023033918,238.84396001651842
20140410,308,67,941,313,12.953509964490703,25.997947914015906,274.04854212149337
20180217,560,39,375,561,58.033995262476,79.98237734473057,422.98362739279344
20161027,428,66,990,948,81.72416489667248,98.42795927944034,767.8478758238872
20200117,169,43,835,214,14.272829417162514,15.967053754090879,183.76011682874662
20210101,59,61,636,201,22.204342476230686,17.79285423677229,161.00280328699702
20151224,857,100,152,890,21.956030875764668,82.01146054829744,786.0325085759379
20180131,630,100,162,142,13.080203983983665,11.966384796054394,116.95341121996194
20210223,759,59,227,642,59.95486173605052,35.49777186977699,546.5473663941725
20221005,21,46,192,109,16.082043997409855,5.4815211804629955,87.43643482212715
20220201,296,40,864,427,48.85421070325024,38.20208813067859,339.94370116607115
20140114,276,70,433,474,63.18931822008938,39.640190372268904,371.17049140764175
20221031,886,63,283,251,32.99226527026087,36.95071242368659,181.05702230605254
20221003,879,99,649,481,61.459406946118186,38.71425127512724,380.82634177875457
20210724,551,40,640,772,26.29820331532027,84.31169801191912,661.3900986727606
20180416,930,69,798,687,21.481037480672377,54.00074551320681,611.5182170061208
20191104,268,92,868,116,10.78911979530552,16.67182941286557,88.53905079182891
20181225,576,1,790,429,40.63809135891825,33.545346358116475,354.81656228296526
20170328,241,77,887,401,13.407817108600764,45.093293591404255,342.49888929999497
20150315,456,31,331,902,88.23871719903298,49.98443698910718,763.7768458118599
20220425,241,8,914,960,99.6455268485433,51.187034638893465,809.1674385125632
20161013,247,45,916,731,106.73900335583481,58.301587212177886,565.9594094319873
20150107,600,29,605,116,5.7798655447924,11.896897697104878,98.32323675810272
20151204,922,87,861,188,25.207602732101265,13.766943305194555,149.02545396270418
20160208,548,95,148,734,45.68243297180092,81.8358041952611,606.481762832938
20141111,394,17,176,530,25.70671012651212,76.47961045264289,427.813679420845
20180729,170,79,693,127,14.786301807213752,9.957845614817526,102.25585257796872
20230916,421,84,867,843,106.93660937554942,68.36643803531277,667.6969525891378
20190621,977,36,605,325,40.4934332761334,43.1146265876706,241.391940136196
20160322,275,62,639,498,40.192990749957225,71.38375136094841,386.4232578890944
20210406,997,63,501,891,124.4586776889174,115.27975608884087,651.2615662222418
20140925,72,55,510,503,58.12241918442532,32.0853094998759,412.79227131569877
20200227,293,98,385,184,13.32905920260799,18.96358551804125,151.70735527935076
20150922,117,36,429,234,10.155706721750017,29.583186993756577,194.2611062844934
20160817,157,22,45,628,42.536809673415874,68.93359519493536,516.5295951316488
20150812,575,37,796,250,24.103320925393025,22.95999061261913,202.93668846198784
20231001,404,33,69,709,100.24286282702018,63.307207056355416,545.4499301166244
20170127,816,99,66,243,32.23953785358139,25.62122039271496,185.13924175370366
20150614,520,9,804,448,27.987154700201884,62.9995423346077,357.0133029651904
20160320,722,13,397,496,16.32172618516335,48.075949687118126,431.60232412771853
20240318,920,49,666,975,66.43887731415704,90.7361210598241,817.8250016260189
20150815,943,11,303,128,4.860540356095691,16.311874043724224,106.82758560018009
20230618,440,20,347,880,46.347900548204414,81.15364780527192,752.4984516465237
20140511,544,39,717,631,31.390905357537598,57.53492091840084,542.0741737240616
20160901,153,89,960,337,39.260941415651004,47.17430369574662,250.56475488860238
20170914,559,84,371,441,59.019552712422616,64.08508232155225,317.8953649660251
20230604,923,90,875,687,73.92726081983885,65.32199686520762,547.7507423149535
20210924,554,79,967,312,10.306315209842229,29.079030218371752,272.614654571786
20201024,733,19,808,887,22.58223793080294,118.83094373945114,745.5868183297459
20160425,217,54,234,244,12.95493859513361,20.444994472661083,210.60006693220532
20190220,409,14,236,449,16.00050596796051,61.18741996770677,371.8120740643327
20160111,620,33,66,921,25.326852431700583,91.57818260281681,804.0949649654826
20230502,217,23,333,310,17.005637850912855,37.69583273416324,255.2985294149239
20160402,880,33,243,426,21.69209646033661,25.306621595679374,379.001281943984
20180423,743,89,525,588,67.72017602355307,63.70917806530365,456.5706459111433
20240623,129,46,790,117,13.7317113930472,16.441701241031783,86.82658736592101
20160513,943,81,423,586,51.71087598067908,51.44507799926195,482.84404602005895
20220802,170,16,307,254,6.580647757015601,19.757154285478162,227.66219795750624
20180505,885,87,953,351,21.873665591928383,44.04539520024749,285.08093920782414
20211027,235,43,354,214,5.24664610309923,12.187553575293586,196.56580032160718
20200724,105,61,548,110,10.73073993734064,10.32506424264638,88.94419582001298
20180521,836,74,736,617,73.2607858855694,38.00408860536374,505.73512550906685
20190510,964,54,974,792,60.49861401353411,64.62225401613013,666.8791319703357
20160113,768,100,918,434,34.35813752894089,33.60140431273852,366.0404581583206
20150724,497,59,515,225,7.522113023487536,30.46254663324523,187.01534034326724
20180324,528,48,819,314,44.888624913982305,17.222043293824743,251.88933179219293
20211012,281,11,158,403,20.651573259399676,27.72397504222061,354.62445169837974
20141025,307,40,608,902,83.68690459037059,110.1436219837188,708.1694734259106
20150711,774,75,430,222,28.63953833306614,32.81839144689388,160.54207022004
20150920,997,79,490,651,63.35013641207577,55.89876688079643,531.7510967071278
20180729,159,81,108,759,104.07592492308524,81.5185146758383,573.4055604010764
20140205,686,70,306,133,14.615274226858926,7.309182651489971,111.0755431216511
20210804,512,91,342,684,33.97680872962329,49.087345442941626,600.9358458274351
20221121,139,100,861,380,47.92646095784312,51.560019778478605,280.5135192636783
20140827,473,66,661,880,109.65147788027546,111.15174637562185,659.1967757441028
20210808,824,68,785,171,25.344430407158168,17.234014211512324,128.4215553813295
20141229,70,25,549,1000,130.65731466270304,113.84123344787885,755.5014518894181
20200909,157,69,156,201,18.46876323811768,20.737248294045685,161.79398846783664
20151207,190,14,626,507,46.18987448950033,64.8172677445883,395.99285776591137
20190316,379,52,195,276,37.58169055319538,16.88302026677605,221.53528918002857
20170207,560,99,461,380,14.481815338543077,51.676424442681174,313.84176021877573
20180409,201,28,820,422,29.28313411754273,45.91222230960306,346.8046435728542
20141116,840,26,24,457,42.11957872255427,64.79519490450093,350.0852263729448
20140418,840,61,349,631,67.97694063944132,33.36058230204953,529.6624770585091
20150706,173,18,128,462,44.994741433681924,24.39771977546881,392.6075387908493
20140325,573,56,919,951,96.35117903502125,56.85655569077532,797.7922652742034
20160804,998,23,325,894,70.93884730807697,84.55932087213564,738.5018318197874
20140509,759,36,221,346,42.36400651983365,47.1928355133531,256.44315796681326
20160928,546,16,533,644,57.5904527716609,58.4182735602177,527.9912736681214
20191023,759,35,549,222,8.333121288580406,18.725094303517533,194.94178440790205
20190705,11,84,175,884,30.670571469853094,49.12060053241711,804.2088279977298
20140501,108,61,483,943,61.70691645140479,123.60969217445569,757.6833913741395
20230506,807,19,79,123,16.539248255351495,17.507683929177574,88.95306781547093
20181013,781,31,410,305,6.691896170732692,36.502635934761074,261.80546789450625
20230526,11,87,838,884,57.32702504888473,108.7390245913158,717.9339503597995
20210826,294,16,667,444,14.480250956165284,41.83723306545667,387.68251597837804
20181205,134,85,771,118,3.9638573735661424,12.736534836947673,101.29960778948619
20220123,749,69,322,271,7.3150145271084694,40.02605848980452,223.658926983087
20190823,305,50,426,240,10.252829051478239,20.91344740884584,208.83372353967593
20150130,312,37,203,145,16.588448941274084,16.381523643792843,112.03002741493307
20160704,214,22,970,383,29.614702489206334,44.283276318178466,309.1020211926152
20160304,870,8,930,984,138.14622700595518,63.52034535944125,782.3334276346036
20240407,781,95,624,341,8.708029926673367,41.651788448332496,290.6401816249941
20170910,665,8,483,548,24.327938808241115,34.575300744690736,489.09676044706816
20190802,171,28,308,190,26.012797665173693,9.769093757721343,154.21810857710497
20240607,60,99,555,712,30.540944769714198,49.743114082642,631.7159411476438
20171126,429,45,24,321,28.291247274889773,33.048224884882494,259.6605278402277
20210927,87,56,893,690,22.625914017467014,80.43502646804873,586.9390595144843
20190518,172,94,933,143,9.4467317173471,10.299455560418076,123.25381272223483
20230710,517,80,508,658,55.944501884672725,88.59480003209659,513.4606980832307
20200330,889,38,576,940,97.20795485671098,51.72412033722418,791.0679248060649
20170606,643,60,987,218,7.722061225944768,11.062581738637785,199.21535703541744
20211210,333,14,571,932,83.02894232668558,59.03659827448026,789.9344593988342
20220412,379,70,918,811,45.43970626909045,106.56028718684584,659.0000065440637
20180216,460,20,67,590,85.40171647400754,81.18170671145343,423.41657681453904
20220406,823,68,43,483,15.05431188229157,62.61901253876661,405.32667557894183
20160626,468,98,486,788,63.283785057639555,94.67721766270525,630.0389972796552
20170915,540,79,445,420,49.80459956764975,59.174971840983574,311.0204285913667
20190821,907,83,130,428,60.89934338007023,55.33062741814767,311.7700292017821
20221113,585,67,264,659,50.15483895963518,65.19486566739674,543.6502953729681
20240614,149,51,487,699,44.72702408164195,81.93128579367797,572.3416901246801
20170121,554,6,23,473,70.52123151766105,25.905316740347924,376.573451741991
20210810,987,52,926,313,14.174739015422062,22.642914377068617,276.1823466075093
20160407,550,12,92,197,12.338992635936966,24.9745025865911,159.68650477747192
20171112,704,39,512,644,63.31375170817752,88.12926415885869,492.5569841329638
20170314,609,37,732,479,30.17072950868914,53.60277558826511,395.22649490304576
20160821,338,71,557,209,28.379424709534984,25.659014765198368,154.96156052526663
20240204,365,25,78,446,12.712759285360145,27.41794511450045,405.8692956001394
20210924,618,45,817,286,38.84959860254849,26.996465446750626,220.15393595070088
20230207,242,98,313,452,66.89354655615222,34.91934174755317,350.1871116962946
20150705,723,76,742,669,14.465309703024534,47.93256732079875,606.6021229761767
20221229,729,77,861,699,19.760308575264077,85.92216896885849,593.3175224558775
20161102,113,25,410,958,95.70182589658157,83.39096105772462,778.9072130456939
20140604,825,74,153,133,14.457972379472638,11.773045657786081,106.76898196274128
20211115,998,93,113,181,22.14921149739875,21.667160920877013,137.18362758172424
20160922,640,14,935,973,113.9440770073589,90.54360193993323,768.5123210527079
20190320,635,52,727,208,27.448738635317703,24.10934360049493,156.44191776418737
20190911,364,52,371,172,5.64823810560701,12.547158054240692,153.8046038401523
20140917,550,89,921,290,25.59478378111175,38.286088092150734,226.1191281267375
20151113,86,40,880,948,97.0458257129488,67.78339922833887,783.1707750587124
20161128,264,95,924,773,53.62048358938003,60.03794127574394,659.341575134876
20210926,367,48,952,979,82.0554501729708,56.11712585064907,840.8274239763801
20170601,278,54,660,288,17.72267224503977,28.275264387457398,242.00206336750284
20160510,555,19,15,591,62.43796829245794,68.11160805898697,460.4504236485551
20140715,249,73,979,368,34.77896029277958,31.933157365657316,301.2878823415631
20190829,379,42,734,798,49.2153838799237,93.20621706736412,655.5783990527121
20210727,630,89,773,501,47.088533066981576,38.89948942216323,415.0119775108552
20180118,92,65,763,881,78.2025892403427,71.47834671795079,731.3190640417065
20240704,893,99,989,990,103.50050262908977,86.12144023383182,800.3780571370785
20190905,732,25,764,642,47.08509204681221,73.76736741668931,521.1475405364985
20200416,605,96,251,444,56.68988911322715,29.20631550500933,358.1037953817635
20160519,395,55,849,174,23.41098762617108,20.915383831840433,129.67362854198848
20160208,966,35,184,542,40.58192987873459,75.62393904279149,425.7941310784739
20161223,250,31,89,538,36.01992713285639,44.8167140810171,457.16335878612654
20170801,771,9,468,171,11.358900641927647,23.833314640827275,135.80778471724508
20180401,492,60,937,386,49.43137343613753,30.754394780126333,305.81423178373615
20150623,320,38,382,425,17.721091915059887,39.2206068562159,368.0583012287242
20240419,285,7,801,204,14.055319150033526,21.844697151030758,168.09998369893572
20220307,705,98,282,641,72.44417752233065,72.98983328089069,495.5659891967787
20180406,419,16,475,764,91.51339991675465,42.82393145807967,629.6626686251657
20200809,737,53,64,851,63.11539735141761,87.22738745740101,700.6572151911814
20171025,645,26,817,484,47.7943544485762,53.3834323415699,382.8222132098539
20210218,500,1,226,571,19.017895043016548,79.82525013381857,472.15685482316485
20150313,347,74,92,451,40.176063451329284,52.68799991542772,358.135936633243
20140213,321,13,965,999,91.34245445218762,108.87397538028189,798.7835701675305
20210808,206,8,152,828,55.55713893990761,103.53890619772642,668.9039548623659
20160319,127,3,492,527,42.377967306868875,59.48231433146304,425.1397183616681
20240325,23,91,533,144,7.526653666346013,18.57077718497815,117.90256914867584
20140825,188,23,71,117,16.03720966577808,7.173890152304296,93.78890018191763
20160613,54,87,340,517,33.19222296690693,54.51401710971476,429.2937599233783
20150513,603,80,142,948,121.62095813700327,113.5820510060063,712.7969908569904
20190831,663,11,790,832,57.276505420511086,101.256330601122,673.4671639783669
20140106,729,40,370,335,43.2559730681729,40.61958984418084,251.12443708764627
20190420,340,9,218,488,59.49411925905403,51.81627465632004,376.6896060846259
20200202,258,93,630,386,9.021380005141276,44.57124844252352,332.40737155233523
20240205,267,73,818,903,97.13047248694792,112.42121146397925,693.4483160490729
20150319,978,100,607,443,21.204768337438907,41.694748937115705,380.1004827254454
20240323,898,88,287,776,17.125105079379086,89.36087748120477,669.5140174394162
20211012,212,18,88,406,14.038605214650545,22.77222711227472,369.18916767307473
20240423,3,69,105,129,17.229014612983,9.692271285353192,102.0787141016638
20201028,817,59,510,723,56.83320629340583,95.00196339389406,571.1648303127001
20240329,985,50,860,383,49.10967166418173,31.679382675796983,302.21094566002125
20220720,858,23,245,609,51.74076379382562,61.697646691017,495.5615895151574
20160316,499,73,651,837,98.05727753244854,60.821692711851476,678.1210297557
20171003,67,49,9,685,66.71795396966981,64.78584873949833,553.4961972908318
20210516,818,71,145,228,13.27630479256148,29.848407585256368,184.87528762218216
20150622,764,12,569,790,89.91137296716188,111.82777567576665,588.2608513570715
20140409,22,19,752,668,13.559041834674082,77.5337347686003,576.9072233967256
20220426,411,28,904,401,48.028288087318074,34.84407506197222,318.1276368507097
20160514,977,37,165,502,62.10191711809795,72.65742446522138,367.2406584166807
20140910,526,76,803,502,34.20439940406567,56.826680065432335,410.96892053050203
20171105,194,54,866,303,10.43166169649191,19.48221678876264,273.08612151474546
20150825,338,42,10,470,51.743510569476065,34.50248213479396,383.75400729573
20200806,722,47,42,957,132.53178261659346,136.86625919347108,687.6019581899354
20170305,614,86,331,602,84.90018369234936,42.68401396189449,474.41580234575616
20211102,280,97,885,805,45.05483414859022,110.37215420712326,649.5730116442865
20210826,403,54,857,674,23.12342589712646,82.86735079484978,568.0092233080238
20191027,461,43,133,612,14.4496716382823,34.01462421779282,563.5357041439249
20200528,144,60,314,846,80.90123939822858,82.93249023464709,682.1662703671243
20231005,468,37,429,297,34.6585905200906,18.654519360932042,243.68689011897737
20220825,754,76,791,892,106.8240568214078,118.81581648425772,666.3601266943344
20160306,863,92,965,980,124.12848158904778,133.96406214298997,721.9074562679623
20181219,807,11,490,901,65.04267648046195,122.8287244239405,713.1285990955976
20180911,485,95,569,464,42.82985231082951,56.129856491356776,365.0402911978137
20210402,392,37,453,699,38.97167824804199,92.50368367354444,567.5246380784135
20140901,173,12,356,274,38.09422623775839,39.46336954619125,196.44240421605036
20230314,638,90,928,380,43.42081206658836,36.00449156054876,300.5746963728629
20200112,434,44,304,997,24.755325268891923,60.42541987046491,911.8192548606431
20140109,662,69,361,395,53.996791346142004,30.26096108402322,310.7422475698348
20180417,905,15,104,705,97.11861950880818,62.08022159545522,545.8011588957365
20181210,901,12,961,837,29.63559178866986,115.19909745786268,692.1653107534675
20220313,476,26,262,181,10.848033685795782,25.276803776396925,144.87516253780728
20140908,732,49,818,196,20.975414325086188,22.065730378767146,152.95885529614668
20160112,499,41,156,351,23.895970212783183,49.70286232764619,277.4011674595706
20160123,744,80,714,355,18.91463324595434,50.917178101284655,285.168188652761
20230314,940,18,880,276,22.837559244815882,19.368649247936418,233.7937915072477
20160309,760,59,847,786,82.46526908153638,74.10512045849283,629.4296104599707
20150610,758,28,788,103,8.924314381082956,11.475418450375516,82.60026716854154
20200206,845,41,593,861,105.64544629078165,67.14616452115982,688.2083891880585
20240226,606,43,337,525,66.87628455811942,55.07128929468998,403.0524261471906
20230729,3,37,510,919,62.250232902185296,106.18129839704268,750.568468700772
20240415,19,76,476,765,47.3485229111389,112.93570684538409,604.715770243477
20210314,900,43,261,649,47.95481126966812,51.77653764982603,549.2686510805058
20231105,248,63,784,532,54.244531575765016,64.31657564055126,413.43889278368374
20220525,492,82,64,449,9.592680999188559,42.51351794952092,396.89380105129055
20170423,557,99,139,174,21.678185995473537,9.17214771096983,143.14966629355663
20140504,965,35,979,114,10.91216308228591,15.020945750977033,88.06689116673707
20210323,19,84,438,693,77.18864419079047,49.021173963240784,566.7901818459687
20171227,178,79,813,908,42.30152847286095,51.95161923519291,813.7468522919462
20231028,610,55,978,990,79.83336687980346,72.88134220616537,837.2852909140312
20190517,522,60,771,601,71.35849713914124,89.15557955553213,440.48592330532665
20221001,828,21,809,395,28.716528924855258,57.859002004315286,308.42446907082945
20181117,510,88,187,454,48.871580399941855,31.705770190696065,373.42264940936207
20230130,234,9,838,977,37.716643365820964,119.34552740108496,819.9378292330941
20230706,439,6,184,336,18.236929920674495,36.36969393648622,281.3933761428393
20221128,225,23,240,512,38.62812200417541,61.274334968122965,412.0975430277016
20141129,331,87,320,633,84.2444662137656,54.260890782204704,494.4946430040297
20180925,840,70,952,861,62.34661586870644,54.99743860804307,743.6559455232505
20191111,651,94,975,767,100.09898386923639,44.55277077946822,622.3482453512954
20180224,626,57,976,164,9.721725151060214,9.26225645009593,145.01601839884387
20151106,243,18,606,911,108.00160238793,116.98232589981711,686.0160717122528
20220209,280,100,578,480,64.57988038517506,37.89895787901672,377.5211617358082
20231005,866,83,506,342,30.529644695361036,37.27419110246289,274.1961642021761
20231019,673,50,219,285,37.63434111499114,21.192954315705677,226.1727045693032
20141028,911,62,549,986,98.12019045451218,125.38641728182186,762.493392263666
20191028,336,21,439,980,57.136568799530444,77.82831110032369,845.0351201001458
20180628,428,53,437,508,11.845848243735336,26.52135896765042,469.6327927886142
20171103,543,82,419,637,39.186136654876,58.80702803765656,539.0068353074674
20200805,328,81,223,120,12.122106383726809,13.893920041434512,93.98397357483867
20220330,265,97,20,279,9.980425989104914,25.839272407842955,243.18030160305213
20181106,778,16,398,921,23.26160931896553,87.78563328328133,809.9527573977532
20230213,468,40,385,987,97.57651350209579,136.37102666559332,753.0524598323109
20150821,591,42,866,772,99.81059863864785,113.6692321688868,558.5201691924653
20180512,193,61,868,990,53.078142988998636,109.6548544577699,827.2670025532315
20210615,87,90,378,473,63.172300070122446,48.799458613235345,361.0282413166422
20180104,545,62,731,259,37.05457826848724,24.0683017879365,197.87711994357625
20180822,71,7,205,819,101.38667716211243,117.24681602519466,600.3665068126929
20171010,78,71,586,165,21.86439590358384,8.942564107093114,134.19303998932304
20180814,629,94,469,247,9.21981483011057,21.58689400794659,216.19329116194285
20201110,470,65,778,690,68.46198532587019,64.91790037001303,556.6201143041168
20141022,462,82,732,535,24.94123277404231,28.036673298196817,482.02209392776086
20150324,355,92,751,319,35.63353624402898,21.910626311686364,261.45583744428467
20160216,361,22,535,387,23.546269827724828,36.312222884763266,327.1415072875119
20180204,875,67,918,689,102.97564081196855,83.80902454179589,502.21533464623553
20161205,330,94,75,757,54.51223713403672,71.22080589276011,631.2669569732032
20140418,330,83,810,712,18.90953663581794,66.546293909312,626.54416945487
20231204,817,61,14,400,40.090065677781126,42.03408371900689,317.875850603212
20150616,935,3,304,985,100.12184755183308,94.57100356342451,790.3071488847424
20171214,781,35,595,288,40.71844390414856,24.955383729719735,222.32617236613171
20231105,577,64,984,635,48.74245451648236,80.40209180568678,505.85545367783084
20180917,194,62,977,243,35.20167922573871,21.917311554011984,185.88100922024933
20171026,958,52,526,247,35.49662937037386,27.904854449492646,183.5985161801335
20240211,256,84,773,895,44.46393462274385,71.2903443009225,779.2457210763337
20141108,599,79,612,804,20.853490984117347,52.53174067377358,730.6147683421091
20161010,712,37,601,974,39.621272846419274,103.91223312803096,830.4664940255498
20160802,279,30,518,987,20.49071644703273,116.40082743008502,850.1084561228822
20220513,89,45,804,776,19.216414361694582,61.12152218472437,695.662063453581
20190714,957,49,190,963,53.103263659070265,118.44787766186684,791.4488586790628
20230307,550,99,345,674,31.77452471721807,84.15752258137648,558.0679527014055
20191208,499,49,200,311,14.275709453353775,22.59250372283388,274.1317868238124
20160817,935,44,639,779,64.66462076263856,111.31596814590628,603.0194110914551
20180914,466,27,307,819,112.40749251388728,70.98733477509266,635.60517271102
20171208,305,40,219,861,113.21528305315508,120.50417548519937,627.2805414616455
20180122,569,77,199,331,27.399277289263235,44.39867478131214,259.2020479294246
20210516,416,32,796,880,43.36478245507512,91.52033183945291,745.114885705472
20151013,21,41,285,303,32.88495994486769,17.86536593520955,252.24967411992276
20170808,194,53,613,991,54.18207426545476,91.82444954280317,844.993476191742
20190123,78,40,38,532,71.01081996425347,45.176613381374175,415.81256665437235
20160317,656,33,689,978,117.8644699505181,126.51089648572682,733.6246335637551
20220803,320,6,987,700,59.528052885235475,40.669047615995396,599.8028994987692
20150323,283,64,843,373,27.918103955785117,24.800132247765333,320.2817637964496
20160516,703,22,267,208,8.87728490588265,30.825044096323076,168.29767099779428
20200506,619,86,882,791,20.858969893417296,44.547119115251256,725.5939109913314
20200322,751,40,785,755,25.09030094632591,104.72445104761721,625.1852480060569
20210805,928,89,711,431,32.713191335217225,45.28662902336333,353.00017964141944
20240211,658,8,738,952,96.72279116417691,75.23841860745362,780.0387902283694
20200710,637,54,499,516,41.211720392105775,58.690040001105686,416.0982396067885
20161122,986,63,635,512,32.83373456310329,72.29914614372447,406.8671192931722
20220206,630,37,173,547,58.87807010222271,38.590610257914,449.5313196398633
20180807,825,57,479,374,46.39163020456311,55.8793810591442,271.7289887362927
20210703,211,76,140,551,40.21844177089421,63.08771053181013,447.69384769729567
20201226,306,70,535,134,18.13913215649236,19.00444228410279,96.85642555940485
20201107,846,55,46,216,31.987404958524344,12.399817663779515,171.61277737769615
20140923,272,54,720,825,40.169686928556175,80.86278973958072,703.967523331863
20180609,502,19,521,277,19.269500721628763,14.784987808923496,242.94551146944775
20220318,506,37,544,987,116.37281212770577,59.66746987839674,810.9597179938975
20170628,977,11,623,506,55.43559545892067,50.507289984759524,400.0571145563198
20220212,77,69,615,556,62.84327776348443,46.04367010826017,447.1130521282554
20190315,837,99,598,821,65.90657701494479,47.409898263747344,707.6835247213079
20161118,128,18,878,872,66.08484016143092,116.73009864489144,689.1850611936777
20180117,199,71,145,224,20.752567919680708,15.060499672505765,188.18693240781352
20230108,440,53,907,221,20.423164645486043,32.134487943120774,168.4423474113932
20201208,908,60,583,948,82.85424984225074,67.55585829094468,797.5898918668046
20231110,888,80,476,618,37.532417484127244,61.49902933783251,518.9685531780402
20190307,837,5,582,109,12.92930191163828,15.229976661418942,80.84072142694278
20220627,437,12,968,382,11.07898039886784,36.51462335164059,334.4063962494916
20160413,765,76,833,664,86.66601725493923,92.81335974335073,484.52062300171
20171119,619,95,252,119,3.7019255712796877,11.99102014304986,103.30705428567045
20210102,855,61,443,573,52.330153053876145,76.4967912058837,444.17305574024016
20210917,424,60,213,767,82.55017080698832,106.23870781516062,578.211121377851
20240304,707,44,635,944,137.4885902551592,134.67374570032328,671.8376640445175
20160501,103,81,741,792,59.37847305556772,89.2613018293368,643.3602251150955
20230220,624,78,383,628,40.487585421436165,51.944737529204104,535.5676770493598
20211103,637,30,975,282,12.672589950181145,34.88937515157524,234.43803489824361
20160319,784,64,530,140,11.979409593062199,16.415725116949567,111.60486528998823
20150129,461,29,746,314,33.59019806311641,38.68805664558246,241.72174529130112
20181215,999,8,254,695,30.940648887226647,77.20810476920678,586.8512463435666
20161129,877,94,534,207,21.451436099841818,20.73278684603302,164.81577705412516
20190119,225,61,978,307,38.19424192647766,42.52653664053143,226.2792214329909
20240602,199,82,440,633,50.06043984869919,62.72688162327315,520.2126785280277
20190827,983,21,553,445,45.482660284848755,35.99103127263833,363.5263084425129
20160105,648,15,165,791,69.2513215759466,97.34003899466508,624.4086394293884
20190401,512,45,140,457,57.23500154700584,64.51404260869298,335.2509558443012
20201009,306,14,708,116,7.510746559836179,8.760666565984511,99.72858687417931
20180319,996,24,573,507,33.096790366243674,75.51604317413124,398.38716645962506
20160304,388,20,956,587,51.92628661726866,74.1015603607647,460.9721530219666
20191003,641,74,573,113,3.9359233954552235,13.936778668089906,95.12729793645487
20180226,382,34,95,324,9.848145244454562,24.721446895249606,289.4304078602958
20231207,437,72,806,631,89.25824371583971,37.222812916308904,504.5189433678514
20201231,4,34,623,700,24.51583637923147,82.52842687781892,592.9557367429496
20190512,826,3,12,135,11.102110960540088,16.90684916043199,106.99103987902792
20190524,446,96,860,795,43.77850861687766,98.09483442495852,653.1266569581638
20220715,131,34,783,348,32.42710893668039,43.33674631092042,272.2361447523992
20140402,407,3,281,700,50.57331775520263,94.20020540225318,555.2264768425442
20150225,979,38,122,400,36.15222865891419,53.50734310595154,310.34042823513425
20180212,497,83,268,711,96.23684788873001,74.69563547789271,540.0675166333773
20220201,504,70,213,834,53.37058674504324,66.64629169614695,713.9831215588098
20191128,993,83,221,891,60.966793941952155,56.06462892971617,773.9685771283316
20190530,923,87,60,840,98.22465619184425,45.13749856192948,696.6378452462263
20140311,279,44,213,681,96.23037925283728,54.051116798007364,530.7185039491553
20180830,402,78,908,375,23.503987202241934,18.820585997063894,332.67542680069414
20200207,494,51,282,100,6.234858293803079,7.120932223388827,86.6442094828081
20190403,252,84,836,545,78.79594051367364,54.163479773042255,412.0405797132841
20170901,910,60,109,789,79.9099999781281,96.52368407606426,612.5663159458077
20200810,399,40,904,409,41.69487135289039,60.00655445872804,307.29857418838156
20230520,763,52,58,618,55.7098814013736,55.274435604349065,507.0156829942773
20151220,306,9,68,576,57.2772431500919,75.75499800705943,442.96775884284864
20141006,8,2,817,437,22.25202553524275,55.42173477688791,359.32623968786936
20230823,694,82,53,296,15.049534879929388,18.694663633433557,262.25580148663704
20210408,123,48,37,117,13.238635995931487,13.593477492757351,90.16788651131117
20200209,348,64,323,763,26.52658080635643,93.07762895255587,643.3957902410878
20240316,279,98,265,846,100.55989493915219,87.22247431973108,658.2176307411167
20170703,498,1,228,901,61.82688458749047,96.12672421212864,743.0463912003809
20151209,975,45,968,428,35.42547763277228,57.36606916520197,335.20845320202574
20220926,643,83,99,342,49.87844220857651,37.647977573843995,254.4735802175795
20191120,275,42,72,748,99.47319996993313,47.29459941017278,601.2322006198941
20141111,390,70,482,526,47.643732071570376,76.6597713744286,401.696496554001
20240625,990,49,760,541,14.942419297177812,44.53305561159296,481.52452509122924
20160710,166,14,162,951,32.172473403692,75.21738691502904,843.610139681279
20171006,490,20,39,684,16.331314128756368,59.641320791914076,608.0273650793296
20170204,648,97,955,887,78.73286556068815,109.1946947441982,699.0724396951136
20211130,827,76,517,803,16.266179413415603,53.03955695535124,733.6942636312332
20230414,464,73,91,705,19.00223571580269,76.20154573701409,609.7962185471832
20181013,747,22,810,137,16.909726691772704,12.204658450800398,107.8856148574269
20230719,719,49,740,723,32.57269837844438,71.63838192432813,618.7889196972275
20190126,211,39,969,655,21.304073431015333,61.31225118813604,572.3836753808487
20240213,649,24,811,143,6.112491889493155,19.1238663738856,117.76364173662125
20151008,851,42,939,161,23.931641739649578,16.951458588167803,120.11689967218263
20171215,727,81,283,336,38.86980049198279,48.070933890678326,249.0592656173389
20190811,531,2,690,665,52.52011535802258,70.80307911209721,541.6768055298802
20180520,821,68,898,489,10.73060570688064,45.437415419999525,432.83197887311985
20160130,203,34,505,826,81.56428934012719,92.8213255712941,651.6143850885787
20190116,616,99,87,669,72.00097136039382,84.5709270480368,512.4281015915694
20151214,397,41,611,149,22.125223573569375,17.812582965449337,109.06219346098129
20240726,936,21,721,144,11.98322256008708,8.021701271301154,123.99507616861177
20240617,978,45,9,572,20.469657799587857,32.91221208533217,518.61813011508
20210709,34,19,700,948,131.11806960537112,96.24662914806099,720.6353012465679
20220714,91,71,916,902,48.97856634125555,82.20047598783651,770.820957670908
20221213,110,55,292,362,50.50806650183319,30.54044180348418,280.95149169468266
20220429,69,14,297,393,17.85946563820804,19.7849545440084,355.35557981778356
20220420,370,58,219,988,48.10236329816781,83.61005871964572,856.2875779821865
20140112,470,32,485,821,27.54299795366117,100.63544082848674,692.8215612178521
20170922,744,30,793,325,21.938521561623517,34.86579800224808,268.1956804361284
20201116,74,33,647,413,27.338288433961523,56.73115673578824,328.93055483025023
20181119,118,42,635,688,64.3397718587179,65.59698966159142,558.0632384796907
20190612,779,16,339,423,22.669463631090117,54.02933989570158,346.3011964732083
20200309,213,4,872,167,7.99321711958703,12.393656216605358,146.6131266638076
20151107,971,55,211,395,29.63285012205797,47.303792500146365,318.0633573777957
20230317,51,23,929,232,9.892010549718853,16.359708758024667,205.7482806922565
20180907,17,80,75,616,49.14504021204623,69.13978104060125,497.7151787473525
20150316,665,29,181,401,53.79089042468072,46.49841466739603,300.71069490792325
20160913,8,88,334,598,35.71033119447619,69.18961473086416,493.1000540746596
20220916,164,99,442,770,35.33080475245838,57.73720736752535,676.9319878800163
20160203,700,28,948,956,54.91044285920906,104.20949455876838,796.8800625820226
20150802,790,17,519,990,146.79296137214675,104.595967428569,738.6110711992842
20150510,405,20,226,989,127.26115101033909,113.70087629896655,748.0379726906943
20200912,478,53,584,394,8.118354968612694,25.000020642264904,360.8816243891224
20220531,268,73,978,303,21.88672943726855,27.682837543689065,253.43043301904237
20141114,140,10,568,598,87.28982296987093,38.430853413244286,472.27932361688477
20200616,832,59,302,319,42.73205652272849,22.87349750394949,253.39444597332204
20220220,176,14,847,492,30.676355111121545,50.170818497330515,411.15282639154793
20230616,948,61,416,331,8.659747967421017,45.3219423436615,277.0183096889175
20150813,466,17,516,128,3.800242508054808,12.614272493401568,111.58548499854362
20170110,205,99,420,949,104.62720899353492,137.76118147305263,706.6116095334124
20231102,447,82,498,295,13.584495487268232,15.191489036166852,266.2240154765649
20210326,596,76,1,768,73.4730776597824,114.02594168407214,580.5009806561454
20240627,399,11,180,312,43.55914590745467,46.146926817072966,222.29392727547236
20190724,97,56,142,768,22.700480891000943,69.09258365018141,676.2069354588176
20231029,418,10,800,572,25.766633540026728,83.19052772123356,463.0428387387397
20211225,983,49,268,199,26.438948859888917,10.536985001356165,162.0240661387549
20170220,545,89,979,496,59.214616614784084,50.168894181181734,386.61648920403417
20190722,949,71,154,299,34.53906611339266,25.431056500699388,239.02987738590795
20220202,811,45,277,129,7.698315426151362,16.455350033299947,104.8463345405487
20210824,643,10,887,408,35.073504684103284,31.599923840599235,341.3265714752975
20161122,52,51,866,245,22.040803249094694,34.8306516759218,188.1285450749835
20240503,23,97,393,688,65.11765206941416,81.70772618927413,541.1746217413117
20211224,676,61,840,691,90.10612568651268,83.61209278579287,517.2817815276944
20210930,818,17,668,980,124.87691867608564,87.3291912701332,767.7938900537812
20220814,890,24,37,662,95.42116136421376,59.97024759298297,506.60859104280325
20160603,804,83,13,165,22.534679601012595,24.280339438043214,118.18498096094419
20210513,980,1,224,573,80.24412891365705,30.626527201533488,462.1293438848095
20160105,114,97,461,220,5.578743654781541,26.58938113699122,187.83187520822725
20150623,404,99,390,989,21.209688255223167,100.36703404344155,867.4232777013353
20170404,818,93,536,453,16.955572531245824,26.59398204992518,409.45044541882896
20240523,822,20,816,563,24.285354423781357,37.874064166757805,500.8405814094608
20160307,983,78,786,940,34.98065600427519,53.62135785408322,851.3979861416416
20170930,928,64,393,983,124.79886562305788,58.68344619241723,799.5176881845249
20240518,960,84,986,769,57.15441544614638,78.86524383446951,632.9803407193841
20160306,115,44,895,535,74.38711983995472,40.98639885282703,419.6264813072182
20170125,610,46,261,481,55.302272969955816,62.594001516463415,363.1037255135808
20230711,730,1,188,739,92.58532043755353,65.08508026952346,581.329599292923
20160630,594,67,95,681,46.19023284857826,36.49878389026087,598.3109832611609
20211218,679,91,175,653,96.78528728166062,69.98223884853925,486.2324738698001
20210906,374,77,643,435,39.33486359464248,62.61842308119641,333.04671332416115
20150808,500,100,663,933,47.121035986339784,50.58890171004743,835.2900623036128
20181004,892,91,407,689,92.6062975965767,82.79615255621862,513.5975498472046
20190407,124,82,233,181,24.614239556187616,18.980306779327112,137.40545366448526
20230711,160,91,95,315,46.79402799928162,22.04813611409408,246.1578358866243
20231106,68,19,975,167,22.637127475578392,18.47488287794144,125.88798964648016
20211213,374,92,580,871,106.0343056828841,72.97692193090873,691.9887723862072
20230727,197,62,275,789,59.24754271978412,115.1627344718977,614.5897228083181
20180110,838,62,891,771,53.85462792721902,95.99880205529362,621.1465700174874
20201123,857,93,680,853,110.91885016809648,60.07473096364984,682.0064188682536
20160105,474,14,596,503,30.30610778481494,68.21463785249681,404.47925436268827
20180430,902,31,894,762,110.75400246162604,103.98372328608606,547.2622742522879
20240320,995,66,51,325,34.796708192388216,18.307823841525046,271.89546796608676
20170214,414,9,454,717,77.73885041974667,96.84997105181579,542.4111785284375
20161110,263,10,434,974,127.78808470346327,115.15856299327567,731.0533523032611
20141224,566,17,353,496,57.26392992902554,41.28215834116758,397.4539117298069
20141217,236,72,655,856,63.81863944606525,125.0783498648248,667.10301068911
20141210,220,16,590,308,30.13947116858012,30.787054054804514,247.07347477661537
20230205,719,89,977,413,29.545809072262085,49.17019880018095,334.283992127557
20210630,693,71,32,475,18.787241009650653,59.69969661011657,396.5130623802328
20220828,655,91,603,396,27.78726426513914,38.44375584858626,329.7689798862746
20140331,516,89,119,873,109.05022074357956,115.6888621612263,648.2609170951941
20190621,991,39,394,178,22.83387419722972,16.618705842042225,138.54741996072806
20150612,534,45,532,145,16.953024121872055,13.440241049625646,114.6067348285023
20181102,456,9,853,546,21.496326572767344,44.599751438408,479.90392198882466
20190217,129,74,61,964,26.655020442180934,72.93741244137097,864.407567116448
20230108,520,78,410,723,77.06630024529127,39.337213536931216,606.5964862177775
20151124,982,66,722,927,100.52224867296975,133.14770850124387,693.3300428257864
20230810,546,38,813,342,46.785359936808554,42.80956037834281,252.40507968484863
20181130,278,80,570,302,15.984444441562983,25.10118765377449,260.9143679046625
20200424,244,62,646,610,20.451789970739423,41.33327312142887,548.2149369078318
20220929,806,16,95,108,3.1580904510302656,12.289533140276674,92.55237640869306
20170928,292,24,958,250,28.201629892474585,35.610478412537624,186.1878916949878
20181201,962,42,668,541,50.44757157692172,74.07268554262775,416.47974288045054
20140520,625,90,83,256,35.57137473066833,22.030907205130568,198.39771806420111
20240304,312,58,633,976,82.72675277620566,139.37716470389248,753.8960825199019
20200511,506,54,796,571,35.926403059227724,83.75636909000477,451.3172278507675
20160303,562,64,469,288,17.927282725978667,32.89432140453316,237.17839586948816
20190621,342,33,993,327,21.314864914331373,43.35132882021873,262.3338062654499
20220907,716,61,75,640,19.677775877810074,37.823304065418746,582.4989200567712
20170522,847,10,420,350,47.583615200865076,43.808906082791744,258.60747871634317
20190702,380,54,675,719,88.51758906217913,92.3879316979112,538.0944792399097
20191021,182,54,331,170,20.52065625497643,24.642758295807973,124.83658544921559
20150613,297,14,994,510,66.60665174800985,32.94727012009602,410.4460781318941
20231108,144,8,958,284,39.946801933912425,35.799620003226664,208.25357806286092
20210111,156,29,839,711,85.06092213783289,103.65706485093855,522.2820130112286
20160722,281,20,506,355,52.83207441400424,18.229211296987312,283.93871428900843
20140901,308,68,79,600,79.22296704349174,40.03579561850609,480.7412373380022
20200622,291,99,346,375,38.13158285009826,52.097525473947144,284.7708916759546
20150815,682,76,803,620,52.567156938167855,79.27764058570065,488.1552024761315
20210911,26,46,428,436,56.77763263449408,30.818025560747788,348.40434180475813
20220115,88,53,947,800,39.47973138328719,106.88364077472903,653.6366278419838
20170805,700,92,653,379,43.35416277066276,35.80745261504359,299.83838461429366
20141214,434,9,100,311,21.899709977999795,36.149169244248974,252.9511207777512
20230704,448,12,483,630,75.83273718332168,84.3026687406599,469.8645940760184
20160212,352,83,611,900,37.19891282901946,94.850979978125,767.9501071928555
20150410,199,87,632,891,110.1929969941267,103.00022337985477,677.8067796260185
20200410,340,43,248,135,12.550300778311833,10.958388746693847,111.49131047499432
20180914,677,22,320,418,58.573802511541416,40.90201421755968,318.5241832708989
20170922,717,51,437,336,6.876497756602315,19.879900880774805,309.2436013626229
20230619,898,26,946,314,38.745304985409085,41.49955048810907,233.75514452648184
20190810,698,23,676,858,79.93421876547325,88.34111182403993,689.7246694104869
20200319,885,16,182,656,40.10595157062898,95.51916421143554,520.3748842179355
20140112,427,5,471,405,45.98340327307304,50.32236719568956,308.6942295312374
20220620,848,16,583,301,28.214989880032558,15.17500977235475,257.6100003476127
20171007,616,10,576,734,51.84873918432078,76.66658514728488,605.4846756683944
20211108,58,16,724,775,106.9842361905788,53.276892556259234,614.738871253162
20221024,624,96,936,559,47.11857961663591,75.08590296218962,436.79551742117445
20160823,272,66,274,600,30.507963576915966,62.94595443851893,506.5460819845651
20180919,44,34,186,325,18.841878057448145,22.284093000575112,283.87402894197675
20240212,183,43,243,925,120.84141809977329,83.22338653158981,720.9351953686369
20181026,171,10,953,829,29.70939475516763,87.50500712497934,711.785598119853
20141005,444,61,460,438,30.176037544698186,61.05166755185609,346.77229490344575
20220106,886,89,504,200,12.133704026346198,19.213479896780495,168.6528160768733
20171114,76,15,836,748,27.68268407832022,74.95443116806793,645.3628847536119
20190626,450,10,648,214,9.826112141904671,24.7289275867269,179.44496027136842
20140601,771,96,291,183,14.97843486011915,17.12721210944352,150.89435303043734
20231018,5,99,538,986,121.64361729978033,134.48504144097794,729.8713412592417
20190312,533,87,845,282,13.65276800177838,15.98849390051255,252.35873809770908
20191216,931,29,192,339,42.352669605501646,27.168057672085506,269.4792727224128
20210523,953,70,519,753,77.34505918292719,84.73781545299644,590.9171253640764
20220303,802,10,173,458,21.904156130236558,42.52792548160054,393.56791838816287
20180927,675,14,815,567,67.86078320856444,73.00142186162438,426.1377949298112
20141026,314,78,62,922,124.23237068894933,92.05467317215302,705.7129561388977
20170730,822,27,648,132,6.156303872481489,12.767632195925644,113.07606393159287
20220820,258,1,401,762,22.270791854024214,82.6821725926275,657.0470355533483
20181031,938,62,901,248,35.63807133444528,26.714301233627985,185.64762743192674
20201019,877,37,651,117,14.679904899662723,15.017301896950356,87.30279320338693
20140917,373,36,235,368,42.04975110909615,30.033365620460547,295.9168832704433
20221119,705,28,267,909,112.58690526353402,82.97721280219626,713.4358819342697
20140721,333,44,351,114,9.319065903844676,13.405304119692286,91.27562997646304
20170731,468,4,802,827,51.167006018614536,96.55357383837492,679.2794201430106
20170418,556,16,636,659,26.104028967820266,69.72443224981463,563.1715387823651
20151112,388,74,790,534,60.530371817292114,55.13748123750691,418.332146945201
20200521,412,18,666,173,7.476265852823967,19.532437574339408,145.99129657283663
20150805,297,74,492,516,75.51051290993142,46.41364423797337,394.0758428520952
20140619,553,30,559,505,62.213741190853106,41.63042016601767,401.1558386431292
20211001,193,86,451,525,73.87884605844603,27.489698126800292,423.6314558147537
20140129,580,15,133,205,30.051061125293412,17.254663751088977,157.69427512361762
20170123,474,52,579,846,57.27100224702909,89.21809343731023,699.5109043156607
20161230,919,13,776,439,20.525545851601198,33.78017330333633,384.69428084506245
20210222,926,41,12,388,9.230678570709127,37.81375090854883,340.95557052074207
20180602,932,68,275,795,81.20355978843348,107.88538717669637,605.9110530348702
20231114,867,60,673,755,80.08586672216218,90.80063538799136,584.1134978898465
20140702,463,54,205,740,70.36176556639207,82.93912281395367,586.6991116196543
20140325,674,30,663,893,122.73935251907619,48.26823652310121,721.9924109578226
20180420,593,98,335,317,11.301605492154563,36.48577682869718,269.21261767914825
20140410,137,17,313,734,79.81565034596669,59.85909661255478,594.3252530414785
20190422,961,47,216,450,46.21111571595169,39.90061219156939,363.8882720924789
20210125,41,25,818,499,17.421101225453526,59.282500015526715,422.2963987590198
20140206,205,43,165,976,60.0706701683078,113.86135194877973,802.0679778829125
20160223,236,44,914,614,63.0089287815393,75.6849723405823,475.3060988778784
20150226,509,95,740,939,50.249883764217664,101.7461984172742,787.0039178185082
20150727,902,87,620,848,105.26328492960769,104.89826212183353,637.8384529485588
20140131,857,56,753,130,12.687248361221643,13.919652398499583,103.39309924027877
20171128,646,56,571,755,82.19399146810368,54.071630292903805,618.7343782389926
20230214,828,24,349,389,32.628822550321,58.22263865199294,298.14853879768606
20161010,530,35,871,456,22.389052169510254,66.10821548406027,367.50273234642947
20170715,611,88,290,306,15.904415906202752,25.44793029207139,264.6476538017259
20220911,874,44,977,369,44.06618552464516,37.49069756610109,287.4431169092537
20151005,7,1,195,227,17.94717134215404,32.04251828734528,177.0103103705007
20210214,855,64,244,626,69.46217141209344,91.34774331642633,465.19008527148026
20230512,749,33,162,964,141.37250420055807,134.9070270115198,687.7204687879221
20200416,674,82,980,648,14.35247627471518,72.934592213717,560.7129315115678
20210721,510,67,640,674,37.02504066701674,99.81679547558603,537.1581638573972
20160826,851,43,69,222,7.676762523906774,24.0954928097475,190.22774466634573
20210409,205,50,639,396,54.02578557189006,50.302769014238834,291.6714454138711
20230923,533,12,755,894,77.74441426617881,70.02525183631589,746.2303338975053
20160408,750,60,131,390,11.866546026005956,49.429940165790526,328.7035138082035
20201007,871,22,428,236,7.31047346117616,24.093620222589884,204.59590631623396
20220403,560,21,546,730,78.923229128713,62.820563746759795,588.2562071245272
20140310,842,19,482,400,13.89022725621687,45.45467561741697,340.6550971263662
20160625,147,72,79,383,8.71036921712367,55.092107263862204,319.1975235190141
20220724,77,7,958,323,20.81549121648256,33.252393617585255,268.9321151659322
20200403,592,24,293,766,40.8135384875031,70.41176303894038,654.7746984735566
20150923,434,66,851,617,59.173870541480795,72.10777751753196,485.71835194098725
20170418,380,88,356,667,64.38684654240797,93.30685477956067,509.30629867803134
20160803,209,76,298,911,97.30571954932807,98.9439294034356,714.7503510472363
20140924,130,68,386,414,47.449957664974384,38.28976899951462,328.260273335511
20201104,471,15,903,934,139.48497227422953,79.063023068562,715.4520046572085
20190324,123,91,433,887,90.0121219746152,127.43499715891167,669.5528808664731
20140514,41,99,5,936,33.06003488629555,55.9552157970787,846.9847493166258
20180507,978,66,890,396,18.388346394652597,50.57654073082425,327.0351128745232
20170714,790,16,475,882,34.09830830819916,120.03460773355977,727.8670839582411
20231224,29,44,414,717,105.4478814676308,47.11519938389259,564.4369191484766
20150122,163,16,199,785,34.48587804281474,60.12489298632864,690.3892289708566
20220208,385,35,492,981,40.62422830659005,143.1193020230389,797.2564696703711
20170604,10,86,376,965,105.19006630220468,80.48236355819368,779.3275701396017
20140302,546,7,921,396,48.89435390117622,20.54698347479624,326.55866262402753
20220212,293,10,834,543,37.44532868084198,79.88812485929601,425.666546459862
20200828,830,96,619,831,41.53554009718969,79.59969686274697,709.8647630400633
20160901,458,50,639,692,58.226438110597506,45.32947181901842,588.444090070384
20220613,504,99,584,887,94.13665581819984,86.74093445328828,706.1224097285119
20170305,690,11,697,926,72.17834400834215,131.4719286400962,722.3497273515617
20190103,430,38,981,703,69.8106009303093,46.75015759437337,586.4392414753173
20190730,482,12,28,168,16.366286050198465,22.613550759444514,129.02016319035704
20160111,757,66,934,742,52.05733831897739,108.63453468935462,581.308126991668
20190213,984,32,7,564,61.1898054094927,67.42408164044384,435.3861129500634
20140330,106,56,744,530,13.865502851986344,48.753465960088796,467.38103118792486
20230902,385,51,934,255,36.260701762135064,29.04293733518432,189.69636090268062
20201008,690,91,73,741,83.34811294156484,48.27455713367795,609.3773299247572
20150907,466,90,448,119,15.214312238828477,9.184820169379815,94.60086759179171
20230605,172,50,841,951,93.6924897114131,131.63768298473792,725.6698273038489
20201001,953,20,725,955,26.303727236059796,57.87856237668857,870.8177103872516
20220201,330,73,987,644,80.01206105540847,70.73156154133824,493.2563774032533
20240220,672,97,60,651,21.503293393101647,67.18606964776544,562.3106369591329
20170711,236,33,960,529,36.13429296963786,57.93444052393916,434.93126650642296
20180602,97,78,213,603,26.121541970202422,59.537894512733665,517.3405635170639
20240227,991,42,626,425,14.76924479848686,50.69993484258203,359.5308203589311
20170205,786,26,650,343,27.166391829691417,26.837423664520234,288.99618450578834
20210909,678,37,847,873,46.98327994095472,58.54487296692098,767.4718470921243
20150104,248,19,947,140,20.99583841615594,20.427596129911286,98.57656545393277
20171207,310,73,772,520,69.12878658654755,28.569012685725927,422.30220072772653
20190215,798,50,298,592,48.313924939139895,52.28378691492375,491.4022881459364
20221015,410,88,981,932,105.97449567770781,74.73096895841478,751.2945353638775
20180507,926,45,748,146,6.50293069482687,16.196172022633913,123.30089728253921
20240605,242,7,886,171,22.29051912875744,20.20069010814923,128.50879076309332
20140925,44,84,771,175,11.975327683213635,26.138449994493474,136.8862223222929
20180929,578,35,218,959,120.63826223524423,142.8001596771719,695.5615780875839
20160330,625,38,264,570,57.01667784719517,40.8030799653408,472.18024218746405
20140110,539,44,29,323,42.77546617841174,35.00185176781312,245.22268205377515
20150910,131,14,581,655,68.42882787837954,70.92619977018383,515.6449723514366
20180615,361,86,656,208,10.45920064645379,23.371658094995958,174.16914125855027
20161231,101,96,926,298,23.62163113779031,36.88352017388694,237.49484868832275
20220528,900,46,747,168,15.915041801177681,15.557167282048505,136.52779091677382
20150521,823,27,202,547,30.47134530161394,63.57565733151578,452.95299736687025
20240726,164,19,652,367,17.74967501916276,45.628773746632554,303.6215512342047
20180619,79,10,217,357,31.05640248686448,49.19881773601631,276.7447797771192
20160302,813,8,265,758,75.19259440726613,103.99680652939736,578.8105990633364
20150621,557,69,216,773,16.091240838116754,72.74429474339715,684.1644644184861
20170523,286,81,731,596,38.32765052130271,43.073385972059434,514.5989635066378
20140321,205,83,421,431,48.30749329884844,32.037793173830615,350.65471352732095
20180315,94,21,12,379,42.92623027689408,41.67868731233607,294.3950824107699
20140913,617,37,488,808,24.63155607295097,110.37353293945992,672.994910987589
20200726,85,38,160,631,92.71972780938974,69.25319596573274,469.02707622487753
20180427,806,16,906,328,11.835745092715477,39.022852583868136,277.1414023234164
20220206,702,30,310,520,63.10803006328979,40.38028320419956,416.51168673251067
20220803,164,95,173,433,61.29609044893736,40.36843861168945,331.3354709393732
20200319,279,100,295,480,36.428190641011234,68.1105020589583,375.46130730003046
20200422,557,13,574,273,34.29208744755559,40.33279936878657,198.37511318365785
20210530,193,24,400,435,9.264120982349812,24.761239751807146,400.97463926584305
20180806,141,81,421,992,27.30283235600155,101.39002083590903,863.3071468080894
20160209,476,58,847,202,8.295296256050618,16.294220275400384,177.410483468549
20231030,193,9,251,879,110.97789775677553,114.5708451635547,653.4512570796697
20150207,384,64,232,933,108.11040164587074,60.95741781209366,763.9321805420357
20210415,227,40,240,622,70.47820126940177,43.005293083811225,508.516505646787
20190919,30,30,818,488,57.999632468414845,54.79475231427661,375.20561521730855
20220524,433,94,984,408,9.11878335079279,54.50881183296142,344.37240481624576
20240325,828,11,503,990,117.63896625572715,111.72440951081079,760.636624233462
20200409,951,20,226,101,13.658268368520394,10.93255442675796,76.40917720472164
20240303,343,12,400,741,48.85972551105432,40.26021417627968,651.880060312666
20181214,315,60,98,467,44.01185402628245,67.69447151683994,355.2936744568776
20211018,265,81,604,182,20.6755870713822,24.979071123415185,136.34534180520262
20210717,363,90,547,149,8.093860661682504,11.314468503495494,129.591670834822
20160608,804,36,933,176,12.17443673014064,10.201302428340808,153.62426084151855
20171106,494,46,225,247,16.063187845435717,33.16305890513307,197.7737532494312
20211011,355,50,885,337,31.59724200390525,42.569047567502196,262.83371042859255
20170103,336,51,903,248,7.725761741080906,21.29985061549416,218.97438764342493
20170831,183,32,589,607,22.924654298382816,90.87809358344506,493.1972521181721
20201019,726,31,495,265,37.59436965084638,13.490199589906469,213.91543075924716
20140330,703,80,610,883,49.43944874775569,72.50313210174038,761.057419150504
20180112,981,18,922,800,18.318209165737954,118.27513578173956,663.4066550525224
20191229,769,12,908,540,27.232726373316083,38.34502124374709,474.4222523829368
20190512,431,40,572,137,9.112780839773961,8.319267852522207,119.56795130770382
20170904,795,44,189,443,19.442952181597445,32.640799363677075,390.91624845472546
20150922,755,49,642,522,59.52938762613045,27.49218460636741,434.9784277675021
20190204,367,99,632,760,92.98105276922874,47.61735941000753,619.4015878207638
20200513,706,31,558,440,10.584359812779322,53.272947682841746,376.14269250437894
20230722,912,58,284,854,72.08623896578351,44.35725720730135,737.5565038269151
20140420,316,11,992,803,24.77930517437692,81.28629086875468,696.9344039568684
20150614,854,32,335,715,92.33697700123395,82.20050894299338,540.4625140557727
20220220,811,75,567,652,70.29008350085462,54.01411596218885,527.6958005369565
20220726,554,10,810,891,84.35486955270827,88.24258195006377,718.4025484972279
20200428,665,96,462,521,26.394568595637114,63.360470319237436,431.24496108512545
20200205,112,82,706,178,4.728862842398231,24.46520008978502,148.80593706781676
20190918,715,42,170,410,55.98215662047939,53.87952069741384,300.1383226821068
20220225,346,51,213,935,99.26576698930533,122.27375968583902,713.4604733248557
20190629,829,83,244,459,36.11763248998479,58.10509087629249,364.77727663372275
20190118,369,6,789,353,28.09536971593809,25.00992889262752,299.8947013914344
20220406,440,55,516,988,64.82463153206022,70.43276288220201,852.7426055857377
20190812,518,90,925,949,54.76185962785065,115.33921525062296,778.8989251215264
20160806,863,95,774,585,42.01922270576655,39.68507641023632,503.29570088399714
20190320,438,27,73,620,78.18580530064247,75.00386241823831,466.8103322811192
20191120,397,28,977,890,95.51317950073441,101.11347444349207,693.3733460557735
20180725,863,17,546,550,46.82933875040189,77.69806086923369,425.47260038036444
20160421,614,63,804,943,110.98471256210048,123.2914772784305,708.7238101594689
20231105,172,17,280,909,101.83818563892798,73.76185590855614,733.3999584525159
20210710,961,85,985,248,29.600884260894205,29.325443862286015,189.0736718768198
20231103,991,68,993,289,16.87148910589875,37.16920807302519,234.95930282107605
20170508,959,55,677,651,43.02308441668397,39.13406889571451,568.8428466876015
20181108,364,89,94,559,20.928101046982523,65.48734914993145,472.584549803086
20230417,968,64,249,691,45.0142223333102,84.66867093857755,561.3171067281123
20210805,602,43,333,876,75.2670905757519,92.00541069930672,708.7274987249414
20161129,379,73,85,396,45.962144445498886,55.562564975830526,294.4752905786706
20211207,490,32,267,254,7.641522387266933,22.696678814003562,223.6617987987295
20230512,653,41,400,499,13.446229807113353,70.78407953748975,414.7696906553969
20180209,854,5,118,982,116.61920291612897,114.5681194774508,750.8126776064203
20200311,560,5,124,346,28.49181543369294,27.163062593272656,290.3451219730344
20140507,956,32,488,213,25.05276985206161,25.88940277491399,162.0578273730244
20160904,342,30,308,408,9.57462071143289,60.42808050350548,337.9972987850616
20151029,132,23,662,161,6.659075484247569,8.487199991784818,145.85372452396763
20170711,394,100,825,1000,123.68817094006047,87.92396495381824,788.3878641061212
20200526,414,48,404,226,18.57121595137133,25.141714672561008,182.28706937606768
20180815,881,20,42,236,20.26545394624045,12.731214636654594,203.00333141710496
20141225,249,51,987,296,33.962162219200444,39.51558803479316,222.5222497460064
20150623,504,87,947,502,31.346478994198048,74.68137841046124,395.9721425953407
20190503,684,28,456,666,56.20758752657622,98.45000416992204,511.34240830350177
20170820,866,40,536,587,83.46447348613347,87.15772779174871,416.3777987221178
20170526,15,3,890,694,75.97608895326354,102.28597007486945,515.737940971867
20190624,68,40,700,576,34.61391784989502,67.3621938792743,474.0238882708307
20150415,144,66,723,724,84.3015197829227,63.16665103735003,576.5318291797273
20221113,468,89,130,167,12.926521778453582,16.230321798233597,137.84315642331282
20180616,503,59,370,917,131.10870467690648,133.63015794000884,652.2611373830847
20201005,249,28,892,977,47.52534713036047,84.61519207590904,844.8594607937305
20230804,103,1,120,446,58.019325912454676,55.105300868433204,332.87537321911213
20170712,916,27,171,988,127.73104219284161,69.41245277094248,790.8565050362159
20170109,137,80,97,293,9.06762160226575,19.34289570878907,264.58948268894517
20160930,919,27,420,380,51.51842067104463,21.672597695672142,306.8089816332832
20180722,872,26,563,715,55.793053269135264,43.391744092961616,615.8152026379031
20230828,563,57,708,327,38.067413441577415,42.05270643211654,246.87988012630603
20220623,344,100,868,314,16.346620461787662,32.7781702378279,264.8752093003844
20160921,475,27,332,156,21.15794488814505,13.266164299076786,121.57589081277817
20181028,815,27,102,687,18.47062784968425,90.51600296781776,578.013369182498
20181114,357,91,944,452,56.81869251400592,43.89022560042579,351.2910818855683
20160710,352,2,356,946,108.79963257688634,92.94855334164599,744.2518140814677
20170325,771,96,345,569,84.03401329786197,60.497252433017806,424.4687342691202
20240128,352,60,634,127,4.498540648874949,16.447641147940374,106.05381820318468
20160302,322,44,998,953,44.24754641988981,102.56707243266908,806.1853811474411
20140716,660,68,299,159,3.540100702439109,15.37526799177466,140.08463130578622
20220716,658,31,221,206,12.909424934135574,27.51096084841613,165.5796142174483
20160916,130,16,609,580,50.79606707943497,65.15212119733042,464.0518117232346
20200219,587,46,818,688,79.58918288341934,55.30274734075574,553.1080697758249
20220411,184,95,262,711,62.189039672068716,67.36412884355637,581.4468314843749
20151219,254,8,356,850,108.3578750716903,56.765354859452586,684.8767700688571
20210118,150,81,675,619,34.41981173208281,57.38815333139743,527.1920349365198
20150317,673,32,881,500,41.319213717472245,67.49341735698894,391.1873689255388
20200713,170,84,161,403,26.491632428329424,38.0192417530767,338.4891258185939
20170609,71,70,170,467,53.83400663635445,26.31782464398494,386.84816871966063
20211201,994,46,148,512,44.033549446666996,40.17194998642062,427.79450056691235
20190616,484,15,205,180,15.890141165442218,18.02983351828764,146.08002531627014
20171110,137,54,605,846,91.90853342748186,123.04861926914576,631.0428473033724
20220608,102,21,143,484,69.53990452355825,60.55590039478203,353.90419508165974
20230604,536,12,562,162,19.50492770264787,17.210393854378445,125.28467844297369
20190502,716,54,220,358,26.41199880719177,53.22287780826075,278.3651233845475
20240122,285,4,949,393,43.823303865625235,36.5380948114183,312.63860132295645
20140629,293,73,303,989,103.39316632990256,109.94752150564062,775.6593121644569
20210531,131,24,852,419,38.31796168569573,55.60893123688746,325.0731070774168
20210807,68,72,94,104,13.591245554303734,12.13883225332559,78.26992219237067
20180817,902,90,222,141,10.430191115861481,15.850964598123642,114.71884428601487
20180122,416,45,887,214,13.09294302661158,18.037347934302463,182.86970903908596
20200413,151,62,440,458,12.44558180183269,52.58953642600626,392.96488177216105
20190313,972,33,207,679,47.74846725517621,69.1655685877283,562.0859641570955
20210726,919,40,7,353,36.52678745766748,34.9370843423984,281.5361281999341
20210307,378,63,706,663,29.370039937331953,85.65941848012274,547.9705415825454
20170726,271,79,804,945,29.836896190487142,90.14094974600727,825.0221540635056
20201011,23,48,903,148,11.85070576665171,8.139709168667217,128.00958506468106
20141113,790,99,244,766,36.21473948617214,96.2384746253388,633.546785888489
20190401,564,23,307,413,34.306823510232384,45.445461207858905,333.2477152819087
20140321,602,8,439,434,54.54350778591649,39.88450291376316,339.57198930032035
20150409,412,62,161,731,41.6987050777202,77.25504428901336,612.0462506332665
20150208,617,100,775,425,61.298785903819365,63.513228410620066,300.18798568556053
20170316,717,97,166,839,87.48302513369119,42.36210226691657,709.1548725993922
20200706,53,19,114,986,135.1667697606523,98.02766832234985,752.8055619169978
20230821,853,25,508,437,49.03580411458933,22.949505748657455,365.0146901367532
20160915,553,23,842,384,33.84468975146997,48.1910203264368,301.96428992209326
20200509,678,69,805,261,23.543566682822355,13.738342762965116,223.71809055421252
20160728,136,56,769,173,24.369535030267706,9.626976115104942,139.00348885462734
20210929,359,1,695,712,87.75167379165669,96.244374177195,528.0039520311483
20170910,406,46,546,650,73.1332216608634,96.22739274532314,480.6393855938135
20160801,905,32,632,466,28.174854720194308,35.6666715195463,402.1584737602594
20150731,265,53,24,426,48.58724714660803,51.143210272889064,326.2695425805029
20150705,963,14,371,956,98.32453001188007,119.79091464237534,737.8845553457446
20221111,183,7,343,593,29.343637421696755,43.55134051263749,520.1050220656657
20180621,918,57,291,754,67.46539425815678,65.1877145020951,621.3468912397482
20160523,129,70,146,201,22.246934803179368,20.33158844450143,158.4214767523192
20190514,347,61,429,554,71.66612471197112,60.79340206271824,421.5404732253106
20180412,909,97,610,295,18.493322110918992,23.68157725894986,252.82510063013115
20230320,447,47,676,373,36.62911894097918,20.474702709627877,315.8961783493929
20151005,463,68,161,167,8.887889422358363,14.084053337633042,144.0280572400086
20180510,775,22,750,523,53.509704991624396,51.06844329173048,418.4218517166451
20170401,656,69,741,102,14.891576641287347,8.043526836509143,79.06489652220351
20220921,788,29,490,758,103.34223555741295,99.34653313951104,555.311231303076
20230109,713,88,585,528,41.729762137179485,36.895489293524534,449.374748569296
20140610,841,86,67,182,17.17571996821927,9.683497406034817,155.1407826257459
20170827,498,98,830,924,129.3449439496455,86.2178749052865,708.437181145068
20140507,766,49,395,160,12.882929174173409,16.48824400194458,130.628826823882
20210401,149,72,294,950,91.05112584364142,136.4599435297889,722.4889306265698
20220429,984,68,835,651,59.31248481167056,40.303373225039294,551.3841419632902
20190726,579,74,609,768,96.24635222757922,99.68435370648658,572.0692940659342
20150524,711,61,682,267,8.818269172275022,16.006634174324514,242.17509665340046
20141208,628,81,30,830,67.29539271880044,41.82275956764206,720.8818477135575
20240615,849,58,144,822,88.23674192964474,111.36465114178611,622.3986069285692
20191118,985,53,435,914,47.086703485944305,115.10274569790904,751.8105508161466
20150126,503,43,513,878,32.5774690237739,122.72473005373841,722.6978009224877
20151203,622,99,385,333,43.741573613705,21.629725332839893,267.6287010534551
20221004,519,33,121,132,10.760492518801751,10.26271996543208,110.97678751576618
20230409,204,10,609,343,20.073707827465327,28.741895243744736,294.18439692878997
20190719,928,22,741,787,68.32685280929175,44.35208469968128,674.321062491027
20180126,516,33,523,779,111.77702267612698,45.49996194322622,621.7230153806468
20140323,417,1,883,544,72.91291138759688,40.676813289680325,430.4102753227228
20171121,972,93,319,928,42.332837221097876,130.52782710462407,755.1393356742781
20140929,935,67,412,537,31.320935499296752,38.64180212215849,467.03726237854477
20180410,409,55,967,877,86.78385913058514,70.29039708864158,719.9257437807732
20150224,91,16,97,996,98.23666101846584,132.57933103098762,765.1840079505465
20240605,102,55,508,433,19.15327587457501,47.95493526227624,365.89178886314875
20170207,253,7,396,259,29.025444234000645,34.63361188926898,195.34094387673036
20180419,75,85,978,688,52.95632715608784,78.90535427774546,556.1383185661667
20230409,164,33,733,457,29.147212250567378,57.46717967880445,370.38560807062817
20170123,252,2,218,678,67.92744985512728,36.992948244616485,573.0796019002562
20171022,275,19,557,363,20.105068376386548,30.380490840421988,312.51444078319145
20141219,787,53,914,798,72.10926029255678,95.94765529413002,629.9430844133133
20220131,621,30,566,565,63.14057458705067,71.80318166338883,430.0562437495605
20140629,692,21,801,603,74.44800538009538,86.56268062777653,441.9893139921281
20140713,376,92,112,269,32.108739487932034,32.83091175219611,204.06034875987186
20200914,281,4,510,695,85.43448803095276,65.9884220523103,543.5770899167369
20230610,52,86,942,310,34.705051190933915,32.55069677651579,242.7442520325503
20180712,521,64,867,342,30.11280712866886,28.439379952286146,283.44781291904496
20160524,577,79,154,730,23.290145922392554,71.5524840867734,635.157369990834
20180613,48,16,625,481,20.856943186696693,52.006213852857165,408.13684296044613
20170621,519,81,176,729,85.15271829104084,47.360767138936545,596.4865145700226
20230415,463,74,374,157,11.168511067280255,16.04098196595025,129.7905069667695
20180104,294,80,768,629,49.25607608819512,38.236403130915775,541.5075207808891
20160511,39,92,443,866,114.96731383346254,127.51302345672768,623.5196627098098
20190611,415,11,967,554,16.32593031235236,33.335687002926676,504.33838268472095
20141206,452,52,960,316,41.75223831959683,35.14414192016154,239.10361976024163
20140711,764,4,898,632,25.123648127292128,43.94021955923934,562.9361323134685
20230405,202,3,799,846,44.604166664711826,64.04546988375306,737.3503634515351
20230531,504,98,408,902,83.94545002156373,133.34707377101682,684.7074762074194
20160116,165,32,575,731,23.808197034472915,72.64505609963923,634.5467468658878
20160728,866,11,878,146,12.908159064797255,15.585867215372765,117.50597371982998
20210109,607,8,708,161,14.703299578819282,12.523701260468092,133.77299916071263
20200420,225,72,659,499,65.00955342620763,30.503882576356514,403.48656399743584
20200419,435,77,550,486,49.68197267895257,55.048926815439664,381.26910050560775
20180727,176,97,390,334,34.15236297261578,18.138395097104958,281.7092419302793
20221209,957,37,199,455,9.879742147658792,49.80468867730111,395.3155691750401
20230607,203,62,414,519,24.52185058717568,34.2965334406294,460.1816159721949
20230402,814,37,935,751,69.59865820955204,51.71046487427495,629.690876916173
20160329,378,28,263,360,46.60950626376485,27.01573859919991,286.3747551370352
20150425,422,57,537,907,93.90857009549262,84.12523492756266,728.9661949769447
20240428,827,35,904,405,28.603807770855767,42.46203521694593,333.9341570121983
20160917,881,90,793,375,39.050964706188005,25.6457005941307,310.3033346996813
20181211,395,86,471,272,12.812199068085182,15.25400262787085,243.93379830404396
20181019,327,88,671,310,33.966105396657795,18.491312315187052,257.54258228815513
20230621,993,42,568,211,7.548892275264892,17.18917330800662,186.26193441672848
20220416,659,12,576,873,96.37517074301219,68.01567041870437,708.6091588382834
20221205,774,71,174,758,54.270787128215034,107.83947421788199,595.889738653903
20180202,581,97,296,754,57.287811294516246,73.15385286836806,623.5583358371157
20221029,801,26,471,857,41.08255508640311,43.25563251022323,772.6618124033737
20170818,65,17,950,208,9.052033124891246,16.072625858254202,182.87534101685455
20190325,118,28,639,392,8.946539532235867,33.89006954904181,349.1633909187223
20160206,877,94,983,386,56.32776008589675,51.30198287661214,278.3702570374911
20140128,130,76,651,413,47.2482668467468,47.911770971827025,317.8399621814262
20141116,251,64,842,368,52.49038418718648,38.52328917427413,276.98632663853937
20140719,841,92,418,701,82.0484890797172,94.09807495403216,524.8534359662506
20210810,524,21,965,294,8.2418340008052,28.807675618047863,256.95049038114695
20180117,163,25,401,758,57.0850629432458,80.1074737630203,620.8074632937339
20220214,96,100,818,341,32.0524745087858,32.076715027642294,276.8708104635719
20211121,264,67,466,922,87.1423646359894,113.65245124698993,721.2051841170207
20210619,149,18,651,754,57.2539584416745,102.4691187055116,594.2769228528139
20180604,301,36,538,884,83.05281985987921,71.36822916582553,729.5789509742953
20171228,806,53,377,974,129.2709108508414,130.8542300283971,713.8748591207615
20230406,282,23,903,374,28.159288133969696,26.33463047889661,319.5060813871337
20200831,994,27,47,502,15.732815810008958,58.534503213031236,427.73268097695984
20181225,754,42,331,710,15.588330816679983,98.0680454703017,596.3436237130184
20160429,459,69,989,283,25.608789029601382,32.84832369067285,224.54288727972576
20141207,864,19,797,419,28.184472226896645,53.04424047912494,337.7712872939784
20230927,975,30,121,755,67.20513114849567,109.78897913479729,578.0058897167071
20161116,647,11,283,225,12.93951834788452,25.972766837417954,186.08771481469753
20180910,580,29,424,708,96.5882889683283,95.52408478209243,515.8876262495793
20240226,782,63,123,597,62.61692667442223,49.79552109609028,484.58755222948747
20151125,296,84,239,150,7.3915686488773655,12.967961927523158,129.64046942359948
20140805,655,43,884,581,25.084496742823294,33.66447347384389,522.2510297833328
20220114,591,70,959,231,9.989038358388312,15.178330059464704,205.83263158214697
20200309,330,46,695,431,15.264795502153147,47.80791629448233,367.9272882033645
20230422,922,95,422,956,75.13532341909226,78.11336196777047,802.7513146131373
20190810,561,37,882,964,80.44248652535875,107.90288083180144,775.6546326428398
20160121,796,17,533,353,28.356519666345203,26.2618571907327,298.3816231429221
20140125,886,15,295,505,51.39713378969019,36.93728784600947,416.66557836430036
20220709,642,76,844,337,40.817220589110015,25.843606807310238,270.33917260357975
20200708,457,86,870,144,4.697051302174328,12.229451368022707,127.07349732980296
20220909,722,34,836,238,24.62743936425408,30.34558859497312,183.02697204077282
20160605,552,95,242,146,21.095845279975357,19.668912900642965,105.23524181938168
20200407,381,95,610,715,18.856025767330376,97.5442866417871,598.5996875908825
20150902,813,45,957,142,5.5163271644971745,8.485614344572198,127.99805849093063
20180407,285,28,559,577,48.56881128815413,75.54517733154516,452.8860113803007
20170313,110,38,605,709,88.94809853440447,46.75481053186294,573.2970909337325
20240412,28,89,212,307,44.74564700842145,31.855310926173694,230.39904206540484
20240214,252,56,142,219,21.505622468348562,17.717724132780376,179.77665339887108
20240415,460,5,53,565,15.307841319936667,82.46376267023422,467.2283960098291
20190607,589,31,990,236,16.361632691131444,22.52062594792296,197.11774136094562
20160705,411,91,40,468,66.28788780267259,65.58090664429525,336.13120555303215
20140922,570,66,305,534,73.32433286719488,37.87323960719947,422.80242752560565
20221207,535,5,793,738,108.13383574580051,38.52133041610349,591.3448338380961
20191003,240,1,447,486,39.230365898012316,66.23687152340565,380.53276257858204
20160525,313,69,744,807,109.68069806578845,87.19805071047989,610.1212512237316
20230913,810,55,121,275,24.836169956060377,35.51171858152973,214.6521114624099
20220102,197,37,406,330,48.99056129888359,17.77186460556459,263.23757409555185
20220321,926,75,516,279,41.68418727174256,18.4377195087183,218.87809321953915
20230914,166,86,112,561,19.57645085019864,62.69778569369105,478.7257634561103
20170430,777,9,973,563,42.10510229651242,70.81868236331911,450.07621534016846
20140501,95,88,349,190,18.585800914875616,13.323730835933913,158.09046824919048
20161105,986,93,820,370,39.94676150036886,30.340483682741095,299.7127548168901
20230416,330,79,927,927,94.62183480233544,47.96716591159732,784.4109992860672
20221215,718,57,716,820,18.074526498255562,42.9597730384782,758.9657004632662
20160830,825,42,405,469,49.15861762595108,53.56103398974196,366.280348384307
20160522,916,7,660,182,6.5251610736095405,16.9517171226341,158.52312180375637
20211030,787,57,938,853,125.05739398930257,68.25979351087152,659.6828124998259
20220303,547,57,87,132,14.159139584120096,13.554978371808781,104.28588204407112
20240312,213,85,653,641,95.85212954136634,77.82773694883234,467.32013350980134
20231109,705,73,216,978,123.60287163432433,96.28385657610859,758.1132717895671
20231003,981,81,313,718,25.90078811293356,83.28194212913242,608.817269757934
20150308,51,69,53,280,14.402314030465764,21.042996802368208,244.55468916716603
20200312,645,92,291,210,8.889829765645242,14.217738957627944,186.89243127672682
20160504,704,78,543,446,43.75015255107166,62.58325794511467,339.66658950381367
20230920,936,59,14,962,132.64128315269136,130.61910377434762,698.739613072961
20140313,93,67,503,945,72.93504945640109,97.84661888336994,774.218331660229
20191210,747,97,352,641,19.667657536186812,48.43352925238645,572.8988132114267
20210330,148,4,916,899,102.84854499504237,82.64420952834168,713.5072454766159
20190831,341,77,674,763,71.49791923266157,99.20034998096595,592.3017307863724
20160710,577,65,504,376,35.156049463450294,35.65142214611028,305.1925283904394
20170828,318,90,114,254,15.058112876620273,31.1254350687528,207.81645205462692
20170528,172,99,940,412,28.139331212288344,46.012925673162975,337.8477431145487
20220620,512,97,21,572,71.4171184562218,43.70280110351581,456.8800804402624
20201121,114,30,22,983,53.99673577442516,68.56120214954286,860.442062076032
20220307,434,94,365,916,137.37129921294076,97.57037671716206,681.0583240698973
20161021,610,95,697,512,68.50497594589575,76.46525216033098,367.0297718937733
20240726,723,37,860,206,13.62149601587651,19.239687374787096,173.1388166093364
20190126,14,2,678,261,26.753251386854597,38.17692877960954,196.06981983353586
20230608,910,27,945,339,34.73623524179032,47.75710697730609,256.5066577809036
20231206,601,17,330,314,23.081421686334746,23.94398927889595,266.97458903476934
20210411,451,46,468,260,13.476415812784227,38.67059209802989,207.85299208918588
20200403,139,93,229,509,32.50387947068886,71.68964422928572,404.80647630002545
20160409,241,86,530,953,38.623870973380654,125.34961484221154,789.0265141844078
20220112,844,32,208,118,11.927700120547879,15.122276742572428,90.9500231368797
20170330,917,79,318,317,17.024368040522813,19.915707133581844,280.05992482589534
20170508,488,19,181,394,16.64398833041034,27.670610447644695,349.68540122194497
20200113,718,29,462,344,30.70023101866425,17.79242589688716,295.5073430844486
20181126,321,55,988,383,16.755194734729677,34.72069408197963,331.5241111832907
20141107,509,57,447,935,124.04073869554934,134.3273441552262,676.6319171492245
20230129,867,86,162,891,19.380466489155005,62.32878700333553,809.2907465075094
20190517,387,23,981,993,110.50839040106422,70.14103380824889,812.3505757906869
20230617,909,82,459,989,25.36595179701592,117.49692413920786,846.1371240637762
20240301,784,80,1,343,7.746093443782119,30.159458736043497,305.09444782017437
20200825,219,98,794,757,19.184271148522154,58.19012409972179,679.6256047517561
20170521,668,83,560,240,27.036007811541197,23.500462779381557,189.46352940907724
20201211,163,56,513,913,72.72552409287636,74.1580072834267,766.116468623697
20231122,13,22,999,427,47.588399910762995,52.93522697867895,326.47637311055803
20210307,565,40,903,521,25.49292758557576,28.91366867814154,466.5934037362827
20210128,784,67,845,347,9.520018768272795,30.662792758990253,306.817188472737
20200823,915,48,992,727,61.45100316411046,40.657570931038215,624.8914259048513
20150930,824,91,411,987,118.64898849623273,86.94316074173996,781.4078507620272
20230326,904,76,740,381,14.392046403045844,31.16257226738864,335.4453813295655
20170705,891,61,345,350,48.4732099997756,29.75828642982351,271.76850357040087
20170303,666,60,327,699,98.9001143014824,50.16101063051465,549.938875068003
20230508,698,42,470,697,90.14266508669316,77.46865337715097,529.3886815361559
20190222,286,50,550,517,31.595594038397792,55.29067127722916,430.11373468437307
20180516,844,55,562,920,27.179511819369154,55.43645269292974,837.3840354877011
20211030,60,91,799,201,4.85084434139438,11.444656210393905,184.70449944821172
20190212,715,44,479,168,7.058619514320175,10.467928106477423,150.4734523792024
20140516,466,85,449,689,27.010009227809995,44.66965086839544,617.3203399037945
20230824,985,63,403,207,23.747491607666092,24.925707019195116,158.32680137313878
20140323,359,6,565,856,40.95455582368125,104.01601798390047,711.0294261924182
20240630,788,56,45,754,111.2784566017118,108.1793969938166,534.5421464044716
20141031,140,6,369,364,53.97934799169659,22.392025708209072,287.6286263000943
20180324,972,46,918,759,16.545308254858316,87.79487976469441,654.6598119804473
20200423,127,65,931,675,49.47313163016896,72.94539892061202,552.581469449219
20220416,668,12,449,159,12.491812737437993,8.975113155040821,137.5330741075212
20181101,861,60,404,747,31.495979046048873,101.13672001624607,614.3673009377051
20160202,394,73,482,869,28.43793372810165,123.4294080755005,717.1326581963979
20160320,682,12,269,949,41.065866376983344,61.398822383442386,846.5353112395743
20190515,740,56,25,195,28.192357187429085,20.680146064205914,146.127496748365
20210202,853,3,880,495,72.13608091083076,37.203161344247526,385.66075774492174
20221217,763,10,446,639,87.06653152478883,85.42683702279787,466.50663145241333
20190623,273,46,751,616,28.26300250175368,71.56983437757722,516.1671631206691
20171108,58,93,171,699,85.64136185110716,56.16677192746354,557.1918662214293
20191025,347,2,582,102,10.553560311267177,6.3035934588874465,85.14284622984538
20210125,23,4,783,934,49.378269690534076,100.70959362173909,783.9121366877268
20150523,618,37,717,655,28.308754815937707,53.910434680337616,572.7808105037246
20201028,164,66,508,967,113.43504758205309,134.93329033394295,718.6316620840039
20221120,65,18,352,589,66.8086097228594,73.76682421493413,448.42456606220645
20180507,996,21,497,156,17.50968672318853,8.667241454761301,129.82307182205017
20160730,145,73,368,526,47.66910118771302,70.52288943420471,407.80800937808226
20170102,827,50,619,880,93.51262167424143,122.32142565224345,664.1659526735151
20180914,128,56,363,690,43.76100214049474,102.37607843471727,543.8629194247881
20210824,249,18,704,953,26.086698027653366,80.94852377152523,845.9647782008215
20230321,654,55,746,349,32.86849496553154,49.92793484904007,266.20357018542836
20150813,646,64,85,851,60.136221428793576,67.60320327713525,723.2605752940711
20220510,185,11,888,347,8.049097758753444,47.45254833189657,291.49835390935
20150805,353,28,406,192,26.3862637112603,17.4179229115322,148.19581337720751
20160808,827,100,247,471,50.59229915412032,29.140353302478577,391.2673475434011
20220224,634,45,434,823,107.6227524904233,96.83926004584453,618.5379874637322
20140429,863,84,988,772,81.57694721973226,92.34170152930498,598.0813512509628
20170516,780,63,468,537,71.1093168575991,73.04667763430385,392.84400550809704
20200117,558,11,62,285,26.31022244745703,38.92784046142235,219.76193709112061
20180522,240,59,982,947,127.32020266582148,119.53832491815349,700.141472416025
20240304,400,26,984,829,92.53390220304345,90.4666895642999,645.9994082326566
20170828,71,16,726,514,33.82391604879685,50.89697766553328,429.27910628566985
20240314,929,19,249,732,101.82844085849212,98.61978407605764,531.5517750654502
20170520,484,91,138,599,26.018851194467707,70.08559388397894,502.89555492155336
20180513,130,54,125,526,76.89587209252532,75.31585059749084,373.78827730998387
20231110,27,15,130,671,31.234361613233354,36.27828154379907,603.4873568429675
20200911,43,76,263,333,21.235273263206658,16.957553932072216,294.8071728047211
20160810,605,62,358,610,51.030575615519034,77.9636027840136,481.00582160046736
20151221,213,69,68,649,18.246165336817132,57.58853057347076,573.1653040897121
20180504,145,40,194,567,62.64899500634865,84.00833081437685,420.34267417927447
20201121,479,43,781,175,19.779196730552428,12.694703536119123,142.52609973332846
20150115,852,35,27,941,34.83405068754688,128.87230944161297,777.2936398708401
20150418,942,34,166,368,26.222012818318728,54.56615600273631,287.211831178945
20140622,258,18,656,222,31.882257642222637,14.786635737983701,175.33110661979367
20170130,417,33,883,983,68.26670364477971,65.80419311474964,848.9291032404707
20180711,298,2,748,595,58.3100142486068,64.672223918228,472.0177618331652
20191209,850,90,864,928,120.61309616125888,133.21970228717953,674.1672015515616
20150819,702,47,771,405,46.73780188030173,39.86460298577292,318.39759513392534
20141113,1,15,286,403,60.1751040908492,50.769300153104325,292.0555957560465
20150403,194,18,851,923,120.5505592700307,127.56604600524358,674.8833947247257
20160904,366,23,457,971,78.08365189554593,80.9626580435798,811.9536900608744
20190523,832,39,820,779,51.506727513032544,115.52495634504197,611.9683161419255
20180327,352,22,150,523,31.776665122873492,66.09671381874958,425.12662105837694
20160821,268,64,904,282,23.515578619023145,18.405058054619705,240.07936332635717
20180801,398,71,633,972,119.0992535671944,81.93833108871601,770.9624153440895
20201211,48,56,159,184,4.122236318073003,24.966505186506396,154.9112584954206
20230125,91,1,769,685,48.828489540101174,48.72594188890177,587.445568570997
20161102,39,40,958,596,18.05641369203122,68.67959181033473,509.26399449763403
20161029,213,90,338,909,24.11699785024358,52.29783764852172,832.5851645012347
20140614,262,38,666,727,77.24153406583649,77.89142230707624,571.8670436270872
20210923,674,70,471,916,41.87067792605346,92.21008963387855,781.919232440068
20161231,603,90,886,649,47.993536788233605,79.24232356316357,521.7641396486028
20170403,365,8,521,757,45.29482646683305,110.94462746310607,600.7605460700609
20221201,456,9,6,658,78.18039154162976,57.17195211090939,522.6476563474608
20191222,949,66,831,642,30.80987999805286,81.41469373002732,529.7754262719199
20231008,637,10,668,188,11.413909802809561,22.010213738577473,154.57587645861298
20171231,969,67,907,767,37.67858409948662,56.10903177050692,673.2123841300065
20180808,394,15,284,414,40.165326639451216,57.20991431772001,316.62475904282877
20210524,124,31,847,416,37.17459379426831,52.98291875493125,325.84248745080043
20180424,33,60,583,793,53.45826211083211,53.815950233380015,685.7257876557878
20220520,504,30,12,232,30.668286172640936,12.367824047525344,188.96388977983372
20141118,738,21,180,419,25.145562490730924,44.55653447897565,349.2979030302934
20171207,884,94,286,169,8.890064471951879,9.53557230490039,150.57436322314774
20160805,636,31,228,897,24.329993906217204,48.91158449875345,823.7584215950294
20220209,751,63,975,159,16.02676314520145,15.313140565482902,127.66009628931565
20170723,425,4,93,731,47.4504688281615,106.47698740754873,577.0725437642898
20190711,979,73,129,600,83.42249713623417,62.09032903553693,454.4871738282289
20221209,945,20,457,532,77.82405381783794,42.47769936446008,411.698246817702
20170731,130,77,258,476,23.679042040420786,54.021415718205915,398.2995422413733
20221017,943,11,576,822,33.88340743738763,52.55064623285031,735.565946329762
20180329,348,93,859,303,30.200728928559915,42.55828166162089,230.24098940981918
20230401,821,49,694,667,23.374591944241857,73.73207902350285,569.8933290322553
20230427,184,36,124,299,7.923118162434961,17.788245492338064,273.28863634522696
20140712,641,31,970,462,22.839094542421886,50.14567172635506,389.015233731223
20140825,537,47,342,473,9.851538164237965,37.10151651194562,426.04694532381643
20190208,585,9,587,731,68.53102455046216,101.3257235293864,561.1432519201514
20150215,554,17,599,967,112.90984991014435,123.78031765337366,730.309832436482
20170305,948,42,977,688,97.9330724992985,39.291899489971854,550.7750280107297
20200626,105,16,296,248,28.740769514592,23.824895163618326,195.43433532178966
20210413,400,74,816,632,38.55643706715493,42.66104289548819,550.7825200373569
20190827,533,16,267,403,15.307180406492096,45.4490082709853,342.2438113225226
20160309,868,95,832,802,81.73814658836075,71.70509065064924,648.5567627609901
20180517,241,32,413,657,84.14148220443741,41.77284716902084,531.0856706265417
20151202,514,25,885,548,32.65169924566689,81.07020996075863,434.2780907935745
20240630,236,85,756,784,63.55617478350965,66.50024735648587,653.9435778600046
20140124,468,11,992,547,48.26416594566158,34.382381864561495,464.35345218977693
20170922,36,57,772,294,38.148209357801825,20.35742575216638,235.4943648900318
20170508,506,91,30,736,50.38294548415826,72.01901156873973,613.598042947102
20170720,360,22,652,936,85.4926654247903,108.9150072438196,741.5923273313902
20191220,535,34,625,461,57.723617293225225,33.841372921906036,369.4350097848687
20210601,52,47,540,408,32.03533909741042,34.263996119622185,341.7006647829674
20161002,599,75,681,646,44.55250366933842,84.54195538298406,516.9055409476775
20210304,184,10,449,563,16.03387998010693,52.909318488485205,494.05680153140787
20150921,703,3,889,745,33.271547115800225,95.76465712205348,615.9637957621463
20240610,790,22,663,947,68.00916341393774,47.72753019567747,831.2633063903847
20230918,980,51,254,501,63.500869593555976,71.36633485717822,366.1327955492658
20221112,204,98,109,886,51.24825756816091,93.43645592374808,741.315286508091
20141224,772,18,485,845,101.26983359991739,51.58464437175605,692.1455220283266
20200315,797,75,465,710,87.66055863727512,85.9915105647739,536.347930797951
20180207,749,94,915,892,105.75617432030728,74.46072662365836,711.7830990560344
20170125,590,53,842,655,79.8031258437718,86.6055286172129,488.5913455390153
20140503,555,35,74,245,19.94289128356689,19.009988856535163,206.04711985989795
20180428,59,91,427,966,106.54961711898666,100.98149236143256,758.4688905195808
20140227,62,33,250,928,91.87636691082834,108.29093278898344,727.8327003001882
20221124,889,59,267,483,71.93512305167715,52.81730563634878,358.24757131197407
20200607,462,24,124,155,20.384796135302178,20.726298473186016,113.8889053915118
20181107,127,50,946,919,107.24585047239867,122.58670234457584,689.1674471830255
20190113,360,16,169,672,45.02781163487487,52.4266643895931,574.545523975532
20151110,223,59,919,491,9.946191965713322,47.01379118841995,434.0400168458667
20190323,724,32,305,522,29.182303793539294,47.10714072588293,445.7105554805778
20160128,666,82,588,640,40.89548376622052,95.77384941672719,503.3306668170523
20190919,774,76,255,279,15.818894293488944,31.570429781691953,231.6106759248191
20160212,604,67,707,108,15.63705070034324,12.18895570738615,80.17399359227062
20150827,995,48,219,437,40.19793610090671,34.68766933684975,362.11439456224355
20220410,454,18,952,695,88.94865517587766,52.0238478141355,554.0274970099869
20170606,605,40,17,936,83.08642866963459,136.89999164327443,716.013579687091
20220827,579,6,802,201,8.0519564761384,21.64071805114102,171.30732547272058
20221128,94,81,109,669,19.507924015838107,95.2620128892475,554.2300630949144
20240129,890,82,657,217,17.151114424520227,22.753378508717226,177.09550706676254
20220413,780,99,248,243,29.247679416073293,28.30286628844098,185.44945429548574
20150615,714,26,232,229,29.419068726957782,33.33734139588705,166.24358987715516
20160526,168,80,718,917,45.63639328150776,86.21075661435049,785.1528501041417
20220125,675,57,442,650,90.4829437586827,71.41091099933662,488.1061452419807
20140307,722,46,358,433,19.820651381753866,27.08586650166923,386.0934821165769
20220205,795,71,718,935,88.355963889051,112.49092600655169,734.1531101043973
20140809,884,55,395,521,55.948255342804096,56.26416278785604,408.7875818693399
20180114,141,98,372,370,41.412612181022915,28.82333076545935,299.7640570535177
20231213,631,18,634,868,18.638951220824058,48.31896636242708,801.0420824167488
20230629,5,28,712,869,107.2040314307241,90.7591406443807,671.0368279248952
20240508,205,20,442,264,31.812801515210108,23.166458007427117,209.02074047736278
20180520,954,40,52,184,10.415781990880012,26.215880015652143,147.36833799346783
20190308,693,43,685,565,31.652456371862435,81.72100164515123,451.62654198298634
20151031,817,74,179,443,10.068121320341229,41.796733456535044,391.13514522312374
20170204,606,73,788,430,20.09863090046222,55.701450148355796,354.199918951182
20240715,884,54,631,405,57.267854568007174,27.86884362318299,319.86330180880987
20170904,179,50,122,543,56.15022402509367,56.05793338699443,430.7918425879119
20150225,170,54,970,574,42.722147384258676,67.79783479994967,463.48001781579165
20170428,344,38,790,800,33.25084912118209,46.72988394615601,720.0192669326619
20210506,121,91,325,995,45.244720939959,88.19614733835897,861.559131721682
20210302,578,61,526,129,5.175009164137534,14.614130112039046,109.21086072382342
20140416,807,51,3,559,65.51900046008517,79.3463626047706,414.1346369351442
20160714,594,75,587,736,35.176396414198955,92.1358389280295,608.6877646577716
20150705,789,14,484,259,22.289401781304612,29.715974904354912,206.99462331434046
20231202,67,39,885,767,54.36997772097382,88.07982626949963,624.5501960095265
20221129,949,82,172,103,6.128361453594799,7.522496253060605,89.3491422933446
20230701,585,60,209,429,50.752298839711216,29.353483184396783,348.894217975892
20211124,456,38,530,750,69.46937401415363,46.712092037005185,633.8185339488412
20140702,748,78,396,184,6.642262658114617,25.216449543501806,152.1412877983836
20161027,770,21,711,721,49.466142568039245,75.54778419590907,595.9860732360517
20240615,295,5,775,139,4.2729930065506405,19.9862210035598,114.74078598988956
20160911,624,79,500,220,20.047750336882423,21.465191303487572,178.48705835963
20210731,796,96,74,394,47.227436953178035,40.997318968312584,305.7752440785094
20221027,212,90,455,777,82.60484138342485,45.19309720502699,649.2020614115481
20160204,498,69,611,590,19.79278519421461,68.61305589993258,501.59415890585285
20160119,753,80,653,656,38.17485159014148,91.5882552883544,526.2368931215042
20210929,950,52,129,624,31.2578012853301,51.206837096330894,541.535361618339
20220512,824,94,190,606,26.79023746179711,37.08163299044986,542.128129547753
20230515,257,29,535,202,13.231937771565265,20.274516433702956,168.49354579473177
20230615,325,54,701,583,32.06431489716481,74.46671096027804,476.46897414255716
20230802,251,4,803,380,21.281223370812082,20.976532913374122,337.7422437158138
20211014,4,94,575,328,43.83566672954305,25.752655406653833,258.4116778638031
20210526,655,39,1,259,5.902108191495114,30.045714228689047,223.05217757981583
20211230,722,13,404,987,116.85355057682747,73.03895887177757,797.1074905513949
20150214,382,94,574,476,32.29894811270844,56.541991647489226,387.15906023980233
20210429,478,17,723,887,47.230379236776876,63.85454809556508,775.915072667658
20150122,838,44,420,899,73.52763520616124,45.77235443661348,779.7000103572253
20161011,497,50,740,673,87.56656795478371,36.62874505912542,548.8046869860909
20220512,203,83,174,527,57.151348195124335,30.29225956586867,439.556392239007
20151217,237,3,888,239,5.65649402889974,19.522158479441842,213.82134749165843
20150805,236,24,910,113,12.854111425007249,13.637514641463625,86.50837393352913
20181017,909,70,888,395,34.08427512008577,54.72357806225227,306.192146817662
20180404,902,85,385,683,97.43482660353158,57.00883675108343,528.556336645385
20220619,937,89,883,702,54.72122771525474,85.23789862835874,562.0408736563866
20150613,843,16,628,279,22.441318675400836,22.68222853170811,233.87645279289106
20230128,487,80,851,766,113.16032147105483,46.69648941526799,606.1431891136772
20220102,861,49,100,408,19.198078072548274,60.81773037058568,327.98419155686605
20150507,32,22,147,247,21.041003358482882,19.970972930621034,205.98802371089607
20150508,824,1,64,780,77.36321752037588,108.90958984811648,593.7271926315077
20140602,891,67,993,512,45.14327758869437,58.6894364117012,408.1672859996044
20180216,402,36,292,526,34.018654340814265,56.32804208297757,435.65330357620815
20150930,187,33,650,546,41.039762735786915,33.78981144272362,471.17042582148946
20210317,972,8,611,443,13.855843252631185,56.82865455951622,372.3155021878526
20160116,309,78,433,893,100.87425425670338,111.40631117042295,680.7194345728736
20190504,988,44,178,177,6.723895794747003,17.745348340301454,152.53075586495154
20200124,64,69,809,210,24.488551488646962,23.19864672572664,162.3128017856264
20170606,468,96,852,542,46.28911960929957,49.70038759505309,446.01049279564734
20200319,639,58,677,505,61.03844678169025,57.49436225959248,386.4671909587173
20230916,248,5,553,636,87.43908232998609,94.11640794716692,454.444509722847
20160723,823,46,523,335,20.776985483415697,28.278831542195345,285.944182974389
20230826,667,51,897,404,35.02820363862997,43.48743935302227,325.48435700834773
20190801,457,27,425,753,107.62650541193602,40.01575173641187,605.3577428516521
20171115,138,31,841,950,46.77193540457784,94.98394272187522,808.2441218735469
20140127,350,82,133,490,43.78472664094245,68.61308406659836,377.6021892924592
20220122,972,99,395,562,28.262836316936728,28.243233977348112,505.4939297057152
20140602,249,52,473,158,14.990855758508179,12.721120722151218,130.2880235193406
20231005,728,39,162,657,35.25635100776889,76.88492264675858,544.8587263454725
20160515,657,77,31,134,12.410675454712532,16.16141224708919,105.42791229819828
20141128,741,37,863,319,41.5759895529586,35.68121241328419,241.7427980337572
20160210,65,43,454,785,84.3831000284523,86.5916107078611,614.0252892636865
20160422,463,58,467,228,26.899965921547302,24.311048692412676,176.78898538604003
20220723,291,30,115,128,18.66076329973426,12.135102901044604,97.20413379922114
20210130,147,5,990,208,18.436791878559877,20.370780451442062,169.19242766999807
20180510,916,29,47,587,25.60408335703557,69.69406095375969,491.70185568920476
20140525,243,17,390,332,33.69889552733641,48.990332903653645,249.31077156900994
20150718,114,92,946,490,33.0149552216583,41.94026661824948,415.0447781600922
20170901,320,30,422,450,65.6606847664147,29.547958533541614,354.7913567000437
20200704,394,92,816,547,47.46567496770728,32.6165480496123,466.91777698268044
20170712,553,18,565,143,3.654025448063803,18.69633190743902,120.64964264449718
20150923,179,99,145,400,54.40953557018125,48.016293581139216,297.5741708486795
20191024,588,61,623,111,10.953923218789514,7.6636940255397485,92.38238275567073
20140907,688,4,453,147,11.671270704271715,20.41679299144163,114.91193630428666
20160901,446,65,711,439,31.76839085644956,55.283085217430425,351.94852392612
20140818,568,3,439,533,39.96961892128304,30.391732100729403,462.63864897798754
20140211,283,96,536,549,30.493108715443938,30.77771703738831,487.72917424716775
20180417,591,73,277,997,32.91790516257549,130.5705686283167,833.5115262091078
20181010,362,56,87,763,43.050645929162584,110.21980750708545,609.7295465637519
20220721,130,61,342,229,23.947021481202142,24.625934319414863,180.42704419938298
20151219,980,100,494,239,12.359556897999699,11.98843790120205,214.65200520079824
20210329,446,60,797,274,24.831461140145958,34.801830070456155,214.36670878939788
20190108,60,86,901,303,30.412293560534327,18.98040635569647,253.6073000837692
20150221,353,93,759,427,40.301713696918725,32.286916039723316,354.411370263358
20150115,707,82,533,443,36.18099343555504,33.939698115340605,372.87930844910437
20240328,638,4,370,970,47.360394719157455,112.65081593437033,809.9887893464722
20200930,409,26,710,198,16.38315710775205,14.243889420957697,167.37295347129026
20180702,224,19,380,904,97.84157855553488,101.56525124365008,704.593170200815
20190711,350,54,736,195,11.13773615049813,22.570350379689497,161.29191346981236
20210802,233,84,934,723,77.73681327575378,71.18112665097753,574.0820600732686
20190509,968,27,170,180,6.801895288455015,13.977001047225341,159.22110366431963
20180914,848,41,715,862,110.06662929463984,99.39677541391522,652.5365952914449
20211105,929,40,75,466,60.48575599850589,53.24216754865706,352.27207645283704
20150825,167,91,933,521,26.892456237236605,74.93669572850943,419.17084803425394
20190124,117,29,213,117,11.051951225627919,16.092372416496048,89.85567635787604
20160223,889,31,524,924,129.93069895414467,69.27029962274518,724.7990014231102
20160112,144,63,384,573,49.353011243329334,46.28565072328671,477.36133803338396
20140807,669,24,184,924,76.43267762006408,56.70685176665911,790.8604706132768
20140115,345,81,534,134,13.75176162848803,7.780011158656525,112.46822721285545
20200109,859,25,657,985,100.6063118677777,66.6044699926477,817.7892181395746
20220418,52,58,689,580,19.869790503553407,78.39880596946784,481.73140352697874
20181018,387,35,803,404,23.164371095855323,31.103789668265534,349.73183923587914
20180101,700,96,107,235,30.232766796301732,23.866422649495536,180.90081055420274
20150204,308,59,176,845,38.73923643545749,119.58400643367999,686.6767571308625
20151024,522,92,142,810,111.7721414725766,67.80791197985172,630.4199465475717
20160204,703,76,862,547,64.39601109860695,37.214889290382466,445.3890996110106
20181013,929,35,140,417,25.74132080479815,39.68016940610344,351.5785097890984
20230420,812,59,313,675,36.33740092327626,60.70118406440984,577.9614150123139
20140419,302,21,970,511,58.279764679354486,42.44893545575263,410.27129986489285
20191127,702,28,272,512,25.200081146211367,57.81511634169553,428.9848025120931
20170714,341,11,845,940,47.806476808216814,85.40212325259178,806.7913999391915
20170811,314,96,733,567,14.737463993800425,54.58736916262647,497.6751668435731
20210612,50,78,913,661,67.92210630664542,46.6957194294244,546.3821742639302
20210219,650,39,648,591,61.74808178997196,36.060800736199795,493.1911174738282
20170316,728,19,182,199,28.769707484264245,19.06956585791045,151.1607266578253
20151212,835,23,84,814,66.54049022034336,76.25149298824297,671.2080167914137
20210407,394,42,996,326,36.021926152947294,19.358921878408673,270.619151968644
20170610,657,92,329,962,19.38054673280723,115.95931256423994,826.6601407029528
20220226,615,56,488,214,5.98156393569893,21.342072485003303,186.67636357929777
20200304,186,7,887,502,15.100377513697662,56.475322779349376,430.424299706953
20200207,939,67,508,327,9.333863540992812,40.21946135155835,277.44667510744887
20230130,627,26,38,927,79.97268927002415,90.7556783490833,756.2716323808926
20150928,75,98,533,347,46.74019933868507,44.95706103854655,255.30273962276837
20191207,332,73,475,794,105.37806608347381,66.67273377469408,621.9492001418321
20240429,877,90,491,757,93.01247264961121,75.67673612824231,588.3107912221465
20210719,828,16,227,245,25.097077441435616,32.77007232605381,187.13285023251058
20180824,45,1,323,423,63.30831291317836,28.317612152210774,331.37407493461086
20160629,803,55,267,534,75.4408080145446,35.940699620085724,422.61849236536966
20200320,566,48,776,148,8.497604303360186,20.040264357340902,119.4621313392989
20141105,392,45,249,450,63.57126943529415,45.967137378339224,340.4615931863666
20230812,167,26,536,695,19.94121382851044,89.10441586396175,585.9543703075278
20220326,57,84,718,476,49.082828120172714,63.58404757765157,363.33312430217575
20170123,346,86,196,701,95.4926882336941,69.40170272079878,536.1056090455071
20191010,909,9,382,438,10.510003183908777,65.60129898819687,361.88869782789436
20200327,996,41,588,114,2.9234142116505404,12.243636673210034,98.83294911513943
20171223,714,34,800,456,31.77964823303367,38.473064483515216,385.7472872834511
20170508,265,36,318,597,12.643309322486246,31.231619410223278,553.1250712672904
20230415,263,46,339,767,58.396245224266615,83.27111477807243,625.332639997661
20161020,697,65,986,670,52.67014817295972,97.63965258289043,519.6901992441499
20230615,192,42,702,874,104.88231173436318,56.90527121198041,712.2124170536564
20150518,532,69,623,427,33.131467630582996,40.77133011571366,353.09720225370336
20230814,406,38,742,977,141.21839211814196,84.30559255275278,751.4760153291053
20230218,37,52,55,104,7.131928276212335,5.354255218379853,91.51381650540782
20230624,761,71,394,332,7.56823241180805,26.379519747772445,298.0522478404195
20190219,879,93,744,838,63.41075390612175,122.03382976799372,652.5554163258845
20140324,597,30,87,238,12.406682158770222,30.334353310548796,195.258964530681
20170718,887,82,808,235,5.937089793973754,22.48235626186801,206.58055394415823
20171019,857,14,455,587,68.0713272693903,41.082680071042724,477.84599265956695
20200801,457,49,386,748,60.59894538636259,64.51264673738221,622.8884078762552
20180925,680,60,188,567,80.87152563377754,35.25045850746412,450.8780158587583
20221029,292,28,257,996,61.3188518140264,116.98177662956313,817.6993715564105
20240715,881,74,436,491,30.41280853599815,41.20861586288448,419.3785756011174
20181123,707,31,847,172,13.934652915392604,15.292833409481212,142.7725136751262
20160731,282,59,271,289,33.161787837959196,19.805746029678797,236.032466132362
20170102,843,62,292,956,34.846055966741616,57.97088036412914,863.1830636691293
20160202,455,88,945,395,38.816782317539655,57.21653468492942,298.96668299753094
20201221,482,85,590,309,35.751788005457115,20.188755017904256,253.05945697663861
20230621,523,6,58,787,66.60302558321126,114.26597502717352,606.1309993896152
20211007,709,50,520,364,12.144735809593154,41.77428431055935,310.0809798798475
20220831,152,57,138,722,58.15907819487882,72.90285721097642,590.9380645941447
20200629,50,79,896,958,130.76004761593495,118.60276733740658,708.6371850466585
20160606,807,72,740,417,37.30266229207723,46.15185889918314,333.54547880873963
20150613,618,59,762,453,33.275180273359354,59.7493763435441,359.97544338309655
20190511,364,89,911,438,26.450150012440954,60.6077501490592,350.94209983849987
20170419,598,12,521,642,72.35405617919987,46.99708058919626,522.6488632316039
20190512,477,69,354,768,72.64298480156995,45.61204756089088,649.7449676375392
20201023,635,80,627,162,10.72741422760483,19.65381364923681,131.61877212315835
20170109,54,99,831,231,10.913018966244044,19.57300150654188,200.51397952721408
20200913,270,27,975,425,30.648575701981216,46.26511038085637,348.08631391716244
20220713,835,56,44,144,6.4787517018238905,21.2891635716805,116.2320847264956
20140602,884,32,953,925,95.09631942930774,108.26341200655077,721.6402685641415
20200512,881,51,852,174,20.22440001032697,24.637887140805432,129.13771284886758
20230112,218,68,824,391,14.60993907483143,27.9477945078396,348.44226641732894
20221022,72,85,275,961,27.384611288912133,72.20155355054457,861.4138351605433
20231029,28,47,956,873,127.23541899083953,85.00952910000272,660.7550519091577
20240512,832,27,684,690,46.99895273925395,82.22905190408048,560.7719953566656
20190809,612,55,150,752,98.7096133451976,46.735727294159275,606.5546593606432
20210605,372,87,829,958,36.23634737586352,89.10088937472277,832.6627632494137
20141028,35,35,694,438,14.458460163838467,48.40944810441664,375.1320917317449
20141212,30,81,734,271,22.176265986087927,33.05670255296537,215.7670314609467
20200210,434,20,901,318,22.92791782044901,36.33321074519784,258.73887143435314
20210621,565,21,327,404,33.543304126657084,55.24535504439618,315.21134082894673
20240629,779,22,997,731,72.70511474953328,102.07210065343166,556.2227845970351
20151201,915,31,385,965,84.05822139208762,106.02632728520344,774.9154513227089
20210328,517,89,662,913,124.65958900338899,86.2469099359072,702.0935010607038
20170413,428,16,280,350,34.64784411875491,49.18066992874746,266.1714859524976
20190621,317,13,330,556,82.60764450177375,57.151046676450804,416.2413088217754
20180320,318,46,607,166,5.209399714956954,18.24929073832928,142.54130954671376
20180817,355,73,155,475,20.064884936874563,51.312253391342736,403.6228616717827
20220324,257,34,930,956,73.18417511063511,49.15616904003076,833.6596558493342
20141106,36,85,648,711,42.16846687490637,79.80185046825332,589.0296826568404
20201024,804,26,868,281,41.58617850897013,22.520675829756236,216.89314566127365
20171223,288,12,901,160,18.39211905629306,19.80658216784657,121.80129877586037
20210617,527,6,909,273,34.33713671575247,17.81880113882527,220.84406214542224
20210928,739,84,534,466,32.74963356291838,27.420776171226372,405.82959026585524
20190317,794,43,214,706,98.62922277137041,65.39260589887937,541.9781713297502
20240720,112,89,530,385,42.12210090111212,56.91030749956149,285.9675915993264
20210524,631,97,93,968,31.603796047822613,77.51903651922419,858.8771674329532
20180402,467,23,569,163,10.389816885413657,21.93900165080792,130.67118146377842
20180629,34,99,615,463,65.13384031755828,40.03117029341583,357.83498938902585
20180622,913,4,703,343,24.925639892737262,37.89557811738024,280.1787819898825
20181110,301,16,497,412,47.437156359774676,61.06380854191386,303.4990350983115
20140316,774,71,212,775,80.81799759685563,94.20964999437487,599.9723524087694
20230501,364,67,833,560,60.86771125699185,43.64492005553888,455.48736868746926
20181027,133,68,315,795,43.69129864218394,73.62877172398697,677.679929633829
20170710,721,7,288,309,37.058803290345686,32.484305525597776,239.45689118405653
20140514,380,79,790,578,66.62566877845924,76.91125829906929,434.4630729224715
20191231,559,41,375,216,30.813238722897758,16.48553042565078,168.70123085145147
20240412,240,66,177,262,35.45811165569171,23.293334615174256,203.24855372913402
20190712,179,90,82,786,97.03721198639875,39.64970693184206,649.3130810817593
20171130,8,18,604,318,33.4411804380429,28.50532471913116,256.05349484282596
20200920,526,41,934,564,48.36539036214769,49.76635608159076,465.86825355626155
20160315,786,30,53,621,62.40196189255778,74.21508338049178,484.38295472695046
20141119,989,20,70,167,16.2317096083928,12.317675983547277,138.45061440805992
20151013,812,4,299,700,86.89316711166826,90.95367705850146,522.1531558298302
20190331,825,8,697,704,37.67119692913121,87.93682166054742,578.3919814103214
20210128,685,28,891,742,53.38228733960707,67.64983115267732,620.9678815077157
20171116,472,87,539,753,74.68390963878427,93.64079109014558,584.6752992710701
20180123,954,64,559,921,131.3126392017122,55.36584878699099,734.3215120112968
20230419,380,92,152,143,4.335072779884967,14.149061610505314,124.51586560960972
20230905,781,27,927,326,24.95515528769377,22.839820881966002,278.2050238303402
20210319,781,68,968,609,68.79751330534502,36.66020495371908,503.5422817409359
20190304,784,19,211,631,46.73567271269571,85.14272763719198,499.12159965011233
20221009,757,79,515,420,12.366043824095563,21.73442693184721,385.89952924405725
20220704,608,72,578,560,64.42593583304235,46.84753317924173,448.72653098771593
20160325,387,35,104,389,23.485568921869657,44.01526333831117,321.4991677398192
20180424,126,16,193,879,78.57022015989338,110.2432424601972,690.1865373799094
20160315,886,27,526,521,39.142766428274896,62.47639896761865,419.38083460410644
20231103,398,60,543,506,14.32100930053985,50.34397446266175,441.3350162367984
20231219,464,96,861,731,28.216802988780756,56.15844417927943,646.6247528319398
20150220,676,74,657,974,25.761170853792926,86.34653231671206,861.8922968294951
20190709,905,6,828,106,3.7451287115978786,6.82113262284714,95.43373866555498
20200720,606,65,131,368,42.46249387310428,19.934503533709268,305.60300259318643
20200301,442,41,729,429,36.98003533024223,41.13683822324105,350.8831264465167
20210620,492,30,770,849,111.46211126358274,110.68934588287605,626.8485428535412
20190728,612,68,717,915,47.48870252870948,114.69701691315178,752.8142805581388
20150326,763,41,198,104,14.488059390131294,9.400204113325515,80.11173649654319
20190717,590,100,268,185,25.575734307062444,19.59037598512265,139.8338897078149
20160206,225,63,753,193,12.018942095671088,24.128651025417827,156.8524068789111
20201127,682,41,936,173,19.517400386358585,23.73457017927919,129.74802943436222
20161103,96,89,814,856,93.97413145178547,86.30325368743476,675.7226148607798
20221113,350,85,307,396,28.633158620674084,40.97443849474888,326.39240288457705
20140728,80,14,834,479,45.12153407550772,54.95145009437477,378.9270158301175
20150416,801,6,424,353,18.318479834686457,23.670496085667544,311.011024079646
20150916,643,43,333,585,26.294062599502205,84.37498870710328,474.3309486933945
20220704,985,51,729,745,46.86418064186563,74.72040299265122,623.4154163654831
20190309,925,6,693,696,28.318341241791654,71.16306892375549,596.5185898344529
20161017,50,13,372,989,53.57976044150624,94.946521769021,840.4737177894727
20230419,972,52,337,676,57.43687898161726,86.01747602887292,532.5456449895098
20200305,770,63,39,682,18.440765332817765,53.807396562509965,609.7518381046723
20190627,661,65,599,955,37.75568073266795,82.56612935562877,834.6781899117033
20200913,938,49,444,168,15.631951003819568,16.50872847409066,135.85932052208977
20180329,712,29,127,209,18.33130428137213,23.649153026782173,167.0195426918457
20191230,868,66,24,495,18.230479578381985,54.51485982746305,422.254660594155
20240406,411,46,92,134,16.745765889861147,18.259329180411218,98.99490492972764
20190509,59,65,176,221,21.612290588794902,29.051393610549013,170.33631580065608
20171130,77,93,653,417,8.462238104194935,33.56963213286575,374.9681297629393
20160625,800,31,998,521,70.59544054168327,27.327863245842586,423.07669621247413
20140731,320,4,281,288,10.998110993215445,14.418601211830119,262.58328779495446
20210822,643,24,933,821,64.14492110721092,84.87769576042771,671.9773831323614
20230919,111,48,169,414,26.469282358569238,35.64945684894179,351.881260792489
20190510,137,86,82,338,40.020100099295696,20.648111951905673,277.33178794879865
20230701,260,67,609,225,20.589049942012053,27.31106662759416,177.0998834303938
20160814,803,87,669,359,46.010082309682886,49.63397432333057,263.35594336698654
20220610,583,19,681,906,58.453231842604,84.7632314545331,762.7835367028629
20220926,180,68,285,377,29.436757310291263,53.44765569261614,294.1155869970926
20160111,438,75,198,226,33.752894760639414,22.767082013461167,169.4800232258994
20230404,160,96,49,893,48.82383838746435,82.90957932492455,761.2665822876111
20150725,533,37,542,993,109.4923135171992,66.525973064175,816.9817134186258
20200514,602,45,897,747,53.99517375393468,70.4274741162333,622.577352129832
20181202,843,22,461,802,22.217717522620767,63.80135220788747,715.9809302694918
20150102,192,84,83,124,7.193981870899743,9.280555802358688,107.52546232674158
20191029,439,50,401,681,100.94298137967493,62.50983272687495,517.5471858934501
20150412,692,94,812,424,42.4209073008061,60.334482634201585,321.24461006499234
20170206,280,48,63,488,28.217450280842147,67.82963013688746,391.9529195822704
20170531,178,28,469,566,31.153324506726513,51.43023362613463,483.4164418671389
20140520,854,63,830,235,31.9577643387384,26.142110293371513,176.9001253678901
20230318,383,72,828,168,20.867454798133195,9.75463641564565,137.37790878622116
20220131,102,50,948,432,16.065716205460646,29.99964525342268,385.93463854111667
20170625,69,51,36,678,62.874309903229154,39.6003294347271,575.5253606620438
20210207,18,94,780,154,10.513205912801181,11.384759527710283,132.10203455948854
20220907,603,78,39,830,52.198978095897914,104.2653498411687,673.5356720629334
20201227,615,39,283,730,43.16696020864712,48.40982341000671,638.4232163813462
20240615,892,80,977,478,68.64961390853294,39.9044356051468,369.44595048632027
20210117,606,73,545,199,29.322728959568888,23.190137580812536,146.48713345961858
20140807,272,72,731,217,13.0507599214874,29.380187242534912,174.5690528359777
20240420,314,30,666,792,80.06471932920701,55.70224483766858,656.2330358331244
20141010,175,73,868,406,37.22743644606886,56.24734806099429,312.52521549293687
20211018,177,99,781,540,59.531593933025455,75.66741815187426,404.8009879151003
20150510,329,46,181,257,23.464958199323267,19.558619485514935,213.9764223151618
20150202,660,67,178,503,30.39252746911589,28.935250361119913,443.6722221697642
20220721,342,79,803,311,10.491052438765553,23.69544757850045,276.813499982734
20171025,370,43,753,650,40.615582862655195,63.601872530426455,545.7825446069183
20201102,891,1,435,863,47.39311412977693,103.15639030726018,712.4504955629629
20221211,751,35,218,778,24.39867244432752,55.63364536844444,697.9676821872281
20200826,711,69,820,192,16.332804237854102,15.396904620703562,160.27029114144233
20190710,687,10,213,716,37.58865832080551,62.14057558518508,616.2707660940094
20150512,442,86,322,926,55.686762293481635,115.91327495175824,754.39996275476
20160816,871,54,568,714,18.789123035106357,84.93554689032653,610.2753300745671
20230614,526,34,913,841,103.87242591374168,84.44940266943034,652.678171416828
20210703,567,99,594,475,29.422533194810082,68.3080049535873,377.2694618516026
20181229,248,51,552,551,79.09771430121245,60.2923601022978,411.60992559648975
20190514,523,86,352,482,59.843269096057654,55.51010173045727,366.64662917348505
20160624,416,21,86,502,41.10583412058184,50.2936818706069,410.60048400881124
20170704,340,19,675,416,57.87744736769379,36.869209225674254,321.253343406632
20181101,162,90,466,516,43.34885146499758,31.372047690203203,441.27910084479925
20170405,143,77,59,565,41.76178847018158,47.2624135723766,475.97579795744184
20160105,489,68,681,451,23.584229124631204,30.166804583093747,397.24896629227504
20140913,492,91,783,633,14.320838613151247,53.62478437814519,565.0543770087036
20200322,296,97,567,384,13.006712335640106,23.194967874317406,347.79831979004246
20200723,477,22,816,978,88.0102531830192,76.14003256716383,813.849714249817
20170609,966,61,104,981,82.32836724576873,135.4031850500738,763.2684477041574
20170329,468,85,955,249,35.35119045756807,14.565996365921022,199.0828131765109
20141212,644,34,179,427,26.832010767497508,27.520240046777296,372.6477491857252
20150324,346,51,270,714,19.931754756569664,93.6311725245211,600.4370727189092
20151016,663,50,9,548,13.478298909970741,53.7317856072658,480.7899154827635
20160108,926,45,354,584,15.182681723393644,56.28794274106186,512.5293755355444
20180702,944,39,266,735,56.08957451828173,82.47850947543573,596.4319160062826
20191212,38,75,741,363,7.355907403047619,32.236323970808016,323.4077686261444
20200603,898,75,732,126,10.556942403746483,14.021439155297381,101.42161844095614
20140807,151,61,683,132,13.963766175429488,13.513184454892075,104.52304936967843
20190224,559,2,232,525,57.802365145845826,44.79968788319106,422.3979469709631
20200102,351,71,873,577,55.94843406003723,39.94676503975671,481.10480090020604
20150103,702,90,166,857,78.56967267722239,125.09399836681632,653.3363289559613
20200912,874,50,879,751,100.3661308690909,101.28645467461892,549.3474144562902
20240624,418,15,658,798,46.91664831644333,100.64383937481489,650.4395123087418
20220731,933,62,860,636,92.14513223148997,70.36571329758286,473.4891544709272
20160218,637,60,703,220,14.042149153290959,23.586056969491352,182.3717938772177
20211222,690,81,239,425,37.85647143189426,31.26535985724413,355.8781687108616
20220228,948,74,800,919,38.546962252169784,99.60139633922056,780.8516414086097
20230421,575,81,302,715,51.05612581512267,41.866706237002816,622.0771679478745
20240714,996,82,964,314,26.073275710321916,32.66998097403416,255.25674331564392
20240630,317,70,225,609,46.424353328196794,46.533372168126355,516.0422745036768
20210305,443,36,951,998,125.05208507236313,149.25085283449178,723.6970620931451
20191018,741,78,289,296,15.923061930717056,23.312951400015553,256.7639866692674
20201102,604,94,779,742,59.59270693647201,43.99700050632887,638.4102925571991
20190926,485,92,712,955,100.9854381433112,59.9384649127505,794.0760969439383
20170907,881,32,68,259,5.737104725679715,23.60583537818407,229.65705989613622
20190228,616,70,632,765,83.95051722279685,56.84707352616104,624.2024092510421
20140930,631,68,722,333,42.33081525742844,20.53397598388549,270.1352087586861
20180402,705,92,613,928,41.62688242584329,100.69100540146634,785.6821121726904
20210505,240,76,500,525,67.35830601245603,57.340063204730036,400.30163078281396
20180325,849,50,724,892,77.76387523386099,92.64629112918252,721.5898336369564
20180712,968,56,214,444,21.949778953160497,38.82021438316236,383.23000666367716
20220820,991,29,517,705,105.40568282803845,94.37849101087666,505.2158261610849
20210505,773,98,627,565,80.189217916307,28.990368220245532,455.82041386344747
20140910,555,1,337,599,67.92905074078803,87.65148417402752,443.41946508518447
20210306,295,55,282,348,30.995221335440966,43.71248545669254,273.29229320786646
20140517,198,73,208,317,38.568959003039744,41.4880497456663,236.94299125129396
20190302,703,59,672,838,43.29243933614581,49.023700654920425,745.6838600089337
20180205,44,16,584,396,50.973679996135644,55.76941225686017,289.2569077470042
20170723,858,97,940,756,56.918605840669564,53.6762453995942,645.4051487597362
20201126,234,36,613,388,19.54588933354161,54.00006073043735,314.4540499360211
20171106,762,17,533,376,32.855919728447134,26.803852225396845,316.340228046156
20200305,997,79,307,651,63.45721961040113,74.95076022095739,512.5920201686415
20161220,743,31,601,481,66.48700483526649,50.50089857324932,364.0120965914842
20181119,715,77,687,219,26.33164585985617,22.398557945960974,170.26979619418285
20180128,503,10,449,409,39.49209127433572,52.06216312509717,317.4457456005671
20221227,860,96,435,492,44.44711748352692,43.77054389414938,403.7823386223237
20230817,660,79,963,767,104.78796425716554,42.76734774288452,619.4446879999499
20161109,802,63,952,344,48.8470403297789,34.339119643372555,260.81384002684854
20170916,654,41,138,300,40.05598648748773,20.870637956723574,239.0733755557887
20170827,307,3,573,232,33.15427918008642,29.730835064050087,169.1148857558635
20220309,530,50,276,977,117.04179711196441,110.64360298657014,749.3145999014655
20171027,68,71,490,373,32.75226181942191,41.965258586555066,298.282479594023
20231129,970,98,747,112,3.1645564065711635,6.040528863529895,102.79491472989895
20171004,447,10,359,643,91.91236668880639,91.77017765306249,459.3174556581311
20230614,40,97,588,255,35.89693338873281,16.233787527931668,202.86927908333553
20140624,218,54,269,783,110.57306669202664,109.72826490847852,562.6986683994949
20140329,381,53,492,666,59.47361719255615,45.002938698808485,561.5234441086354
20220908,43,6,426,785,110.55945081258183,85.86558849491101,588.5749606925071
20200724,358,17,967,213,31.011489056809356,28.468838398950155,153.5196725442405
20171211,553,33,512,668,67.81260442145648,33.627185923089854,566.5602096554537
20231129,943,65,605,362,23.404097835546636,35.21798112900087,303.3779210354525
20210507,934,61,908,357,10.541682479737608,18.331918655227394,328.126398865035
20170404,487,52,856,667,31.62609235453604,71.87882780097267,563.4950798444913
20200208,415,75,817,189,5.7073596802395254,11.29589424151958,171.9967460782409
20220625,497,19,590,300,37.08218364053703,41.648468166895306,221.26934819256766
20170409,784,80,980,555,60.32276471102131,70.2758003025883,424.4014349863904
20191218,337,69,950,643,67.60526755422404,60.39447291151768,515.0002595342582
20190511,894,91,230,643,36.37987286892368,70.35715632123699,536.2629708098393
20240512,987,63,821,435,37.87415616129526,27.486179153645903,369.63966468505885
20141107,600,64,452,953,130.38032390172086,78.43326063844258,744.1864154598366
20231104,732,81,265,218,19.17532345573318,20.226388810205915,178.5982877340609
20141209,521,99,666,888,73.24723721070386,116.30592047213962,698.4468423171566
20220819,164,2,846,801,75.59230378647588,80.78067180263845,644.6270244108857
20210805,250,26,93,277,25.4436206023933,37.441202965452824,214.11517643215387
20231208,465,19,543,335,8.665440883457332,17.922258006431964,308.4123011101107
20150906,846,92,538,512,42.47566898132504,35.573958810882594,433.9503722077924
20171125,85,1,507,259,31.24998637611799,22.067730721132563,205.68228290274945
20190421,792,58,294,419,18.2542986321391,38.464640303728224,362.2810610641327
20190313,660,54,906,364,31.700650616013025,48.567826223841145,283.7315231601458
20140804,357,74,816,277,9.936169970716684,23.891911089609966,243.17191893967333
20150616,237,5,331,876,117.20318157556248,66.37998953821479,692.4168288862227
20161124,574,11,780,399,53.390712646865616,55.75450994349283,289.85477740964154
20240416,701,63,974,739,58.264647503758745,76.28052581295259,604.4548266832887
20160207,16,19,648,151,17.79693275756133,19.519721593111456,113.68334564932721
20190627,582,48,928,674,79.464225391476,81.45190789785366,513.0838667106703
20191107,524,47,868,828,56.35668116042804,124.1157727476923,647.5275460918797
20230614,232,12,174,452,41.755219456117324,24.55664633234187,385.68813421154084
20180313,912,1,751,408,17.910888740298482,57.90901246917076,332.1800987905308
20160706,711,77,245,635,94.87351023417557,61.404386131022136,478.7221036348023
20190625,778,3,660,489,61.739009690090136,61.36850547917321,365.89248483073663
20200624,985,44,30,869,117.4969298944451,52.31098954009703,699.1920805654579
20200413,603,93,793,113,14.030080202053716,13.948177737472287,85.021742060474
20210421,344,56,623,289,13.776934496223628,26.86614436916098,248.3569211346154
20210606,289,53,445,430,11.583804302269444,33.58381406851827,384.8323816292123
20201003,30,34,134,385,50.19231729336985,42.60523332585629,292.2024493807738
20140318,517,47,922,961,124.1339352893729,75.42958641101114,761.4364782996159
20190519,939,86,279,998,72.04304617955374,108.0199338303616,817.9370199900847
20161113,451,98,237,149,10.836673053684235,13.463450470710708,124.69987647560507
20190828,201,21,66,830,115.34550324280556,83.81328837487962,630.8412083823148
20160705,863,44,672,343,16.627403246405173,41.41513665563937,284.95746009795545
20150113,85,61,580,788,42.267677218538445,82.71913189085234,663.0131908906092
20180520,165,53,829,495,14.968263584520717,68.01513478845698,412.0166016270223
20200910,171,44,730,257,32.50203281881807,14.830678877387454,209.66728830379446
20210203,989,26,601,721,43.057472447752396,50.33662848672145,627.6058990655262
20210904,686,89,659,772,91.50452610129858,46.65768658336323,633.8377873153381
20210917,359,47,666,728,100.10202595901603,60.59185912569873,567.3061149152852
20160801,370,91,802,132,14.315477700233144,7.672638036237483,110.01188426352937
20210421,182,55,689,565,68.03830990305053,64.37050125569283,432.59118884125667
20140629,953,13,107,121,3.264151873933338,17.538527788316195,100.19732033775047
20210227,51,37,578,525,62.84275952343662,37.15230345129869,425.00493702526467
20180914,431,13,260,733,63.148548794708546,57.371665994627435,612.479785210664
20140502,142,1,502,860,122.5529064950893,97.72022266896064,639.7268708359501
20220507,117,68,689,772,61.93152251755379,110.35670045790162,599.7117770245445
20150228,394,44,918,655,35.15633837630032,62.72407117477771,557.1195904489219
20220601,888,42,385,301,39.42658870413321,17.434975710132488,244.1384355857343
20150430,884,6,268,335,14.127461434130122,40.08085349611735,280.79168506975253
20150919,575,76,71,813,27.355881738992593,44.51505490309188,741.1290633579156
20190703,324,78,96,576,81.89122316057038,61.705838713748754,432.40293812568086
20190101,817,5,676,243,19.341175153546214,30.480516424220298,193.1783084222335
20211116,362,29,772,304,38.94321671420053,27.260651566356323,237.79613171944314
20180831,688,32,495,449,56.50478475859714,59.31213756595379,333.18307767544906
20151009,225,75,920,232,8.884294973930212,18.400955721778175,204.71474930429162
20190826,676,75,579,210,4.631507594724345,25.007073735426914,180.36141866984875
20220116,535,62,151,517,32.683878734620855,44.38628484819484,439.92983641718433
20160605,141,17,413,699,71.91319360479625,72.9695678857854,554.1172385094184
20181230,699,76,80,929,37.784232623743286,85.73892690858848,805.4768404676682
20171205,74,42,960,943,128.3910000453282,138.19919497914117,676.4098049755306
20191022,601,40,154,619,30.639820574805142,50.701690352487724,537.6584890727072
20170617,806,9,231,680,73.79429685782996,55.246840627073986,550.958862515096
20140819,415,60,416,953,116.27779861832116,48.5092614236048,788.212939958074
20160910,490,13,959,956,65.13629363420402,50.798497670495,840.065208695301
20200410,851,85,850,131,6.951915604208068,8.277665817534965,115.77041857825697
20191126,506,2,656,612,20.202932819861797,73.13351672357547,518.6635504565627
20141017,10,75,436,891,105.37229968040054,132.86418649484875,652.7635138247507
20160629,887,22,245,491,62.43028776789637,72.16471523084206,356.40499700126156
20150811,473,92,765,100,5.230881094680773,13.506410080694897,81.26270882462433
20220525,603,90,481,275,12.039036761302972,37.47545224126168,225.48551099743534
20210403,94,2,525,734,94.28786775481052,56.73840032133197,582.9737319238575
20191006,290,91,805,812,39.72413717893301,64.64661268206216,707.6292501390049
20140427,517,67,779,726,25.580610480348753,49.24301676718663,651.1763727524647
20141117,556,34,939,594,82.65775738874682,70.50295676415787,440.8392858470953
20140503,705,1,590,395,13.161666181993573,48.26090050037822,333.5774333176282
20181221,843,60,731,711,85.862603411195,91.34175034939705,533.7956462394079
20171026,823,67,612,817,61.36552907797878,72.01530861375582,683.6191623082655
20200823,83,65,774,245,32.33567310158772,14.99668818757454,197.66763871083774
20141015,585,56,849,758,88.89046308253386,89.05502672886303,580.0545101886031
20240619,957,58,520,626,63.1390104562909,37.76562758786211,525.095361955847
20240305,593,18,673,603,81.85083816107691,49.21811429224569,471.9310475466774
20191112,177,52,848,100,3.857474866355934,13.38068200033139,82.76184313331268
20230813,475,67,176,867,59.826201634317975,65.91726609647039,741.2565322692117
20200516,733,88,615,873,30.28026292842037,77.24726013065775,765.4724769409219
20160117,202,96,526,935,140.19499978429496,96.0975056560079,698.7074945596971
20171013,320,73,34,610,86.12262042003628,64.2715432982748,459.6058362816889
20181101,926,19,590,687,59.10373458526452,39.696621349781175,588.1996440649543
20160405,373,32,452,478,59.13606085953108,31.982918346634275,386.88102079383464
20231122,484,50,2,388,56.353979173216814,31.83838353094264,299.80763729584055
20140917,61,42,752,432,14.561959984654438,59.97455412159115,357.4634858937544
20141205,421,17,296,694,95.6035100145185,82.55813315328396,515.8383568321975
20150729,904,3,840,123,16.947252568208754,11.523796166316233,94.52895126547502
20160425,885,11,548,729,85.64344759411664,98.68895124507395,544.6676011608095
20171210,812,5,248,493,21.958996945961157,31.149687154019233,439.8913159000196
20190810,718,41,667,352,48.785209789283954,26.802555555055427,276.41223465566065
20190613,284,25,862,632,90.76829180182376,48.24399423036642,492.9877139678098
20171014,540,93,783,886,49.81425231902267,83.80562923100096,752.3801184499764
20200326,412,43,474,267,37.212977224588954,30.860270719555277,198.9267520558558
20211028,978,43,28,372,10.284203336613222,33.09361391336285,328.6221827500239
20200604,598,33,184,299,18.364390136153332,28.20179821684422,252.43381164700244
20200115,606,8,669,873,60.33482997427666,78.48151048282442,734.1836595428989
20240603,65,30,785,482,63.315439859305506,68.0869859087259,350.59757423196857
20181211,339,90,465,605,69.86460293630167,49.606056537262134,485.5293405264362
20200329,820,69,870,502,29.50415259491872,34.36228627052659,438.13356113455467
20221003,263,11,423,315,15.689152116449756,29.42959214171248,269.8812557418378
20140315,910,85,87,799,88.18805455949857,46.3096597234788,664.5022857170227
20210530,132,14,402,584,18.356741862417767,43.32384035818898,522.3194177793932
20210910,347,64,330,557,56.386100848030246,58.01090284281232,442.60299630915745
20180731,189,92,301,407,35.725895338851885,44.89888002567756,326.37522463547054
20221019,572,12,56,870,47.643605622730725,87.72496450456694,734.6314298727024
20220928,653,77,753,173,21.28194157494059,24.57023470124189,127.14782372381752
20210131,546,99,12,967,37.06933872390998,67.09098529640144,862.8396759796885
20170106,946,52,677,459,50.44228032629786,41.74176169258732,366.8159579811148
20191107,371,42,424,282,6.809977763721714,26.987301945320826,248.20272029095747
20141016,723,12,649,995,45.67558210161157,73.55128457477119,875.7731333236172
20200411,643,5,251,124,13.483452534398563,13.276046964663674,97.24050050093777
20170228,450,58,837,853,124.81214992161374,102.38222405010764,625.8056260282787
20171123,319,41,552,861,96.03851407815272,68.78283231204435,696.178653609803
20150613,305,81,680,373,41.918753375814205,24.26763251254603,306.81361411163977
20170301,754,9,254,770,33.670065381072995,105.24726055657418,631.0826740623528
20221013,837,69,769,448,57.363151613865995,61.43059765722404,329.20625072890994
20240322,999,76,397,428,47.68760444468781,23.44760805407937,356.86478750123285
20191213,98,39,820,575,18.781029020586402,38.92510326316793,517.2938677162457
20161113,400,22,641,114,8.21500372478042,9.704534969619727,96.08046130559985
20190306,274,80,482,478,55.424635915456165,64.24751441180068,358.3278496727431
20210621,90,97,971,565,33.962355580523905,41.381661937656965,489.65598248181914
20240415,625,38,849,340,31.602129040257974,30.00022967457304,278.397641285169
20190605,456,74,269,967,46.64902525368962,143.85971406205638,776.491260684254
20200501,93,46,888,384,17.145953598073426,27.88409615229948,338.9699502496271
20180627,449,57,342,236,10.939253058436078,14.308664401765794,210.75208253979812
20140523,595,11,848,232,20.323777479008584,33.60317665127973,178.07304586971168
20231122,515,24,921,827,63.449083339833784,90.51963241757957,673.0312842425867
20190403,98,18,871,188,23.81795555212119,27.885103459086988,136.29694098879182
20230307,837,40,485,144,16.92890676632696,20.766160765717913,106.30493246795513
20170710,832,45,724,887,20.60924813695815,106.71422322147916,759.6765286415628
20170130,916,85,657,807,111.30468156802043,107.65453055040444,588.0407878815752
20240604,814,42,532,662,57.58161121910477,70.99123978251114,533.4271489983842
20210712,783,10,449,829,51.87897305103885,100.47387301015387,676.6471539388073
20240111,33,89,350,160,20.87104300822485,9.293633542090964,129.83532344968418
20210428,724,66,268,196,10.268911304799655,26.53226779152301,159.19882090367733
20160323,834,59,197,876,97.20096354300958,49.8602590652049,728.9387773917855
20190521,175,59,914,498,60.02386997180196,47.158026070627734,390.8181039575703
20140917,758,29,328,875,82.56607039886289,93.02630002961288,699.4076295715242
20180823,149,38,439,499,39.61380762079184,54.24764920690589,405.13854317230226
20210725,313,78,698,815,52.75534965987356,58.52495136041304,703.7196989797134
20141003,845,53,382,451,65.49370310073448,25.64526911926727,359.86102777999827
20230128,764,71,260,653,53.325322836172234,93.10759899763082,506.56707816619695
20230322,262,50,96,127,7.185422148261634,14.422808410140597,105.39176944159777
20200117,283,78,314,845,30.085392177391032,114.65194642875554,700.2626613938535
20221113,881,77,40,228,16.338823411380414,12.374856826149253,199.28631976247033
20191018,801,48,717,539,29.575841615533875,46.96312504946788,462.46103333499826
20220919,589,50,311,113,13.50883364887653,14.60442751446918,84.88673883665429
20151231,740,41,595,123,13.20298529273494,17.784709164196745,92.01230554306832
20220609,551,96,97,397,22.44701533295344,53.38959997705062,321.16338468999595
20161212,812,12,500,376,53.635501791534196,24.66148453424513,297.70301367422064
20210817,396,10,257,121,15.559111992417746,13.246112161852228,92.19477584573002
20190730,425,17,341,486,30.38694126925172,34.160584641454484,421.4524740892938
20190313,658,27,526,586,58.713869891113205,56.53331080917795,470.75281929970885
20240101,16,5,291,652,93.24627770211323,68.59910085990316,490.1546214379836
20230120,458,52,606,969,31.502532247964144,133.81298921078994,803.6844785412459
20210613,197,96,889,579,81.88241335517493,44.685625883126896,452.4319607616982
20220419,420,40,313,156,4.559604024973893,19.537482575142207,131.90291339988391
20230626,308,30,215,730,99.77562093340333,85.6847159750305,544.5396630915661
20140515,644,67,776,765,30.669871145606194,66.55007089131645,667.7800579630773
20221201,689,58,273,842,19.71100295597866,119.16512924768335,703.123867796338
20161126,58,1,959,353,16.630216558399916,52.37614549008827,283.9936379515118
20150417,389,13,196,874,118.13269338775207,56.229142010519226,699.6381646017287
20230325,995,61,848,857,22.86829494892134,48.85531587028796,785.2763891807907
20140310,939,29,391,158,17.74629587623288,20.76303193188746,119.49067219187965
20160917,150,1,493,969,119.25261070899396,142.02023230737893,707.7271569836271
20200714,485,9,243,572,22.136530135412798,39.740071622177645,510.12339824240956
20140411,690,59,993,672,27.315624224249223,80.62497956728032,564.0593962084705
20200205,622,61,771,533,12.623817549435206,45.94186686186533,474.43431558869946
20220820,987,88,786,687,29.020728064678917,56.09955291760923,601.8797190177119
20200206,161,77,909,882,91.70709543501806,101.55684125869587,688.736063306286
20180219,10,80,131,565,19.783681356377723,67.61580284249314,477.6005158011291
20170610,788,28,73,590,28.865236662777853,32.662346582371505,528.4724167548507
20180218,505,75,620,345,13.182943756676334,26.1295042176026,305.68755202572106
20150105,417,37,668,383,55.18211408816498,54.33915435568784,273.4787315561472
20140924,824,53,86,497,29.57548792462927,52.69553220193526,414.7289798734355
20160906,846,64,51,815,51.498896057361534,100.23552812334039,663.2655758192981
20160208,169,71,170,795,76.87325311832606,56.95342680049275,661.1733200811811
20220724,372,26,974,744,108.0832805850799,89.92270042094012,545.99401899398
20150205,499,33,144,694,103.2252437965467,67.38966055977899,523.3850956436743
20140904,439,82,560,264,13.149664551808488,18.11665924379172,232.73367620439979
20181108,416,47,709,642,18.378876002435867,93.34520186508169,530.2759221324825
20190306,835,34,253,407,40.97205921845768,25.67371788729932,340.354222894243
20230509,797,69,665,281,30.738853845610482,16.4085122209635,233.85263393342603
20140422,740,67,709,289,42.86503369581754,20.608181638575783,225.52678466560667
20221213,546,68,272,556,12.368899363471431,38.50842428641785,505.12267635011074
20161110,564,33,501,421,22.818026076474023,30.10177739886641,368.0801965246596
20171227,876,59,589,622,73.8308823020022,80.23897454493778,467.93014315306004
20220804,802,56,698,382,20.612221821591067,56.27074644863041,305.11703172977855
20200313,483,81,836,199,24.42903408585234,24.157072192507574,150.41389372164008
20150402,480,89,429,574,74.44424503723808,65.93226767116468,433.62348729159726
20190208,434,27,256,293,42.5204634414723,23.332819128135302,227.1467174303924
20160314,135,4,827,953,129.93730390861938,70.1558498938934,752.9068461974872
20151023,700,99,269,913,52.49570411784802,49.26948330088115,811.2348125812708
20141119,393,4,204,483,37.1140744796865,66.01168875672725,379.8742367635863
20220327,267,1,635,400,29.481739451756617,53.263789444145935,317.25447110409743
20140318,134,85,286,284,29.297639934786428,15.3375653213986,239.36479474381497
20140127,48,16,137,430,33.93823994311985,47.552434897686254,348.5093251591939
20220417,69,24,320,412,50.06401959932559,49.92503367118364,312.0109467294908
20200715,227,52,374,918,100.99356153445147,68.40864725157077,748.5977912139778
20200206,492,94,913,327,12.521583536137358,36.82181942606837,277.65659703779426
20150927,687,80,100,307,10.727655253387086,38.86652741388003,257.4058173327329
20200111,916,63,262,866,30.110837074270297,82.899035622561,752.9901273031687
20240629,819,20,914,386,11.208875191377878,50.14233599225325,324.6487888163689
20200323,790,1,507,395,23.13643003427031,52.722229357306844,319.14134060842287
20170621,713,31,558,461,58.33123436070684,49.17350321297363,353.4952624263195
20201024,513,20,661,843,120.97296592203904,93.37802963626996,628.649004441691
20230303,629,91,244,955,52.22009164843838,87.89476852163708,814.8851398299246
20220822,547,95,637,625,44.46596597967936,47.3029563437819,533.2310776765387
20200306,858,38,218,946,34.930801460925395,117.7782503670488,793.2909481720258
20240401,199,56,650,924,96.1369552142136,124.29026719782809,703.5727775879583
20160806,650,52,436,585,26.96694854658517,58.663199668690794,499.369851784724
20200611,839,81,822,254,35.245323488957794,20.18166797983854,198.57300853120367
20231219,715,56,622,200,28.734395084813976,11.810755736649552,159.45484917853648
20240606,261,76,458,683,79.55789350138407,85.8588113055734,517.5832951930425
20170126,319,66,411,111,9.556684055136408,8.055435485884283,93.38788045897931
20190121,734,3,469,101,3.493986701247643,8.311743816849562,89.1942694819028
20180821,644,93,227,311,12.594307247866928,38.17138793935413,260.23430481277893
20201209,872,57,274,982,49.40462953964842,51.37594500812228,881.2194254522293
20200527,218,45,15,323,28.897547833507364,17.200094690702205,276.90235747579044
20170306,268,96,815,943,64.56306413375205,135.13017523593615,743.3067606303118
20220723,544,49,802,954,92.47429181117708,120.8727977921931,740.6529103966297
20170513,911,85,799,538,60.80030233370285,35.206167622915515,441.9935300433816
20230506,619,67,300,516,63.5990954068784,35.031017156342884,417.36988743677875
20190303,963,77,182,132,4.961107902163942,16.896020365162965,110.14287173267309
20220727,944,19,17,199,9.394428185362393,15.210131137777967,174.39544067685964
20161224,68,80,306,461,12.599312327203027,59.64295638514517,388.75773128765184
20220210,415,76,197,688,47.28046115713061,80.8993185234412,559.8202203194282
20151223,640,12,383,750,34.617060047898995,100.52737289564735,614.8555670564537
20170114,439,22,335,533,41.61785374392332,57.3787081075186,434.0034381485581
20220305,429,46,502,601,77.84918803149395,44.21923177564758,478.93158019285846
20220522,981,68,585,551,61.182062837863256,80.53545399167395,409.2824831704628
20150928,259,18,920,443,40.81527071355913,38.287353919205444,363.89737536723544
20240415,6,80,757,551,31.557212880742643,74.59290193447663,444.84988518478076
20160713,443,55,891,472,35.47623028530799,70.14773284300372,366.37603687168826
20161129,122,5,703,654,87.51901244145326,90.0125163924213,476.4684711661254
20210428,299,55,591,196,25.912429801582956,16.44540248181936,153.64216771659767
20220202,842,25,943,647,40.309430877131106,35.161915217018915,571.52865390585
20151120,534,28,294,570,71.26354944419126,60.92387094468824,437.8125796111205
20230706,655,57,110,210,7.884153618624782,17.865222584959366,184.25062379641585
20190304,672,36,688,494,50.26346093629776,72.34491249039903,371.3916265733032
20200101,91,83,5,103,8.77636037738976,13.000420181125232,81.22321944148501
20160801,881,34,571,224,13.374168761828944,25.136532657794444,185.4892985803766
20240515,480,52,253,664,60.031429586065705,68.78448475051493,535.1840856634194
20180714,281,70,919,975,141.61264676384667,137.507956028316,695.8793972078373
20200625,593,17,4,475,12.562532845862826,41.95352294985801,420.48394420427917
20140805,665,11,489,195,21.77264545954583,21.786810724101034,151.44054381635314
20150527,308,23,20,893,34.479426668260714,94.37139634914887,764.1491769825905
20240212,289,93,26,668,71.2437673496561,46.84457862025226,549.9116540300917
20140329,489,23,64,198,12.492517948285592,28.759785026360653,156.74769702535377
20171230,43,86,107,567,73.80439025031876,76.44771109714108,416.74789865254013
20220616,805,64,215,375,17.533405691360535,29.7485601792772,327.71803412936225
20140313,463,63,213,128,3.644350370443462,14.093592218581076,110.26205741097546
20140503,774,46,275,736,22.74801661230402,45.19004460419098,668.061938783505
20190705,31,27,57,355,36.196212594147205,28.110863440959214,290.69292396489357
20240113,348,74,443,964,106.74332581770935,80.39665822084734,776.8600159614433
20140328,904,60,588,467,50.5282466095984,49.41978590886197,367.05196748153963
20190426,59,30,313,759,75.98456749829414,52.386116263143165,630.6293162385628
20150426,993,41,68,589,60.381987946840546,37.46121803986918,491.15679401329027
20200419,474,50,256,551,43.38432557404466,35.77604359618346,471.83963082977186
20180925,350,97,12,292,24.900791512023467,43.12630306443207,223.97290542354446
20210910,148,5,162,699,17.694577209466313,64.34290208325234,616.9625207072813
20160817,384,21,126,123,17.310745173040324,16.980867253923027,88.70838757303665
20160208,858,17,344,344,44.673068792102484,21.38465722334352,277.942273984554
20200524,111,17,999,890,75.64715457829377,61.29013734977987,753.0627080719264
20180121,102,30,464,933,57.507469877799,66.49265590943268,808.9998742127683
20200321,197,70,390,453,66.85180032003912,61.02758944167653,325.12061023828437
20150325,831,72,4,888,28.553439497374608,57.32298954543772,802.1235709571877
20191202,1,25,536,920,19.72277290326999,134.72980697231145,765.5474201244185
20240605,296,86,730,804,26.913072938203904,93.063880149541,684.023046912255
20180111,608,49,294,554,50.20156980246137,80.35221672721241,423.44621347032626
20220713,50,94,231,954,143.02716682576747,106.26952289953954,704.703310274693
20150303,797,36,627,668,96.2414502621609,73.37741912344204,498.3811306143971
20211214,632,30,709,785,101.21274356759574,73.48715549160609,610.3001009407982
20160612,373,39,850,167,23.274637726689228,11.695831159319544,132.02953111399123
20230623,194,13,164,718,97.66466166940353,95.31662697647229,525.0187113541242
20220111,535,25,405,149,14.909432826476502,9.978872446074247,124.11169472744925
20150510,953,55,473,485,31.997732468235668,41.035101001326964,411.96716653043734
20220122,307,63,959,221,8.53093379471449,11.773107418459182,200.69595878682634
20231210,890,68,765,266,33.002536505353746,15.26526966417455,217.73219383047172
20240726,186,29,340,624,34.61328194057103,35.30458784238052,554.0821302170484
20190320,552,96,229,420,61.717409404558154,38.02084975939805,320.2617408360438
20170627,449,43,932,915,118.62295637127295,90.50564543601851,705.8713981927085
20200309,774,74,783,888,22.81809341054425,100.39662390306908,764.7852826863866
20200621,368,2,799,431,42.30418589413027,49.4883953236057,339.207418782264
20170123,533,66,235,380,21.87225853323607,42.40774973382523,315.7199917329387
20141124,31,36,273,466,54.828843502697126,24.586680033134012,386.58447646416886
20170319,822,39,821,351,7.057203677618239,22.9792318215259,320.96356450085585
20160815,414,84,719,518,41.31464951585737,56.35244031468862,420.332910169454
20161018,893,62,648,956,23.189849784381572,52.57869375446051,880.2314564611579
20160819,195,27,757,728,92.24858506735954,56.69208345885241,579.059331473788
20160503,437,11,538,687,92.07747060714776,35.35502675371612,559.5675026391361
20190304,223,67,287,837,65.50368728196341,41.899610468936544,729.5967022491001
20230122,402,21,857,315,12.662273584413647,29.10524176265962,273.2324846529267
20220715,467,11,94,349,51.83154088050608,24.20168643203079,272.96677268746316
20190712,297,7,851,378,20.518437328291178,24.99495171889512,332.4866109528137
20141015,504,70,62,743,33.708892327480164,86.8414977922774,622.4496098802424
20201008,508,18,585,469,13.550241133779691,51.81256620222734,403.637192663993
20220430,253,90,329,297,15.174987314882888,28.486079202252327,253.33893348286477
20160924,495,1,324,361,26.091221901957116,28.138525595060234,306.77025250298266
20240512,606,10,991,159,6.400040616926665,12.8551762708612,139.74478311221213
20150813,196,3,6,438,19.028129494971456,36.07224768373274,382.8996228212958
20220425,735,1,913,388,32.85918070163106,32.50627313185744,322.6345461665115
20230117,408,96,761,433,63.64520098019451,47.23981152867229,322.1149874911332
20140412,605,9,266,218,14.372623692442291,13.98650314442326,189.64087316313444
20231221,263,7,159,146,16.72615757945123,17.895825042665553,111.37801737788322
20200830,449,89,597,859,36.497937582476155,119.0142601426901,703.4878022748337
20240119,114,68,80,129,7.612050231145691,15.91446030613332,105.47348946272099
20150602,69,16,522,901,83.40714506751333,61.37090685578384,756.2219480767028
20150707,810,52,689,591,42.71233936086198,79.72457160353441,468.56308903560364
20180208,630,20,488,442,44.864286071556734,32.02585802062028,365.109855907823
20180704,192,31,181,441,40.662584507035895,28.30470114251996,372.03271435044417
20210827,848,35,845,163,10.512261515524619,15.806926417841947,136.68081206663345
20180830,145,82,852,993,132.99665036703962,142.23518884020746,717.768160792753
20210120,655,7,959,351,27.793716244228275,37.386004476815486,285.82027927895626
20190821,326,7,713,668,23.773683764924165,56.52966489824773,587.6966513368282
20140621,933,71,416,936,50.06953188725892,107.60730985598695,778.3231582567541
20160422,497,51,79,223,20.03523883480264,16.35811661054689,186.60664455465047
20160315,27,97,250,263,33.329907158212634,32.538649707167835,197.13144313461953
20201120,493,87,994,344,14.322493173079337,30.292107416487138,299.38539941043354
20160401,111,12,145,982,106.45168569790054,88.71993540837865,786.8283788937208
20190224,773,84,405,467,49.061808418381624,63.243480210996935,354.69471137062146
20220131,886,24,310,574,69.86578072476208,77.06630811098916,427.06791116424876
20161010,304,91,715,211,25.17111709607067,27.46194976634115,158.36693313758818
20141020,451,93,449,435,61.20545207410267,33.2175768662523,340.576971059645
20230503,569,30,909,230,11.748098264860069,27.61130437046221,190.64059736467772
20170302,823,85,764,621,87.96361302460473,91.57239245407285,441.46399452132243
20211121,344,45,89,233,22.97905179191845,26.74126231557751,183.27968589250403
20240203,38,98,350,109,13.546152393436314,10.650008306985686,84.803839299578
20140625,256,48,379,133,2.8938862688468925,10.392930350448978,119.71318338070412
20190426,582,98,934,702,79.01052853376426,56.29929715804681,566.690174308189
20150804,689,39,762,549,11.556932769060003,65.59853975660204,471.84452747433795
20211205,228,57,580,184,17.82846815714595,10.851787604307255,155.3197442385468
20180531,203,13,66,998,55.24652439287759,59.27159619808111,883.4818794090413
20230408,553,69,327,564,36.386440915808095,57.28395036554469,470.32960871864725
20180924,867,46,710,662,58.16247238405451,93.58574416672121,510.25178344922426
20150907,891,68,293,410,40.514975730259536,51.64650519185938,317.8385190778811
20200731,46,48,459,120,13.604270993756131,12.579555885299161,93.81617312094471
20220120,157,37,629,988,57.468608122078265,101.13775980064611,829.3936320772757
20230819,895,5,60,337,10.419269415284917,30.589171652555002,295.9915589321601
20190810,416,25,236,278,38.65932941322571,32.03497555362718,207.30569503314712
20151230,709,69,539,216,23.764830757595615,18.28417630121217,173.95099294119223
20140427,781,44,653,255,23.61871197974677,15.43588208454528,215.94540593570795
20141127,502,7,415,198,18.10077708308799,12.544208211032066,167.35501470587994
20220205,297,66,7,628,12.602666160753579,47.521455038632794,567.8758788006136
20221209,594,45,782,856,32.70666827414627,57.63538263653144,765.6579490893223
20170725,356,28,639,608,41.67948681220446,65.7307076269389,500.58980556085663
20190507,418,28,18,414,57.14269551081062,41.46751468167565,315.3897898075137
20201105,918,94,484,936,74.1472354948368,107.21091473283069,754.6418497723325
20140924,847,47,483,867,103.7466205101998,44.69270778578273,718.5606717040175
20141112,360,93,137,532,44.514610166934474,35.06888429196775,452.41650554109776
20150326,401,51,264,848,20.00700208468086,49.62287461843715,778.370123296882
20220424,981,77,699,457,43.10253689969654,27.46581238678476,386.4316507135187
20240716,733,84,254,564,42.27593075590304,36.846279626472985,484.877789617624
20140911,300,9,655,924,125.96531639152087,98.4242428867081,699.610440721771
20210509,36,37,403,284,13.219481131386614,29.464461668616128,241.31605719999726
20190609,17,39,504,755,105.17181695715665,57.60290281001732,592.225280232826
20170705,271,18,477,175,4.638046909563576,18.972327619759966,151.38962547067646
20200102,966,66,406,845,57.607937099478534,51.04241621748609,736.3496466830354
20210310,138,51,587,521,57.48334444595139,43.523794415186394,419.9928611388622
20151115,88,18,229,561,79.1712617806981,64.4968280480041,417.3319101712978
20150305,519,44,224,943,71.66984837198382,53.806779217585174,817.523372410431
20160226,787,5,269,460,38.0234615927802,29.98118992286736,391.99534848435246
20210721,238,45,352,224,33.045489261279805,22.50177323927621,168.45273749944397
20190724,623,20,790,697,59.180468414555406,70.83739480439833,566.9821367810463
20200425,685,79,677,177,4.14646280834788,21.616234644575705,151.2373025470764
20170516,741,19,598,928,91.9939104842638,62.68947201206787,773.3166175036683
20231116,994,77,563,647,31.06236779690829,43.506779135098974,572.4308530679928
20160726,557,35,830,239,26.9032149893457,23.213670343548408,188.8831146671059
20240101,56,74,875,862,80.59983612825663,116.18280749907717,665.2173563726662
20220911,198,20,982,701,73.52068873868181,102.05421003008657,525.4251012312316
20230126,665,73,14,811,120.94057634791722,53.66914457487715,636.3902790772056
20150530,764,85,332,540,36.85533977270283,30.040728927846693,473.1039312994505
20140329,497,12,906,427,37.92270486912581,26.40339714543962,362.67389798543456
20210321,124,36,619,655,18.389531074197638,73.91541527811049,562.6950536476919
20190521,878,52,157,366,22.108605291044583,25.881344579383125,318.0100501295723
20170126,362,84,849,537,70.00762173537214,57.006874660169665,409.9855036044582
20160921,753,74,946,269,36.88073041382626,36.335616291806375,195.78365329436735
20231028,88,1,960,718,63.6619771869179,55.42059471949883,598.9174280935832
20140915,872,51,766,844,107.33570386228995,72.64642263212376,664.0178735055863
20171005,456,59,260,833,106.29242906662734,64.24770942496174,662.459861508411
20160206,311,86,449,952,46.03263645426427,121.01239070358756,784.9549728421482
20220418,799,79,611,672,68.24316738895808,55.59785506540567,548.1589775456363
20201026,86,19,508,557,36.74656952653329,59.86660726978377,460.3868232036829
20140927,524,16,996,500,26.274659653670305,27.280311896422784,446.4450284499069
20231111,729,71,116,448,27.96136465826863,51.20764712776586,368.8309882139655
20201020,829,10,271,436,51.49218924104245,25.545959075830332,358.9618516831272
20190120,513,2,10,114,2.8266412251413273,9.156772260519125,102.01658651433955
20220928,978,45,710,758,25.421201445836306,75.22864914467087,657.3501494094928
20170324,987,70,549,997,95.63680330062196,103.42785987564115,797.9353368237369
20200830,926,86,931,858,80.54441245765317,125.25865437541106,652.1969331669358
20200321,734,38,176,698,58.36516022792247,90.60173259922519,549.0331071728524
20211014,333,57,764,380,16.101811598341484,53.163352074503756,310.73483632715477
20170405,88,47,410,559,60.2033323866668,80.83689348952292,417.9597741238103
20220404,956,65,651,538,59.10655158011162,76.18271339012902,402.71073502975935
20200712,84,47,96,586,54.788655139142946,51.715499375786514,479.4958454850705
20210923,114,63,930,521,28.245910034389084,64.26766575188516,428.48642421372574
20181008,803,55,827,524,49.755308835885494,36.070775438040215,438.17391572607426
20140807,761,67,22,435,53.969685413382685,38.440025122354115,342.5902894642632
20200216,459,99,11,388,40.99057697336255,21.42876919580622,325.58065383083124
20170923,18,29,640,521,40.568228407919335,30.128336793550265,450.3034347985304
20230520,818,10,863,193,13.267780043114493,13.068571134753284,166.66364882213222
20200714,272,96,789,284,17.080532225195597,21.730149902159184,245.18931787264523
20170517,798,93,439,721,53.46965396639369,38.23089172240138,629.299454311205
20201105,588,36,633,578,50.38133738929251,52.536873267194906,475.0817893435126
20151102,62,61,213,168,3.8159018073959308,13.081719568226376,151.1023786243777
20230416,154,77,742,398,29.7768550517081,58.13306059297949,310.0900843553124
20180408,994,49,749,736,85.70275939414374,105.41954702556966,544.8776935802866
20190921,363,31,34,494,27.448446367349714,50.82664282147256,415.7249108111777
20180723,732,21,633,262,19.593874432657284,27.929938475301604,214.47618709204113
20230101,173,4,441,393,47.374719761827336,34.8761462510096,310.7491339871631
20170521,96,5,824,694,73.53743841955537,37.35186092229528,583.1107006581493
20220207,492,51,960,848,120.55132234033292,68.06483299685411,659.383844662813
20210809,87,78,432,752,24.860838729306188,81.87787140150579,645.261289869188
20200102,573,57,417,829,99.6644142720358,68.80731755708088,660.5282681708834
20210427,80,89,67,146,4.054573869015622,17.67307451496218,124.2723516160222
20181216,711,67,771,440,36.73700049640058,60.96556607159838,342.29743343200107
20160802,44,72,581,838,84.93023372051918,103.3466871927141,649.7230790867667
20160104,217,76,561,934,31.455368681324874,62.07623237539581,840.4683989432793
20141102,884,83,567,593,79.65468655881239,49.975616981089146,463.36969646009845
20170930,654,62,534,483,52.748458514772125,58.363261527717356,371.8882799575105
20191028,399,36,731,511,32.369144847533235,71.928332391793,406.7025227606738
20240529,352,8,206,741,31.853748561375355,68.30866764572784,640.8375837928968
20240722,250,6,650,153,12.744436959287725,11.888509730400198,128.3670533103121
20230109,57,88,9,944,34.41785214856705,56.331016060836745,853.2511317905962
20191002,681,8,342,351,50.04019004903049,33.74234451924729,267.2174654317222
20230902,700,51,777,192,8.014237954724468,20.36289128717328,163.62287075810224
20180313,80,55,387,146,8.247114725676674,21.804472423041194,115.94841285128213
20180512,528,43,875,533,21.651814444634137,40.69851043162499,470.64967512374085
20220212,591,50,265,702,27.068326218627938,41.98524189802459,632.9464318833475
20211111,932,69,185,644,46.13732295418686,95.53476632012126,502.3279107256919
20221205,745,20,655,962,49.24368008824794,78.65062246937615,834.1056974423759
20220722,212,31,817,731,64.01109170655667,99.24953456651512,567.7393737269282
20191014,364,1,673,490,13.71034320162604,30.894942206790905,445.39471459158307
20230929,165,18,18,238,22.218473471099937,30.659085447725314,185.12244108117474
20190810,754,46,464,118,11.549273288837444,9.444591155203273,97.00613555595928
20230405,816,26,731,154,7.347229126142293,22.365177243254912,124.2875936306028
20240225,147,72,100,310,40.615968015156106,29.94108212014324,239.44294986470067
20220108,31,29,93,912,22.661876129315218,100.56333440464878,788.774789466036
20210606,858,14,603,258,36.10094407993137,31.72588659630171,190.17316932376693
20231216,649,88,779,685,38.74247859441597,91.34281198949319,554.9147094160908
20170430,412,49,405,444,37.715995348214335,26.03748161897446,380.2465230328112
20211104,899,45,261,208,13.735348986072182,30.20977813746815,164.05487287645968
20181214,96,93,953,189,14.000230054333711,16.92387406353516,158.07589588213114
20160607,198,51,369,631,13.824326472279445,42.263403269317386,574.9122702584032
20161030,864,3,255,999,131.67257102607948,59.288563209277214,808.0388657646433
20180206,668,62,375,600,70.99553903388993,73.41611167641186,455.5883492896982
20170405,688,46,105,567,33.40319933687686,47.2201762871179,486.3766243760052
20141008,578,66,76,727,55.162352164421364,83.01461570532386,588.8230321302548
20210716,748,44,689,371,53.94699652923839,34.11935914367403,282.93364432708756
20240605,760,29,216,454,62.93931190548725,42.35755684843123,348.7031312460815
20170405,110,48,148,573,68.60796344168128,83.72692407490298,420.6651124834157
20150629,675,82,935,703,88.61728195634251,94.1470207370439,520.2356973066136
20190908,900,98,45,638,23.234875124374433,49.42305958723031,565.3420652883952
20150930,674,38,317,244,36.13223709735735,30.331553548296814,177.53620935434583
20230110,214,25,113,804,61.62720489490193,75.07707295762657,667.2957221474715
20240605,711,100,476,835,29.19883908236131,82.21640370930626,723.5847572083325
20180820,781,70,557,515,60.10587450716329,65.73374797852293,389.1603775143138
20181016,119,86,325,206,13.599827225011389,21.49731868604733,170.9028540889413
20171114,941,12,973,678,19.160010927566578,61.99035669899903,596.8496323734344
20180426,899,30,472,705,97.77330051974033,57.00304249347724,550.2236569867824
20141013,138,21,658,323,10.341367689220663,45.973458257896276,266.68517405288304
20210407,536,56,111,617,82.01131209134935,65.23360954050541,469.75507836814523
20210516,316,52,227,975,69.54397958455407,112.90363221794524,792.5523881975007
20190614,581,80,732,492,45.377296906774056,52.175249746272684,394.44745334695324
20200815,379,81,763,394,54.99089373037744,53.57927001101111,285.42983625861143
20140123,614,35,505,623,29.059552104258927,57.94692356423973,535.9935243315014
20140118,364,61,784,707,46.82514721128831,48.23545979731957,611.9393929913921
20150316,733,80,903,242,27.545438639356647,21.539718780260152,192.9148425803832
20160319,219,28,263,421,45.0218924002107,24.942292740700104,351.0358148590892
20201002,113,58,276,337,24.151525774107203,24.06640295191971,288.7820712739731
20180324,326,100,59,920,128.37604740094142,105.91810447083293,685.7058481282256
20220825,7,15,783,142,5.2466748697927805,14.506297244323635,122.24702788588358
20240417,4,33,643,186,14.446522667081346,20.06116153370427,151.4923157992144
20210926,824,87,68,629,19.68406908675675,41.37558199264597,567.9403489205973
20210429,577,83,392,525,40.35607439763584,39.05158411257585,445.5923414897883
20201205,342,48,965,664,93.8491498971029,84.2559490924267,485.8949010104704
20190520,494,5,422,991,138.44994678092405,80.9970180350881,771.5530351839878
20140317,525,96,353,443,54.940552417684835,43.27703024070212,344.78241734161304
20180806,975,28,145,340,12.626874419747375,42.313186461063545,285.0599391191891
20221006,477,59,991,524,76.99654501014393,30.288510108690872,416.7149448811652
20181230,862,55,592,290,17.461797012478172,16.287024950928767,256.25117803659305
20160527,568,65,311,535,33.00888472065284,44.40100174258802,457.59011353675913
20220419,175,9,825,826,38.12569277314568,67.48895415737209,720.3853530694822
20231104,938,35,343,428,42.342766427623985,41.75923447303364,343.89799909934237
20221230,372,21,930,248,11.00009389845576,27.163635182375497,209.83627091916873
20230107,565,43,45,913,125.64971778042442,46.72767260653571,740.6226096130399
20211211,744,81,842,181,13.25050073646478,15.937155728148193,151.81234353538701
20240302,258,18,653,347,25.224837096056582,19.150960852541594,302.6242020514018
20240308,411,70,944,857,70.21748439115694,71.39004575803473,715.3924698508083
20190421,585,77,424,869,38.49043401630243,96.6149795871646,733.894586396533
20240409,406,21,804,742,50.47312420565983,71.24743966156471,620.2794361327755
20160729,37,21,156,266,23.222182881189163,27.20559943513267,215.57221768367816
20190108,618,43,799,247,36.020821460957656,30.276960634704157,180.70221790433817
20231123,847,18,223,937,78.44536921247307,106.38215981190065,752.1724709756263
20150312,770,35,724,233,32.11093650830708,29.6635057325723,171.22555775912062
20160604,367,28,293,508,43.03524282520166,34.923513500896284,430.04124367390204
20140104,700,65,828,111,3.5106984956824934,8.941772040909374,98.54752946340813
20140617,89,34,479,532,44.1489555917466,34.672430657318245,453.17861375093514
20150922,4,14,431,418,42.63653828845177,23.624062562658185,351.73939914889
20161204,285,17,734,920,94.79851934121558,61.72271694160252,763.4787637171819
20210915,578,51,157,277,9.302666268971828,24.788143422027012,242.90919030900116
20230819,565,63,346,638,82.74253772039381,90.30588855439088,464.9515737252153
20240308,521,25,446,390,30.870809357928774,44.323689927179956,314.80550071489125
20240727,820,93,523,530,64.19421923882761,76.59473107872823,389.2110496824441
20170407,702,22,146,744,45.903057283046216,37.33126552273133,660.7656771942225
20190813,509,89,195,895,39.8171150487336,75.8815208966381,779.3013640546283
20170109,149,64,245,852,74.64425099885936,73.57555008129229,703.7801989198483
20140706,559,68,958,719,33.58659125836847,64.60690002737816,620.8065087142534
20240207,71,87,966,261,33.258532802275354,23.173117832775947,204.5683493649487
20230504,256,28,843,686,89.34400964898293,77.72901542687163,518.9269749241455
20210818,875,7,892,925,22.349973178839154,119.17320177030271,783.4768250508581
20170729,970,90,586,144,9.56801802922467,15.836847473359068,118.59513449741627
20190326,566,58,170,755,99.7343679483196,63.674607408716625,591.5910246429637
20151101,306,19,259,752,83.87236736240486,71.90258119395301,596.2250514436421
20200109,720,18,780,548,37.13003592777787,56.42715540364309,454.442808668579
20210928,757,20,138,831,19.133203957589636,74.96890519530712,736.8978908471032
20160613,791,60,58,509,63.5333170979093,48.79942558549067,396.66725731660006
20150825,821,42,319,351,8.932941271687197,31.596000826842683,310.4710579014701
20240720,313,42,319,386,10.465869096175455,32.62791082446111,342.90622007936344
20180310,978,62,730,614,86.63489766911073,77.93741714223093,449.42768518865836
20220807,142,29,60,479,12.096100808592324,48.66381591039328,418.2400832810144
20171212,206,77,808,335,10.306392076169352,41.88876855075437,282.8048393730763
20180421,561,65,897,897,105.04750797799117,52.072084900023576,739.8804071219853
20140908,415,95,11,839,114.20792354423948,42.25506458536366,682.5370118703969
20190107,393,37,215,368,39.077438709654146,22.487087785085244,306.43547350526063
20160715,87,54,480,621,91.86119569749253,33.85275134927112,495.2860529532363
20240612,690,45,820,730,92.21581409088724,53.65076400903711,584.1334219000756
20161212,523,76,441,451,58.11608578846918,42.670995094058206,350.2129191174726
20200313,41,66,640,831,54.817220632347386,83.40957043908125,692.7732089285714
20150926,741,15,503,539,78.0858289341621,60.10553931006195,400.808631755776
20240313,615,61,261,973,126.07692994966051,97.87714033003387,749.0459297203056
20190105,110,22,688,523,38.964572543665376,39.824120197872254,444.2113072584624
20140614,842,36,465,374,30.00944667550372,41.56644560085629,302.42410772363996
20161115,154,26,324,970,74.13496831294611,128.61404342666415,767.2509882603897
20180430,966,29,946,561,11.830310924480758,46.680915351695006,502.48877372382424
20140214,42,10,306,570,63.00233024047383,33.660270938080885,473.3373988214453
20220311,301,82,846,644,39.6786516886558,87.27542949557281,517.0459188157714
20150129,327,20,301,606,20.755878132136836,63.37577963167293,521.8683422361903
20220523,295,99,973,413,17.944626109102913,37.51958843461001,357.5357854562871
20211021,745,56,969,736,106.35728423058163,38.2131505123286,591.4295652570897
20150308,373,20,285,456,61.43176964334414,62.05576687621559,332.51246348044026
20180413,183,72,333,635,66.22726705617333,61.7473161110428,507.0254168327839
20230922,14,53,287,915,31.191643469662594,101.0716480623299,782.7367084680075
20210104,953,6,112,544,18.060351965581066,60.44222851086624,465.4974195235527
20231203,178,54,695,638,14.488940115953415,82.23257327292092,541.2784866111257
20141227,756,69,770,748,28.860872481231393,48.45118103215733,670.6879464866113
20160305,881,13,572,315,19.178524719895304,43.594230564750475,252.22724471535423
20240707,691,33,124,511,49.96173014502586,63.925586470896675,397.11268338407746
20210502,676,28,448,430,38.7719658454492,36.08496947830322,355.1430646762476
20210419,622,36,640,821,84.15236416931137,92.13349303794526,644.7141427927434
20201217,109,26,695,349,23.688569544161535,41.64291614551583,283.6685143103226
20160229,384,34,83,347,29.70127126823747,21.447814287430333,295.8509144443322
20210318,338,70,194,114,14.29256997182118,14.473751621034701,85.23367840714411
20200701,446,34,407,234,5.791522588077848,32.53979655173943,195.66868086018272
20140603,464,65,668,835,105.85710526007362,63.940891294833115,665.2020034450933
20240111,156,64,671,246,13.2456379355654,14.107929823565886,218.6464322408687
20230522,862,18,210,231,28.602108151474734,29.49693212708335,172.90095972144192
20151214,480,42,696,299,11.960868133493188,18.423824558983803,268.61530730752304
20170830,130,91,276,453,19.33459688397169,56.68315133287182,376.98225178315647
20190915,825,52,69,955,94.66269199537558,48.38116561282137,811.956142391803
20220829,808,98,741,546,50.959770074904725,63.649676383023966,431.3905535420713
20240325,771,79,418,732,103.75949894359813,94.2058046309527,534.0346964254492
20170128,64,70,113,275,35.31598189315245,31.42928044520889,208.25473766163867
20230526,966,46,88,619,32.9629809034926,87.06896019196911,498.9680589045383
20200124,960,72,810,125,10.568328525622338,15.778785052873264,98.6528864215044
20180815,59,48,426,360,13.847652618616216,22.677726227789545,323.4746211535942
20160413,85,23,289,274,30.61384090927071,13.811459563160872,229.5746995275684
20201213,397,43,382,910,132.80537119057917,60.51060401636971,716.6840247930511
20150205,410,10,335,448,41.48297666200775,61.75646963976217,344.76055369823007
20190329,421,75,268,120,15.58203181255828,7.721870254498561,96.69609793294316
20230125,361,40,995,401,14.6630675958838,31.884004396773147,354.4529280073431
20150512,668,68,91,293,28.211001139512952,29.019605326163887,235.76939353432317
20230506,968,99,981,957,85.63945394880677,139.86700950511226,731.493536546081
20180224,514,91,54,513,68.15563087158182,52.25738814566243,392.58698098275573
20150914,947,99,598,499,11.223396066069366,34.0051787885756,453.771425145355
20140314,827,47,81,973,57.981284824165456,81.67673378591853,833.341981389916
20190205,651,100,385,191,6.951181323149687,18.056281222463546,165.99253745438676
20141112,733,83,682,772,52.148727656720595,80.38706799553232,639.4642043477471
20211005,444,6,442,137,15.992933537093034,12.676503478739725,108.33056298416724
20190419,563,15,282,656,23.02345360953545,64.17075419656491,568.8057921938996
20220205,926,4,135,127,9.79962386538182,15.486415725466035,101.71396040915215
20150327,371,12,517,802,18.87867421586501,74.12251544762128,708.9988103365138
20140302,568,59,842,735,63.315073126096614,61.15049402933133,610.534432844572
20160811,961,4,994,446,34.05204670095459,55.39070178358343,356.557251515462
20190616,191,81,845,658,37.77543803445646,48.726612879367416,571.4979490861762
20220220,946,37,528,242,10.241760761067155,35.37619020442981,196.38204903450304
20231016,448,84,689,945,134.34908648934498,67.02954843993439,743.6213650707207
20170119,830,55,174,290,38.97978521705992,18.492104336763994,232.52811044617607
20140903,331,23,369,784,45.39178075334192,89.88618994216141,648.7220293044967
20210206,166,51,626,833,118.84194601805527,96.64161372265545,617.5164402592893
20230922,482,9,130,366,46.32007130988185,52.93407991969653,266.7458487704216
20210527,862,69,712,387,49.866769359206124,19.710186402880726,317.42304423791313
20230425,24,28,30,573,23.562732085792657,34.63682553539185,514.8004423788154
20230918,286,28,194,733,18.62691562466269,101.39345227995959,612.9796320953777
20180918,748,81,816,379,15.826657372627565,45.64807551224452,317.5252671151279
20230106,944,38,955,413,17.91316483106374,31.59765453825621,363.48918063068004
20200107,514,5,21,766,48.012288421127195,67.3763511117719,650.6113604671009
20191017,601,87,28,871,123.58436335231714,87.30536304003603,660.1102736076468
20200324,594,45,835,874,78.32149208521399,77.59424275741861,718.0842651573673
20201005,858,7,523,672,60.274544199156225,50.408485019081105,561.3169707817626
20230511,497,76,211,212,24.555192939010244,12.548403070064007,174.89640399092576
20151222,97,83,890,517,73.04929025376349,72.24778263553189,371.70292711070465
20160607,253,10,884,502,68.39374816634054,69.13265886556363,364.47359296809583
20220305,442,86,768,455,58.28229368624387,42.95847549347306,353.75923082028305
20231106,506,32,141,686,90.56819271055804,51.10100972651763,544.3307975629243
20230622,200,31,909,946,103.63928553776121,85.63836696161579,756.7223475006231
20160401,83,70,701,383,36.17696115393168,29.718313430402112,317.1047254156662
20200627,120,64,842,552,12.36585255512815,63.28357049828861,476.35057694658326
20210505,142,28,225,991,63.43323066664531,106.6196877059258,820.9470816274289
20150409,501,81,135,806,114.01978156213724,56.599102505801255,635.3811159320614
20140116,697,70,296,554,43.731371629483725,37.900037195764355,472.36859117475194
20200411,866,25,444,749,104.68894794668934,89.86224766316208,554.4488043901486
20221201,644,82,57,730,73.29470475583355,89.72148773082728,566.9838075133391
20181003,948,79,258,124,4.372320277318691,8.13956160622296,111.48811811645835
20151119,94,32,261,175,20.594089016925263,16.3290459760644,138.07686500701033
20230708,787,37,722,988,67.282229197758,140.82116266400828,779.8966081382337
20220524,24,20,203,454,68.00192140791614,64.55664589735353,321.44143269473034
20170221,543,53,322,514,45.107773961676095,51.191797022728885,417.70042901559503
20160217,250,62,324,439,46.939779950747635,22.772222423068914,369.2879976261835
20230311,966,45,548,426,19.048263025126666,60.98211452967825,345.9696224451951
20230711,865,72,844,870,50.23240207535059,77.85764736721657,741.9099505574328
20140604,30,95,870,102,5.128735157134309,14.875546427995396,81.9957184148703
20150714,254,60,700,136,6.3958240624016245,13.175936306344317,116.42823963125406
20210330,296,30,113,943,83.90000238427054,50.0784402284659,809.0215573872636
20181112,74,18,437,839,36.029514812190044,57.31341024436495,745.657074943445
20230128,644,64,368,493,68.42465459874279,56.61636112798245,367.9589842732747
20230826,341,76,703,231,24.879337854751764,17.414174460312207,188.70648768493604
20160914,219,64,804,907,56.9536646512091,91.89675516310145,758.1495801856895
20230527,733,92,429,372,50.89761357032756,47.94253485352782,273.15985157614466
20180826,723,65,593,900,109.70419787559072,117.33591679356981,672.9598853308395
20231120,546,44,902,562,70.09765807301147,34.5703324831546,457.33200944383395
20170814,186,68,589,894,102.8704806198417,113.97549974602012,677.1540196341382
20180311,441,51,139,892,47.71714028999852,103.66023018494667,740.6226295250548
20150807,285,47,856,659,77.95026411319421,40.097303645031445,540.9524322417743
20170402,946,22,818,485,61.27727019981318,39.478465752032164,384.24426404815466
20150422,664,99,562,244,16.44120809691202,19.69779258292254,207.86099932016543
20181004,682,52,276,408,41.379053325974205,32.4754988299823,334.1454478440435
20171109,602,67,701,285,20.098663400639175,35.3651595901225,229.53617700923832
20140201,981,77,859,555,73.73994055575554,59.85022042804284,421.40983901620166
20140112,594,46,924,433,25.927218471424652,58.6005669347857,348.47221459378966
20161220,404,77,405,350,46.25783061981505,48.02838308100218,255.71378629918277
20231019,421,8,34,677,60.882604847154234,40.67861805039796,575.4387771024478
20171205,772,73,554,424,42.82573221116353,42.61668034213322,338.5575874467032
20171003,552,12,555,505,15.785709773676679,61.288259814261686,427.92603041206166
20221122,160,2,118,579,56.35715669025055,66.51865340891199,456.12418990083745
20230219,546,63,401,388,42.79283642959111,34.03855446947168,311.1686091009372
20230627,764,17,382,792,20.3352537948439,82.84903708757942,688.8157091175767
20150621,415,68,917,312,31.1644283920264,16.629459906693185,264.2061117012804
20190213,295,81,663,114,15.255518929906563,14.85826947302107,83.88621159707236
20230601,254,50,800,304,17.460660243530214,15.368222085234567,271.1711176712352
20180605,137,13,332,119,14.231578120734685,13.575723477853813,91.1926984014115
20231119,284,57,916,387,12.055096353234635,51.51116571031285,323.43373793645253
20151013,873,13,59,472,30.67052901924001,48.46434965540958,392.8651213253504
20141006,643,47,573,297,44.53946605390749,36.80191301805517,215.65862092803735
20140821,724,88,334,432,48.05784074281567,53.73900109136116,330.2031581658232
20211018,396,63,941,694,102.93498001214866,67.82461734824805,523.2404026396033
20190101,310,81,275,806,21.422727675409615,58.01140152946393,726.5658707951264
20190904,14,19,884,348,41.317361699264616,39.511083480419,267.1715548203164
20240317,45,58,674,127,17.012357027415526,6.433885168211418,103.55375780437305
20160818,8,51,915,453,36.49437383292423,27.89676934431096,388.6088568227648
20160218,13,32,728,481,24.348268463952298,62.65114799972494,394.0005835363228
20171003,859,82,636,181,22.400854340970877,16.976471406059385,141.62267425296974
20200814,866,47,668,309,20.516203204754433,18.89644568376995,269.58735111147564
20200606,279,25,227,428,40.85089115749135,49.356472488431535,337.7926363540771
20151015,462,23,482,533,52.92809114709758,60.0155954410198,420.0563134118826
20160103,693,83,565,689,58.41044829182978,46.86882107037605,583.7207306377942
20161010,119,94,345,262,8.236739665096088,14.5059718663626,239.2572884685413
20140524,330,32,380,259,25.517251851389826,37.87664438437451,195.60610376423568
20170403,116,62,103,667,71.04180697489237,79.87949897434476,516.0786940507628
20170320,688,27,430,749,40.22369656561963,59.662668703096934,649.1136347312835
20160226,89,93,739,445,20.65805492970036,25.60769176574503,398.7342533045546
20210411,572,38,562,771,107.18662615191147,62.693206340090704,601.1201675079978
20201006,204,54,216,621,57.24546683391071,38.46873269051108,525.2858004755782
20220424,175,5,259,343,46.56451820707399,30.116019086460096,266.3194627064659
20170304,562,30,440,371,47.325380121823855,45.473260905412815,278.20135897276333
20180912,269,20,629,795,30.849766153261417,54.05177047707842,710.0984633696602
20220406,417,36,59,282,21.321705119532904,34.70194905028351,225.9763458301836
20160728,381,10,492,149,12.54459364022246,21.45809416181205,114.9973121979655
20200906,736,46,10,548,66.63795019195544,64.5948785447955,416.76717126324905
20170204,353,34,261,209,13.79603735643966,19.982419731055725,175.22154291250462
20161027,234,72,276,279,37.9377517190674,39.73594040113461,201.32630787979798
20220705,642,37,632,975,39.17710873121796,107.02948898655032,828.7934022822317
20170215,362,98,581,662,67.67291030998368,95.47883777694113,498.84825191307516
20200228,916,4,128,511,31.56842369571424,39.43760994368018,439.99396636060555
20170219,151,73,619,334,38.62790452869765,49.025535828321374,246.346559642981
20220515,415,35,566,957,39.053849735369916,67.7552095355682,850.1909407290618
20201208,651,53,38,317,27.787376095958695,18.670129328834307,270.542494575207
20220401,188,96,60,317,44.4991394092299,31.98577476282425,240.51508582794585
20220630,440,50,678,854,23.415294902879236,104.76276766046264,725.8219374366581
20150922,325,53,30,903,29.096276857940463,81.49339487375475,792.4103282683047
20210324,220,69,348,859,46.73756282297845,79.12143505326304,733.1410021237585
20180506,670,80,397,760,61.44108201299763,79.5493273631856,619.0095906238167
20140819,486,43,538,692,90.3210524129534,54.95368060273115,546.7252669843155
20210225,445,33,569,472,31.32314203707569,55.29097443895866,385.3858835239656
20231023,171,70,634,372,31.19119041528281,34.75846916252187,306.0503404221953
20161224,771,76,950,542,59.20638836910039,32.24826702469023,450.54534460620937
20170702,377,31,872,910,131.2064739487082,77.96629877290847,700.8272272783834
20220129,291,84,732,101,11.458964783598377,12.72228349065527,76.81875172574635
20210116,694,33,709,429,54.213534810545916,25.183493400537138,349.60297178891693
20220523,10,70,859,878,68.96357343925429,83.66595926407095,725.3704672966747
20141003,703,72,856,251,18.575471543975024,14.047639253615282,218.3768892024097
20210718,860,94,818,965,20.181976508226832,107.14340153262287,837.6746219591503
20230716,750,40,63,427,32.92316713915438,59.913111191759256,334.1637216690864
20180706,16,59,370,155,22.738788915272902,10.308281744507381,121.95292934021973
20160716,603,56,667,527,70.37109216419547,56.52068025909583,400.1082275767087
20190223,604,70,88,632,69.80249126959079,57.380947425649495,504.8165613047597
20191019,676,85,434,827,63.11792660007251,110.07641517234985,653.8056582275776
20190126,398,94,303,405,39.01115806579417,57.4071192978483,308.58172263635754
20140417,84,44,871,829,75.871737868841,60.02782703746591,693.100435093693
20240604,215,31,628,810,41.72666742564443,58.898473494654986,709.3748590797006
20200502,25,65,560,786,33.6099232664401,73.74674155872556,678.6433351748343
20200425,634,50,216,459,16.89517073295421,31.629610119373613,410.4752191476722
20140621,96,31,93,797,111.05096943492329,91.89862470924328,594.0504058558334
20180810,809,43,933,496,70.8861195568542,42.04245287839057,383.07142756475525
20160628,727,58,212,628,24.845191058677553,83.94232261316354,519.2124863281589
20160119,196,46,62,520,31.709892482370424,76.26941241666091,412.0206951009687
20191202,943,92,856,961,64.16976490184344,76.25719626870323,820.5730388294534
20221217,399,81,789,129,5.255983589856597,13.566428707998654,110.17758770214475
20160701,160,64,102,978,99.24571157635944,58.59115378096696,820.1631346426736
20210213,44,24,649,115,3.9558011286407493,12.195942584659942,98.84825628669931
20191119,57,12,364,109,10.809218260880673,7.376174405625766,90.81460733349357
20190325,699,65,499,798,23.940678192615156,66.2003179736515,707.8590038337334
20231003,94,77,866,430,27.61398646683621,30.95527007410271,371.4307434590611
20230902,596,58,439,962,78.7420393241823,73.75111715363242,809.5068435221852
20220528,652,89,941,356,50.03476307666493,37.93519752712673,268.03003939620834
20240719,145,81,132,527,67.60373910068915,53.88942172468645,405.50683917462436
20160917,655,54,903,966,101.13401463818931,64.01842181817919,800.8475635436315
20210121,211,100,960,513,52.01588032706585,64.84470614182395,396.1394135311102
20140801,476,14,642,607,73.12543200127169,60.29028422395735,473.58428377477094
20200129,334,92,725,338,13.46363231597312,37.3133581888873,287.2230094951396
20141104,559,30,295,470,60.891035478794684,67.23933267880767,341.86963184239767
20221002,687,56,322,491,71.60931204103252,69.27980608791329,350.1108818710542
20211228,983,47,837,376,33.27688581530478,28.068513131439524,314.6546010532557
20160905,854,26,30,157,22.108284494099852,8.144237225787228,126.74747828011292
20151119,758,70,329,622,31.378251946177986,82.809451284156,507.81229676966603
20210716,83,92,35,422,22.6506064294631,39.18472158180211,360.16467198873477
20210709,130,100,816,536,29.076584434401905,61.12182093516117,445.8015946304369
20191107,833,19,618,335,32.73622870822842,30.105684811406096,272.15808648036545
20160410,176,85,397,789,73.47024974651119,42.08226271995737,673.4474875335314
20181210,119,81,775,302,8.112883395964811,30.293451003333683,263.5936656007015
20230421,442,43,480,798,64.959354976734,101.10340560542802,631.937239417838
20180411,590,24,671,106,10.822290710162825,9.07896894347238,86.09874034636479
20151129,466,21,214,544,48.996666410412054,48.658945011842654,446.3443885777453
20200919,480,91,32,823,68.14705291579628,119.3456942023522,635.5072528818515
20201116,209,93,983,758,36.574995576115576,82.84978746367695,638.5752169602075
20200824,133,61,972,461,46.67619264653877,47.55723259399771,366.76657475946354
20150318,155,83,699,949,123.50523145053873,120.26026221739998,705.2345063320613
20220116,666,35,74,576,25.30675145754271,51.578568435036104,499.1146801074212
20220703,766,93,455,550,42.043125055504085,29.262183751125676,478.6946911933702
20240426,453,26,344,746,92.4605748298011,104.09641187592224,549.4430132942766
20180403,168,73,9,989,136.5374014074738,140.83535499586026,711.627243596666
20181027,470,3,291,932,64.66814446116902,78.61299125563568,788.7188642831953
20220707,861,14,884,642,95.89264948498634,61.425701140304454,484.6816493747092
20170618,143,37,637,800,62.059873692232124,88.02209596402261,649.9180303437453
20210101,981,89,66,942,74.96515078627736,119.98861634920486,747.0462328645178
20220224,537,91,900,278,14.299985395387086,40.794345568613686,222.9056690359992
20200704,342,4,321,609,41.886283834781764,39.35322893756133,527.7604872276569
20180308,420,98,513,229,32.19057936599077,33.96804366822175,162.84137696578748
20140726,79,44,360,532,47.99924074831714,50.836632769257605,433.1641264824252
20150108,361,10,895,928,67.82305981404534,117.91920958592038,742.2577306000343
20221209,266,19,986,630,63.87832901019587,71.13273204635084,494.98893894345326
20171114,903,21,845,557,77.79768974543738,42.57083071643009,436.63147953813257
20210125,353,94,204,973,28.48923755801444,85.26668153167783,859.2440809103077
20150108,336,48,38,402,40.51523598710459,43.708363835652655,317.77640017724275
20171230,85,96,183,660,74.72956102434401,46.528834682252224,538.7416042934037
20170327,416,1,152,908,89.92440406771819,81.69712856230063,736.3784673699812
20201007,8,19,185,534,69.41170060649297,67.17593991827573,397.4123594752313
20150115,386,53,751,173,19.46966957799331,14.699200791403502,138.8311296306032
20210326,254,9,336,490,27.616568029467437,71.7274576272913,390.65597434324127
20160829,959,78,817,973,101.05693251536441,50.02635260499569,821.9167148796399
20170801,759,53,1000,431,23.819238875065817,39.96390709907204,367.2168540258622
20180824,32,91,658,269,10.362823665207731,24.07852031413806,234.5586560206542
20190511,290,72,667,475,13.705146559418937,24.14700205047723,437.1478513901038
20150913,24,13,94,261,28.6182825208054,27.080648543961612,205.301068935233
20171007,948,63,293,498,33.6377599711014,39.36859862294786,424.9936414059507
20150808,943,30,756,628,48.34649923000644,79.55364975693979,500.0998510130538
20200315,771,56,984,791,76.73725514207077,101.4677082353827,612.7950366225466
20210202,306,75,504,860,99.15030037882848,64.92123554192403,695.9284640792475
20140126,949,72,759,136,4.331497808421563,14.796992861041074,116.87150933053736
20150421,588,23,127,853,73.46131937075559,100.62255766569778,678.9161229635466
20210719,125,25,10,776,92.89977648344399,109.57024778817338,573.5299757283826
20231123,601,92,827,333,41.86589317901831,44.266925945498805,246.8671808754829
20201210,615,91,815,704,69.97990837310415,36.58981911419345,597.4302725127025
20141111,971,24,533,316,20.609265833675295,29.80504746975734,265.58568669656734
20140420,898,33,131,171,13.392799545091643,12.194716638762014,145.41248381614633
20160208,764,77,406,816,45.00262252990901,101.12996714590909,669.867410324182
20190819,818,80,692,387,33.39685926777556,47.795246027062106,305.8078947051623
20200814,912,94,426,908,108.19793463828674,102.05987543810913,697.7421899236042
20240714,823,53,218,764,87.17121793971175,92.60917411523471,584.2196079450536
20210908,949,19,71,372,34.87358232650159,32.34545014337685,304.78096753012153
20240528,851,92,738,787,57.65401712607936,61.550050270952774,667.7959326029679
20170106,878,63,915,762,111.21615516637966,100.16616003986493,550.6176847937554
20180518,782,89,640,455,50.06606045571805,40.607252769555956,364.326686774726
20140722,760,58,137,671,92.22343764311975,46.280112913021625,532.4964494438586
20180128,342,18,181,581,56.43394177229232,49.24084302980357,475.3252151979041
20221002,128,86,488,159,14.926958424099853,14.499412399307722,129.57362917659242
20170713,50,48,916,997,111.69738657443267,60.19602067774896,825.1065927478184
20201031,114,68,946,321,45.30492816602445,37.75914280324114,237.9359290307344
20220106,94,85,372,559,13.743678183343981,80.93029899274518,464.3260228239109
20230419,866,97,462,611,76.60106606379195,86.29363277058307,448.10530116562495
20140326,453,65,67,545,68.37598933998662,77.07930833111955,399.54470232889383
20140924,635,96,623,314,7.108133130160959,34.381146973666866,272.5107198961722
20150301,769,71,735,853,72.98864628135875,59.414438063879174,720.5969156547621
20150625,716,3,892,435,19.782831571168153,34.75941533458364,380.45775309424823
20191218,441,87,185,126,15.494440130275876,14.153187507257076,96.35237236246705
20190705,390,57,951,500,24.517653224893795,54.500326302667865,420.9820204724383
20230315,216,82,632,411,55.30445142098943,49.85836594213304,305.8371826368775
20171024,906,65,558,662,23.163212330868877,70.7627912096454,568.0739964594857
20211209,142,56,335,882,81.52531406347839,116.13594239636966,684.3387435401519
20201221,149,74,940,276,39.10441497697521,36.107239135783935,200.78834588724087
20180903,98,22,215,862,115.22575817590737,63.406926555048216,683.3673152690444
20140628,665,29,246,316,46.982083827304436,43.20579240857243,225.81212376412313
20230407,715,44,138,227,30.143544885816645,24.688108028774103,172.16834708540927
20180218,948,44,968,467,58.356022333734,57.20050861160934,351.44346905465665
20190711,601,93,309,920,60.52926546885228,112.78460873963185,746.6861257915159
20170829,10,84,12,698,97.21396683505766,43.113734964591465,557.6722982003508
20200608,325,88,975,608,72.12814659992715,43.4273377368397,492.4445156632331
20140304,179,39,186,920,32.93284189253159,71.54920398036889,815.5179541270995
20240226,623,72,1000,226,7.288511995890501,29.142315611539907,189.56917239256958
20221208,238,94,653,133,6.126556104223874,7.494565879326963,119.37887801644916
20210421,36,13,128,551,79.11131513433216,76.35856915049413,395.5301157151737
20201218,414,45,849,863,99.50637915774578,86.347355743945,677.1462650983092
20190611,889,68,962,336,36.67669759727415,39.59816172679959,259.72514067592624
20150908,169,53,264,734,50.13504319435036,65.19745933969305,618.6674974659566
20150425,747,23,297,948,101.15614266097053,124.00162070937904,722.8422366296504
20170625,704,14,949,574,73.90718438182685,64.6426942447354,435.45012137343775
20220121,318,94,195,321,29.556947112661177,34.37589864582105,257.06715424151776
20191127,500,66,288,936,41.964202248112635,57.20206251566373,836.8337352362237
20191015,862,41,966,844,30.733461153998146,122.13130605279687,691.135232793205
20151104,130,17,460,120,10.768577075311388,13.680938407038134,95.55048451765047
20170213,361,55,68,117,11.59109559294594,11.500123523118408,93.90878088393565
20191013,203,63,88,466,26.776953534429243,33.699994088513954,405.5230523770568
20210421,278,95,9,881,131.97048793831658,119.81364321509189,629.2158688465915
20161018,478,15,248,935,51.25023321124021,118.66466982534268,765.0850969634171
20140615,822,43,314,714,48.976333826218664,90.41956901072766,574.6040971630537
20140214,446,11,37,549,37.64677000956999,30.53044116758547,480.82278882284453
20240217,710,85,548,403,59.35516554624242,56.87872517526045,286.76610927849714
20201021,567,86,99,176,17.11425544742667,22.34415412457286,136.54159042800046
20230805,581,10,124,243,28.161316065616592,14.875357791235132,199.96332614314827
20210605,790,6,568,555,82.45202395216518,32.50418722968822,440.0437888181466
20220318,845,14,549,437,19.893957988995247,32.83742272966083,384.26861928134394
20151023,374,4,713,365,7.714401560349424,36.75475513036649,320.5308433092841
20210128,641,87,247,524,11.55913758101132,37.969118734571964,474.4717436844167
20220622,117,12,313,266,18.30730891673692,24.266079013629735,223.42661206963334
20210618,466,79,415,111,8.868772039951638,14.975695861148054,87.15553209890031
20170411,402,47,435,684,58.22238364109125,80.19334454974785,545.5842718091609
20160317,850,65,48,705,89.6302577898142,90.42318493982556,524.9465572703602
20150310,298,33,607,954,51.267370091813795,84.62230826853738,818.1103216396489
20200706,881,24,591,296,22.786649954169597,16.663327338137197,256.5500227076932
20171212,509,45,529,272,17.85847197517094,33.50857348556489,220.63295453926418
20150218,670,22,839,861,42.559229978130006,45.67980258439749,772.7609674374725
20180530,997,84,545,208,13.64755614447323,28.154809084023533,166.19763477150323
20221119,110,41,931,150,17.9368392065415,11.234553327583289,120.82860746587521
20191110,282,74,78,442,53.987909731655364,59.522864454535856,328.4892258138088
20160111,213,65,571,976,69.40282095833862,115.7946150858687,790.8025639557927
20210607,809,39,138,742,15.460655044155592,56.55245655791903,669.9868883979254
20150927,658,43,994,875,123.11909034044625,51.15954832544165,700.7213613341121
20140310,725,32,421,146,10.20035154408097,9.909746362235738,125.88990209368329
20190222,95,16,535,637,80.63973918909474,37.56067959074911,518.7995812201561
20220914,696,6,460,710,61.82926564007742,61.62013677599608,586.5505975839264
20140312,244,74,982,751,101.0397697901419,57.92276501344157,592.0374651964165
20170729,694,45,628,958,85.69997504550133,63.89136605813604,808.4086588963626
20240217,895,37,644,613,17.2929633266845,54.68738267841679,541.0196539948987
20231110,269,83,946,280,33.17612146336365,23.982961301959428,222.8409172346769
20181022,999,2,316,696,68.70914816495828,90.9898754005453,536.3009764344964
20190419,852,79,436,646,85.56138867550632,96.40199123444074,464.0366200900529
20201003,463,25,945,885,63.10262594325203,65.72875914592242,756.1686149108256
20191101,816,22,900,439,13.953949476802283,28.06130184286439,396.9847486803333
20220818,36,77,447,302,35.97405260290922,33.19189768122744,232.83404971586333
20240612,395,25,46,814,115.22227554871371,117.30814991296467,581.4695745383217
20150817,283,26,757,360,50.59600373307582,35.41567223595532,273.9883240309689
20190402,42,17,732,145,15.929587423287174,12.697633354549296,116.37277922216353
20210920,844,55,506,786,95.21864669770986,84.57140934412398,606.2099439581661
20181024,851,70,720,134,6.093115207981103,9.827913034967985,118.07897175705091
20171001,480,64,251,794,29.602027458141425,90.88187914377936,673.5160933980792
20230718,405,69,898,271,21.714805397271284,18.288982353710733,230.996212249018
20180706,258,76,514,545,44.06821086041762,77.43383444815127,423.4979546914311
20210105,198,27,208,341,31.597077407685344,40.646903644781986,268.75601894753265
20240318,432,62,486,463,12.931970645221824,24.650385587011314,425.4176437677669
20161116,398,71,661,379,22.828680737465074,20.940318813843003,335.23100044869193
20200731,129,92,143,431,47.39098713607692,50.59966269863778,333.0093501652853
20230327,596,8,88,618,59.47020429149246,76.20635889279222,482.32343681571535
20220420,215,41,688,907,94.96237050721996,120.54618268220828,691.4914468105717
20160801,820,21,322,167,11.938679408151438,16.145779164835083,138.91554142701347
20200210,188,45,225,558,28.447187373449154,43.3206516402845,486.2321609862663
20160626,992,100,209,790,104.50492929246667,97.2132199440074,588.2818507635259
20170908,224,25,970,121,12.147451042374973,14.642254542481123,94.2102944151439
20140215,999,64,418,941,111.51236542233002,136.90920186356712,692.5784327141029
20230629,279,19,814,970,117.4678738067368,96.78270921594498,755.7494169773182
20160128,222,77,470,346,13.01210458886244,44.480912319913685,288.5069830912239
20240626,923,17,944,722,41.63303666389352,82.89746439181864,597.4694989442878
20180504,427,79,984,877,70.40694946198047,122.2940066657067,684.2990438723128
20200814,693,84,881,804,39.25905058539535,72.48848137345428,692.2524680411503
20220902,984,40,780,930,71.65148035533281,132.53430780956916,725.814211835098
20160512,706,84,97,793,82.67030315637078,79.72859774606148,630.6010990975677
20211101,685,34,668,675,85.71619552104838,52.17847109012749,537.1053333888242
20170919,751,91,685,596,50.016509128990265,64.14332032463373,481.840170546376
20200201,438,5,313,628,45.04743425363602,73.29059877379625,509.6619669725677
20240331,688,47,791,971,58.98274122509345,83.78782609587493,828.2294326790316
20220914,741,34,528,706,50.62299032864454,52.83583627410891,602.5411733972466
20180409,347,4,584,313,11.146611689037451,22.877197975257193,278.9761903357054
20221221,498,4,572,956,35.73080340454325,49.369305656478105,870.8998909389786
20210701,28,61,356,366,9.539955747020173,29.327368957222262,327.13267529575756
20151214,265,50,840,476,54.71496539135395,38.202258123237755,383.0827764854083
20150619,416,43,757,362,9.97516878626293,46.80844243686429,305.2163887768728
20240630,710,54,437,104,8.717917037868707,6.822434301424039,88.45964866070726
20170626,922,16,785,479,46.60262056608168,44.25163898545306,388.1457404484653
20201228,513,51,605,882,117.98488684895808,60.81230455879979,703.2028085922421
20230123,99,65,949,491,39.198289399070795,57.63896917510223,394.162741425827
20151224,695,83,208,300,28.403427343989936,28.5095384386387,243.08703421737135
20150215,150,44,129,671,93.33763168310846,69.80018684315279,507.86218147373876
20210410,554,58,864,517,28.653346184956025,60.230033281941715,428.11662053310226
20210615,41,90,733,698,91.45108892115456,64.18114121908643,542.3677698597589
20161029,402,60,269,149,18.864260395982985,21.255113202502283,108.88062640151473
20180429,234,73,586,552,79.5086701751541,77.78160641013598,394.7097234147099
20220805,825,70,369,591,21.646346351257083,48.74753344537769,520.6061202033652
20140122,149,9,118,877,129.89947362967905,90.3059696359407,656.7945567343802
20180902,966,40,290,142,18.521183209220276,18.32420207050195,105.15461472027778
20190413,986,60,918,743,49.37581546331866,48.56107662163616,645.0631079150452
20180803,291,4,748,653,22.3526185447735,90.76858897289324,539.8787924823332
20161201,234,31,641,658,58.3992267383866,72.70018802597095,526.9005852356424
20220607,93,65,493,465,58.442517877490026,29.93032642519599,376.627155697314
20140829,846,4,723,257,17.5771806235277,24.219316915436206,215.2035024610361
20220203,184,89,865,836,99.92752293132786,71.06262141624838,665.0098556524238
20220515,606,45,131,718,23.318565512533297,105.20662067129433,589.4748138161724
20200306,797,69,206,109,3.872511685996622,10.064268873883277,95.0632194401201
20151007,836,16,233,183,8.554557460717923,16.307852167033847,158.13759037224824
20230503,123,60,525,824,21.346148184817395,46.39191777901667,756.2619340361659
20160729,911,63,974,806,21.338732772373515,76.92358990589905,707.7376773217275
20210112,151,72,460,625,45.876695792224155,72.41406240083604,506.7092418069398
20200109,753,63,357,983,96.0575724970564,110.24704498116719,776.6953825217764
20200920,731,81,470,290,32.23309006189614,26.704647244868195,231.06226269323565
20240504,743,49,598,441,22.199481623224692,56.86865923739589,361.9318591393794
20220505,384,55,728,649,86.11414374298427,94.21319021151622,468.6726660454995
20141004,854,19,428,863,60.04952515673568,63.180530081739235,739.769944761525
20160906,574,74,98,871,117.41415935504658,51.201700429664086,702.3841402152893
20200619,61,36,812,137,18.313569538403716,18.20158605173526,100.48484440986103
20170514,323,45,369,819,67.52827402282551,99.49012764613781,651.9815983310367
20170818,562,91,479,353,36.413085185779444,38.263564565515374,278.3233502487052
20200830,139,98,195,283,15.175837648962196,30.451811219173976,237.37235113186384
20141115,710,29,133,198,16.058924119584013,27.591402371551563,154.34967350886444
20141004,951,53,772,795,79.89685846495473,90.93912263858823,624.164018896457
20140309,643,44,780,954,27.19981534536621,125.88487010106573,800.9153145535681
20170315,793,19,895,490,20.697520636869516,64.25151371281358,405.0509656503169
20141114,906,48,536,908,132.96225936719992,99.56167874892735,675.4760618838727
20140418,262,37,417,663,21.604384808293553,96.70401220484982,544.6916029868567
20151223,605,46,430,828,77.76548469540434,84.3002554592688,665.9342598453269
20230513,319,36,845,537,28.265757678032458,75.73069337766255,433.003548944305
20190803,369,12,952,324,6.524080154856837,31.744186966543325,285.7317328785998
20191021,942,82,346,299,30.404813968536494,19.579671037797656,249.01551499366585
20150708,614,94,523,815,122.10418627406604,48.48917765731279,644.4066360686212
20190909,397,40,537,884,57.826541881667886,101.5653965752423,724.6080615430898
20200918,402,15,447,651,89.48215845880844,91.26756005684061,470.2502814843509
20190905,7,78,243,470,47.467288585223194,63.908671932670615,358.6240394821062
20170916,854,53,692,819,73.3543531678978,105.27207936674345,640.3735674653587
20230721,239,89,504,536,14.565440338826178,46.69524716771348,474.7393124934603
20230525,297,37,99,165,14.530944255354708,14.346365584770854,136.12269015987442
20140530,715,86,421,709,89.63547665555548,87.6020807276473,531.7624426167972
20181107,682,27,662,908,80.44153325496588,132.47722460892425,695.08124213611
20200910,837,23,830,959,41.53833810668819,70.02865386724274,847.433008026069
20161008,356,28,737,843,92.57231717258898,73.89371070802903,676.533972119382
20240530,850,44,946,216,8.037320272425,10.810711356568797,197.1519683710062
20180310,337,3,943,463,62.92708887634153,34.940992050936885,365.1319190727216
20160918,65,19,92,248,32.56675637226869,35.62028515692371,179.8129584708076
20240118,715,27,972,955,47.91248064309846,88.96441027874644,818.123109078155
20160412,437,75,740,207,13.700427835566805,19.140895789180647,174.15867637525255
20140518,932,47,104,858,120.87862086289306,118.90385167545328,618.2175274616536
20230430,725,28,937,859,61.69356885494313,82.3418110354815,714.9646201095754
20170613,32,54,734,813,82.0369532343263,116.25044047568447,614.7126062899893
20170221,641,1,411,700,30.845217868140395,59.109536962462656,610.0452451693969
20210214,698,52,839,336,23.191733149353002,25.113045426812015,287.695221423835
20190525,219,17,402,933,38.73407379700081,123.51978734648795,770.7461388565113
20240202,522,10,186,442,43.52699610748069,46.539716614326565,351.9332872781928
20140205,297,84,729,668,63.26149208614501,55.95016383654087,548.7883440773142
20240417,801,99,235,597,62.33453741995254,39.0316805230232,495.6337820570243
20180402,481,54,798,814,33.11666836497029,104.27465286471185,676.6086787703179
20211001,709,83,251,182,22.41989493579075,10.009086642988283,149.57101842122097
20191106,910,20,591,314,38.300042981408566,16.430702066846194,259.2692549517452
20150127,477,99,818,887,128.24387164195105,94.59242557355554,664.1637027844934
20230725,119,48,584,889,114.26526297470689,89.90208803108509,684.8326489942081
20180601,12,79,925,842,24.61248475786714,65.9209903701931,751.4665248719398
20160208,367,59,119,200,14.814909634222783,13.403016253438599,171.78207411233862
20220324,818,77,775,103,14.752239611939451,6.861986256981017,81.38577413107953
20151011,143,33,778,255,11.15803815468195,25.136666018090477,218.7052958272276
20210831,813,28,928,426,36.86842380877217,28.52031674402696,360.61125944720084
20151006,118,14,760,506,43.30367945108007,49.576549040562156,413.11977150835776
20210720,662,51,852,359,25.75901119929243,34.69757654671886,298.5434122539887
20160211,745,26,758,466,46.6084610905814,32.73905807321919,386.6524808361994
20171012,397,96,179,667,65.92742265986357,64.69195524296792,536.3806220971685
20240407,382,98,425,647,34.73979537926862,52.96190628600893,559.2982983347224
20220219,241,21,560,990,89.06598009672955,127.51452816730524,773.4194917359653
20231204,682,10,430,739,34.649209428085456,44.25360487603862,660.097185695876
20200730,810,42,269,832,99.72527514336332,124.5844264257892,607.6902984308474
20220723,12,17,324,644,16.127967158169536,36.93778702536134,590.9342458164691
20150928,263,66,761,808,63.38189125939374,73.74062387341485,670.8774848671915
20200825,664,96,373,264,5.660918689212169,36.83955416151585,221.49952714927198
20150302,784,68,383,337,48.20164689102122,23.959152787902205,264.8392003210766
20170908,605,34,65,722,46.56418100527964,78.7749757129085,596.6608432818118
20150320,512,46,451,402,15.715571270464556,42.41120773267513,343.8732209968603
20210622,897,5,574,575,68.71318054500817,35.004264472754166,471.2825549822377
20240212,988,78,716,360,47.75370946044121,18.93308017470307,293.3132103648557
20201127,820,80,604,601,77.51123386362369,38.43274294503773,485.05602319133857
20240430,99,58,199,986,43.979347261245,72.3450903392409,869.6755623995141
20240418,301,9,177,295,19.291346943555425,25.700271167710873,250.0083818887337
20191228,147,73,732,963,95.72322826377113,67.73304566970404,799.5437260665249
20141202,504,12,721,811,19.94837524204014,60.74174936494532,730.3098753930145
20140117,804,15,136,537,60.45828125971528,41.20258422029102,435.3391345199937
20201220,13,74,910,372,29.181870101036782,48.16144435600925,294.65668554295394
20140104,684,32,798,669,80.67848967520725,87.27374597571101,501.0477643490817
20210820,789,73,150,860,106.71133984238907,49.177607245837414,704.1110529117735
20140424,523,46,645,902,56.954332436758406,130.93986599495332,714.1058015682883
20180831,809,3,879,978,66.43704688201852,80.93448582203116,830.6284672959503
20150830,182,5,507,305,33.854737610749176,41.32350829617666,229.82175409307416
20230328,890,36,631,486,64.3266979923764,62.95845817608885,358.7148438315347
20160728,593,25,869,628,92.2468086244218,37.8780826612842,497.875108714294
20190131,920,74,833,643,89.00321978681993,67.26766891730027,486.7291112958798
20190804,884,2,78,555,16.843585557539505,38.445159279835345,499.71125516262515
20190831,549,80,977,562,17.3750984604652,73.19736884594097,471.42753269359383
20210514,130,32,164,120,7.148996166906211,15.161692783971501,97.6893110491223
20230401,612,82,156,425,45.1589051906166,40.07810306272356,339.76299174665985
20230116,453,18,801,744,62.79714858289239,56.75682784554111,624.4460235715665
20170203,870,99,465,626,47.450808789628645,39.536938320294084,539.0122528900772
20210525,571,43,91,707,76.74334843141588,87.98920045216667,542.2674511164174
20200108,423,1,585,513,47.83686882453093,26.59216620485689,438.5709649706122
20190120,898,31,65,278,14.964868797053189,41.080427023023525,221.95470417992328
20150422,105,4,602,633,80.61496386827602,56.40811649989322,495.97691963183075
20190402,869,11,392,740,59.10220499002317,72.90342874949056,607.9943662604862
20231114,739,62,578,174,12.938394062011556,16.56729050231157,144.49431543567687
20160423,986,18,167,547,73.5439271670655,65.50267259355637,407.95340023937814
20220602,29,95,329,398,58.25009422130435,22.58811646660769,317.161789312088
20230801,769,72,135,220,14.882198017264344,25.82460201871491,179.29319996402074
20160429,908,92,152,564,40.577899290753955,44.3789157078795,479.0431850013665
20210712,877,59,23,949,104.45915858381119,100.91024112959798,743.6306002865908
20200813,852,10,505,912,120.33816234527552,132.39930237835927,659.2625352763653
20230320,951,63,910,783,37.04778268873332,68.68050228714888,677.2717150241178
20210922,145,59,318,815,71.9069349424476,65.10906513786021,677.9839999196922
20220322,932,46,25,990,22.881576994615983,139.01922655924534,828.0991964461386
20210817,256,25,429,673,85.71744724040379,61.66681223760073,525.6157405219955
20190602,528,43,291,663,35.448596240086175,79.15776743880039,548.3936363211135
20200503,381,98,116,385,29.93180219102603,54.05673985427308,301.01145795470086
20221210,91,60,278,848,117.00626309102738,49.656355249746035,681.3373816592266
20140323,195,87,949,995,20.031969536412742,125.20207444312007,849.7659560204672
20160419,801,49,830,908,56.33182368463666,64.5503195450868,787.1178567702766
20140204,285,58,730,483,10.36272762760857,71.73379164034394,400.9034807320475
20191209,326,16,748,227,20.348089006845314,31.279845378531995,175.3720656146227
20170406,237,49,940,678,54.77955765860699,52.056701990974,571.163740350419
20211210,12,19,307,409,57.15930355843652,52.55445128299118,299.2862451585723
20190514,848,57,613,402,51.55879442767499,36.84514607856922,313.5960594937558
20160806,403,51,566,706,33.0895358340435,94.46304731121337,578.4474168547431
20191212,497,79,592,617,77.49919411918405,66.3363702337544,473.16443564706157
20180415,93,21,962,908,23.53347948540726,63.8942416481029,820.5722788664898
20220311,841,34,350,946,23.389651365474613,130.8276507771329,791.7826978573925
20161013,243,37,379,182,25.627475034868908,16.179747754374244,140.19277721075684
20230622,653,74,261,995,112.87537779672093,122.12860853597482,759.9960136673043
20240528,78,37,729,870,44.8423347653392,44.05273413008761,781.1049311045732
20220823,184,88,723,860,31.0806774809306,78.30086876026012,750.6184537588093
20190417,184,16,449,525,74.24843655874152,59.77577555142706,390.9757878898314
20150210,99,29,321,681,40.32719819286995,78.12991781602152,562.5428839911085
20160302,855,79,559,731,44.98663956547855,71.76901942445564,614.2443410100658
20190226,445,56,468,813,115.51699051015132,120.58315607782843,576.8998534120203
20220215,957,76,407,570,61.97701871000181,62.833150169305604,445.1898311206926
20230121,410,53,217,908,41.885854296224416,53.620970998683205,812.4931747050923
20240328,266,12,280,532,38.661904145592096,77.28272308477943,416.05537276962843
20140720,571,43,41,337,21.94419500399842,41.24644990138831,273.80935509461324
20201013,116,82,898,752,75.35955261778592,98.63298080292378,578.0074665792903
20230124,854,3,43,435,33.25180920656881,27.066772461600866,374.68141833183034
20180512,921,79,225,845,72.77234767471172,109.56260791496572,662.6650444103225
20230908,369,73,704,331,14.713526167950372,31.123987911389435,285.1624859206602
20190418,911,87,702,582,27.155635419494793,41.198462862702435,513.6459017178028
20160305,186,25,719,954,83.04858356477776,60.85767846274094,810.0937379724813
20211230,13,10,759,555,79.68552180098594,31.049174825024366,444.2653033739897
20161218,514,92,333,491,39.947639840056006,33.2988075690505,417.7535525908935
20180319,848,16,323,600,68.09023306113313,68.33430318928163,463.57546374958525
20161122,826,15,897,411,36.97318389260363,29.091890594812387,344.93492551258396
20141209,945,54,201,500,16.54784950226392,53.62605385794502,429.82609663979105
20230518,764,58,243,891,90.3545972149226,92.11524114097867,708.5301616440987
20190212,131,2,909,490,20.024294497625803,50.16865886054132,419.80704664183287
20231112,104,14,714,646,73.90245663989292,91.81818947983562,480.27935388027146
20141005,142,8,912,966,24.827466052529335,70.83640544987662,870.336128497594
20200507,661,46,507,903,100.33148179502454,102.71007399376943,699.958444211206
20170114,304,47,429,999,107.05585301477848,133.6790365702436,758.2651104149779
20230217,978,89,856,624,76.3948961254666,75.9835118423273,471.6215920322061
20220129,134,59,165,816,25.227266539706218,66.5665748581015,724.2061586021923
20161208,628,66,831,836,54.92649100607116,101.97445804870613,679.0990509452226
20200914,112,40,854,644,90.51605933394951,68.91673436102799,484.5672063050225
20170407,234,36,355,933,53.67370592061889,74.25297367998611,805.073320399395
20141003,777,95,747,656,22.995456789124884,73.4507458297657,559.5537973811095
20191122,642,54,197,348,40.6061086517506,43.60165436508703,263.79223698316235
20221013,372,70,891,779,85.7540018018174,83.87040314225383,609.3755950559288
20230125,100,62,276,511,42.325006447417024,59.535907271571816,409.13908628101115
20220811,713,10,303,736,99.24663022844918,92.97457909138227,543.7787906801685
20181113,364,81,285,511,26.209972696455747,45.27452312582234,439.51550417772194
20220102,494,51,388,696,92.90953686789231,51.46945945665839,551.6210036754493
20220903,813,83,734,751,28.492819039293288,87.01702685250939,635.4901541081973
20180402,260,55,533,402,23.04352994464686,48.84268951455318,330.11378054079995
20170716,353,8,860,272,6.065105582267289,24.584315891909377,241.35057852582332
20140407,851,61,216,337,45.105309545041244,26.70816784099252,265.18652261396625
20160525,986,4,17,638,91.62282138001592,58.72519163083023,487.65198698915384
20201026,713,67,816,542,69.61648302569888,27.217596011699115,445.165920962602
20230706,878,92,804,994,115.05345922320892,65.33483112131127,813.6117096554798
20190214,15,46,22,631,34.81348836838829,50.51789825015272,545.668613381459
20240503,866,3,174,929,56.20572786805777,81.95167805841092,790.8425940735312
20171026,100,69,380,893,65.82079367974622,101.88592067368165,725.2932856465721
20230626,4,69,233,203,8.51097322350853,29.020349419082866,165.4686773574086
20160117,692,14,955,720,89.79346074217956,107.91556524556765,522.2909740122527
20200922,986,81,413,322,36.29548721149573,44.77603159146397,240.9284811970403
20240118,494,17,230,943,60.417004670367,84.05826096533536,798.5247343642976
20150410,213,60,589,880,127.50773137946248,102.53740532874563,649.9548632917919
20140512,273,61,846,440,26.872204504791146,50.07615133283206,363.05164416237676
20180626,472,93,531,118,5.209035145935744,11.464605678462897,101.32635917560137
20140105,590,61,549,858,127.01954894132341,77.90856396357424,653.0718870951023
20190709,787,25,745,115,14.52037762590056,11.802614904701658,88.67700746939778
20150121,691,53,773,122,4.162790701782287,17.702550414741868,100.13465888347585
20150921,101,17,693,744,38.540553546629155,65.84943093312116,639.6100155202497
20140114,59,19,872,466,36.90605849184133,49.75743886935235,379.33650263880634
20190527,819,12,670,165,12.480952275808747,10.915420172262065,141.60362755192918
20221226,246,77,202,678,39.180933950849315,33.98540827477507,604.8336577743756
20200421,722,93,711,244,19.687071808222694,31.368329299244948,192.94459889253235
20151204,522,1,416,381,40.450922746779696,34.236163721876366,306.31291353134395
20240131,274,91,252,219,19.595041607756762,22.947679847759087,176.45727854448415
20150803,116,12,656,494,74.09213764893062,29.272427435708508,390.63543491536086
20180131,643,55,166,769,71.93666502340098,50.3711088608901,646.692226115709
20160515,811,51,948,929,70.61847826712221,52.516408838759205,805.8651128941186
20170712,991,40,351,457,54.58179650089671,41.228278031786736,361.1899254673166
20160508,146,96,179,753,22.98166929001113,77.6240964772186,652.3942342327703
20220307,485,98,979,576,24.492112180043378,75.86495070320169,475.6429371167549
20191102,829,45,166,185,10.272777798118192,12.67499044203335,162.05223175984847
20170518,228,32,198,899,115.05623064896274,123.98299065295022,659.9607786980871
20210717,374,74,142,424,18.237623003460612,55.867600591213915,349.8947764053255
20160323,909,23,217,208,8.643792011103068,14.764046233528338,184.59216175536858
20200627,43,78,579,745,64.73342284914334,110.37993046959559,569.886646681261
20161213,922,61,130,125,12.12967540102298,8.839822420044637,104.03050217893238
20230705,141,60,959,431,43.816032018827606,23.530221190021525,363.65374679115087
20180719,400,24,56,728,28.79661671852581,69.76678229109359,629.4366009903806
20200130,259,42,79,890,89.07442589628546,81.76469746201944,719.160876641695
20141227,122,52,865,493,46.58540504499312,64.32505631571456,382.0895386392923
20160323,114,16,943,631,49.12957271437365,39.803953092140915,542.0664741934854
20231021,829,5,53,604,59.43094769420496,66.88907494846548,477.67997735732956
20161211,57,95,77,849,100.25210928014515,92.23399399713968,656.5138967227151
20160320,687,6,998,817,106.10184446779344,69.11479530216167,641.7833602300449
20210708,470,25,176,551,31.00702632537771,55.258631661881495,464.7343420127408
20160310,870,74,805,502,62.320337489000444,35.39977072225971,404.27989178873986
20140204,138,62,677,840,83.76550853836608,95.25623361102146,660.9782578506124
20180729,541,74,40,896,86.48537918693737,93.32680427465381,716.1878165384088
20200119,482,42,542,639,20.177486817515867,46.23999005451687,572.5825231279673
20150212,252,75,187,843,123.93827587683396,81.70901354314145,637.3527105800246
20201222,601,87,858,336,26.671545054759346,38.98736794248286,270.3410870027578
20170213,584,63,956,726,96.89278749101327,78.02474998189044,551.0824625270964
20231018,345,93,640,607,57.994175008317534,62.70461608549785,486.3012089061846
20220220,144,62,629,536,35.357766609064534,78.14539812520015,422.4968352657353
20200226,355,100,733,439,48.291174002481995,38.556996869893354,352.15182912762464
20190615,131,46,595,436,12.010992564257549,29.95910664883736,394.0299007869051
20160112,694,1,804,885,118.099920800028,87.58939978912237,679.3106794108496
20190521,939,41,332,292,21.30991072690465,24.458081479652854,246.2320077934425
20190427,743,3,459,914,124.41657791281553,94.91396599695409,694.6694560902304
20180625,102,55,723,808,98.36116263464716,41.179877748173325,668.4589596171795
20170930,599,5,735,695,19.612239008700413,88.74192361531074,586.6458373759889
20190306,251,92,340,830,83.21759777340883,44.06721919420525,702.7151830323859
20150619,860,88,615,536,58.636805039078666,40.762084977008385,436.6011099839129
20140419,270,92,573,418,13.142553628511388,56.99605994539251,347.8613864260961
20220724,410,61,15,779,57.66340510065454,83.1678461914766,638.1687487078689
20150523,948,18,856,830,49.91788343678425,64.24712360571928,715.8349929574965
20230307,726,84,779,185,11.313626573222527,11.36766580337941,162.31870762339807
20160831,631,73,969,265,34.67734089553549,24.449071613552537,205.87358749091197
20240316,859,27,939,399,9.470186349283555,45.32464016825738,344.20517348245903
20180925,833,63,19,792,62.68052362828027,83.77487475589045,645.5446016158293
20181219,932,59,978,508,44.648379131029444,28.84726562592664,434.5043552430439
20141129,27,21,763,748,97.69901560784355,78.20869939543827,572.0922849967181
20200604,344,60,818,695,63.830545926225355,64.4979505048017,566.671503568973
20170221,310,22,926,904,31.497636124304158,80.71568838958257,791.7866754861133
20220112,483,9,788,342,41.863772942879585,19.451917195322192,280.6843098617982
20200527,651,65,860,122,5.42445060959061,7.336926672042624,109.23862271836677
20211220,3,14,966,910,56.68654727232021,103.75411997370395,749.5593327539758
20201118,713,97,258,611,56.24441571905323,87.88094788594061,466.8746363950062
20210819,520,43,281,974,70.96898418982356,68.38748011482623,834.6435356953502
20210203,273,96,908,286,9.668891541893705,36.25950975235064,240.07159870575566
20140305,69,58,411,541,21.72990154288256,41.07426555750319,478.19583289961423
20200611,66,79,314,793,38.30676773599893,47.68341902200843,707.0098132419927
20150414,396,97,593,856,18.473217452864194,105.64723215667445,731.8795503904614
20161114,985,31,882,371,48.13096685860508,42.39226454382602,280.47676859756893
20160316,885,89,559,122,4.721940278588779,9.820559448705502,107.45750027270572
20210205,904,89,522,191,13.676296040165816,21.42380474134861,155.8998992184856
20200711,700,9,283,701,54.193721750488166,39.73224057723019,607.0740376722816
20190810,211,44,687,914,93.36005097805426,91.57666064169109,729.0632883802547
20240320,221,98,695,770,88.40696809987081,80.2058858045044,601.3871460956248
20140729,238,68,112,277,14.854205127458815,19.286506287668416,242.8592885848728
20200307,71,31,150,233,26.262748545488044,26.17231348509792,180.56493796941402
20160504,371,88,447,713,76.65631646782045,92.31936749073945,544.0243160414401
20170217,164,56,234,910,116.6866840298863,98.50506935987346,694.8082466102403
20220223,615,96,57,298,8.062012548203498,37.84635198782697,252.09163546396954
20181027,568,72,289,410,56.56762349619364,48.866857005455984,304.56551949835034
20200428,530,77,150,593,54.29831849390916,34.279590071799426,504.4220914342914
20220816,331,96,37,267,14.126015528078646,23.739177425231677,229.13480704668967
20240305,947,91,862,676,97.7543388990434,77.00825318705611,501.2374079139005
20180924,737,73,194,998,40.46410565184451,109.27357396720765,848.2623203809478
20160123,207,4,577,745,84.42651008330076,42.2370797818073,618.3364101348919
20161204,101,14,237,800,28.309185284498867,81.6744001470512,690.0164145684499
20211116,941,95,117,866,42.27109056208251,99.39247695159501,724.3364324863225
20191203,608,49,424,715,87.40895702442498,82.14907945840218,545.4419635171728
20161203,29,8,560,694,86.061922840152,74.0565924096801,533.8814847501678
20140905,772,59,403,247,22.17452103843837,34.09663815282809,190.72884080873354
20151203,992,17,32,572,70.21237707734632,36.06380462232689,465.7238183003268
20230212,39,27,892,317,37.22525984940397,46.63048887736372,233.14425127323233
20240415,438,91,87,512,31.753342778850794,29.307412062301065,450.93924515884817
20180404,898,30,167,201,30.11745216929996,11.242512138484422,159.64003569221563
20141030,786,21,402,938,128.54615382103495,129.8949173835317,679.5589287954333
20190520,623,71,510,363,40.979730710441196,33.8904591412379,288.12981014832087
20240318,315,28,350,687,97.92135936340757,98.96297184289178,490.11566879370065
20140521,52,43,107,315,12.193586953490867,19.220947238444325,283.5854658080648
20220623,522,99,21,542,34.26823581470349,72.14468559415435,435.58707859114213
20220226,565,84,515,179,11.399203142659758,22.11673601314466,145.4840608441956
20220125,622,32,736,760,36.76770723987573,72.04773792692416,651.1845548332001
20210726,98,42,486,933,134.59629249552282,77.57574042808619,720.827967076391
20170919,924,100,878,896,114.22376623976234,128.88368452363503,652.8925492366027
20240511,574,8,452,910,117.4049026847378,47.09699334333168,745.4981039719305
20191220,558,34,871,797,31.98357790270437,82.93247116800697,682.0839509292887
20160916,728,31,850,596,51.339252065741675,88.21017017200127,456.45057776225707
20141101,162,39,905,162,13.044530248082589,20.188057106918897,128.7674126449985
20170213,3,97,357,236,29.873040181478075,20.297503625597333,185.8294561929246
20180807,539,85,474,874,34.19730980267246,51.37355979255683,788.4291304047707
20220812,873,98,384,119,13.34846264624162,7.381552403105082,98.2699849506533
20170125,63,15,347,973,38.579405180762365,51.6456589422027,882.774935877035
20220822,565,28,27,598,29.126578620899558,49.575814991051196,519.2976063880492
20150905,820,38,72,286,34.27277987854501,28.275904289068503,223.45131583238648
20160724,666,71,436,907,100.652185403892,102.75124164581594,703.596572950292
20171020,668,3,939,580,66.85442123152853,61.11939283131103,452.02618593716045
20210721,18,81,61,540,50.5208727802578,29.06374464511857,460.41538257462366
20140908,696,70,13,308,38.085007174885995,31.004583542101386,238.91040928301263
20140907,414,76,76,508,70.2898825600053,42.40149845242783,395.3086189875669
20210519,33,83,784,805,113.45238895007911,88.01863469642497,603.5289763534959
20170127,371,51,211,451,31.082909066208856,63.034968452440175,356.88212248135096
20160405,906,68,385,502,33.04453806918825,26.432792833350174,442.5226690974616
20140622,308,89,248,679,100.21017244663115,71.39252844252779,507.39729911084106
20220822,552,64,873,586,17.676599285079117,51.7784689072839,516.544931807637
20211212,205,100,352,239,6.850594271262552,12.808054881189335,219.3413508475481
20230125,548,11,994,848,17.436758305698234,50.09840750999362,780.4648341843082
20220522,290,57,768,120,6.391822631552871,14.674493517172547,98.93368385127458
20200812,983,61,105,856,43.867260085149084,114.71476041219277,697.4179795026581
20170103,178,5,437,116,3.7230387662032767,8.13574465958594,104.14121657421079
20161211,587,58,428,199,23.877916663747325,22.462393345971684,152.65968999028098
20150724,634,66,220,434,46.70151103315155,59.894340901858634,327.40414806498984
20231119,62,63,550,506,59.03536852532366,60.23203026185578,386.73260121282055
20230217,92,44,893,343,41.91643518755294,20.164567033585218,280.9189977788618
20161016,276,37,185,261,10.092963129589426,32.480844742347,218.42619212806358
20171216,865,45,984,975,94.088665522357,111.69115044222222,769.2201840354207
20150112,136,35,725,288,31.74110971232698,18.8641230065614,237.39476728111163
20151213,928,92,416,718,86.51244390615781,74.38432255821883,557.1032335356233
20180330,771,91,693,1000,149.06180381638185,65.52264523657811,785.4155509470401
20140415,911,100,701,523,26.518061744430593,45.68647171289054,450.79546654267887
20210406,211,53,939,616,46.15758078721916,83.73381980510354,486.1085994076773
20221103,808,84,16,739,67.79679149411821,88.4044636388443,582.7987448670375
20231118,678,94,440,332,36.720334489172224,21.79275137818253,273.48691413264527
20160504,483,41,107,653,34.27607838350772,42.12961539298649,576.5943062235058
20220221,503,83,713,352,16.002361898646,24.58311545317323,311.41452264818076
20220122,542,24,390,712,25.582742040202096,83.89011602435751,602.5271419354403
20181109,590,25,39,832,63.852420756314494,68.98031608062895,699.1672631630565
20200226,550,70,785,610,38.38248688591066,62.71197226699203,508.9055408470973
20141220,364,80,399,310,41.439579880975145,16.72932817155552,251.83109194746933
20200630,259,94,778,980,62.795362918886276,136.21182395932766,780.9928131217861
20171215,72,56,385,440,32.1485034716837,25.535421476799236,382.31607505151703
20160211,587,9,126,940,112.34061131793042,132.93721677695362,694.7221719051159
20230215,582,11,3,759,109.39033659786362,96.44616242786803,553.1635009742683
20160203,375,55,121,374,11.602830343217319,40.33552711338374,322.06164254339893
20141116,57,12,21,786,60.68315269242755,91.38491054703523,633.9319367605372
20170225,141,97,196,629,58.58313650313431,35.9729458193324,534.4439176775332
20220910,238,42,744,309,16.486031330448473,20.909132175772346,271.6048364937792
20150312,232,51,968,184,16.382322595060334,16.20255297271538,151.41512443222427
20160704,926,69,622,922,24.44707405776861,117.16766767963654,780.3852582625948
20210902,799,88,437,806,86.21784397563917,67.5223544995659,652.259801524795
20240504,291,14,318,359,51.89781779911919,45.23861550396823,261.8635666969126
20221119,268,57,548,992,143.8595791474794,63.45514243719742,784.6852784153232
20210416,286,14,545,928,114.97282153738196,61.485774451227336,751.5414040113907
20161231,951,27,890,252,28.074138178465713,36.784464348438654,187.14139747309565
20170223,611,88,312,937,138.69363049481785,73.8160194613801,724.490350043802
20180626,831,2,858,483,72.11057820283726,45.628705632030844,365.2607161651319
20231119,812,76,504,131,18.921287778149853,11.186827427061987,100.89188479478815
20171127,302,8,992,772,29.24845379607873,53.79931649836317,688.9522297055581
20161217,92,89,246,894,53.34692339578261,48.112675834331604,792.5404007698858
20190405,747,100,332,544,19.298412602360514,41.67305970863404,483.02852768900544
20180228,4,5,540,663,65.9138204479685,68.1199317529016,528.9662477991299
20210718,652,54,816,322,23.012216800425932,32.45946013662675,266.5283230629473
20210712,840,93,34,835,72.60530961698029,81.6206296959264,680.7740606870933
20220608,47,39,957,988,82.64658984331824,53.25798361677854,852.0954265399032
20220108,558,39,177,158,22.853432789833178,18.5022672550224,116.64429995514442
20220304,679,1,317,186,24.998272776799457,27.85089730308045,133.1508299201201
20240103,425,80,125,883,63.03219537618578,117.14800324616878,702.8198013776455
20230329,684,73,773,948,80.82510705311863,109.75628680808094,757.4186061388004
20190913,488,83,355,149,17.248566124868734,13.599377376070015,118.15205649906125
20221026,433,64,214,485,33.52947368003179,58.30285568406975,393.16767063589845
20150323,923,15,462,741,17.400034703839818,69.6581730693802,653.94179222678
20220620,795,19,615,602,61.91462330294058,57.693447520834816,482.3919291762246
20230615,809,14,343,721,22.79128166250469,71.97886106270312,626.2298572747922
20210615,755,81,397,107,15.234899281590167,11.593333807380871,80.17176691102895
20210610,197,4,914,131,18.6712354301068,9.856130502281577,102.47263406761162
20230219,119,75,709,328,8.059842072144258,37.709778328112414,282.23037959974334
20160416,556,76,689,483,37.20766714683836,41.654399649128834,404.13793320403283
20230727,188,9,133,873,33.95065539867388,80.96910489629722,758.0802397050289
20140914,913,20,475,371,52.845568865638505,47.72175040839494,270.4326807259665
20231130,919,31,579,717,58.50920882810701,56.797707614564914,601.693083557328
20230430,352,91,994,963,94.83125007961782,86.08370584282575,782.0850440775564
20200512,532,58,907,754,39.33622382531179,97.1105511818717,617.5532249928165
20220414,305,21,215,953,141.38766059396943,53.1779198615261,758.4344195445044
20141002,967,94,24,161,5.091309820365294,23.26446482615454,132.64422535348018
20200522,676,15,275,621,37.80127314885986,63.316547355104326,519.8821794960359
20210211,13,78,320,400,23.984508551972294,30.380238970546223,345.63525247748146
20170409,483,8,690,538,60.09345886786784,79.80820415651401,398.09833697561817
20210317,350,62,74,640,48.08577156111841,90.62435649077852,501.28987194810304
20181116,609,41,81,931,70.91868774069285,48.848171695639664,811.2331405636675
20150309,680,44,922,249,18.86075642500425,35.41253716189099,194.72670641310475
20141230,768,12,676,542,16.170893226276412,32.45445798743222,493.37464878629135
20200730,668,3,242,481,22.953436543829806,52.32430389743939,405.7222595587308
20141207,628,51,934,204,10.36113446810308,23.723643777936598,169.91522175396034
20200328,277,99,523,505,57.74442238758933,55.261894644582064,391.9936829678286
20180914,448,24,169,541,67.8365118708849,28.94219511757154,444.22129301154354
20220101,509,6,642,471,17.76665103365214,70.30668137684424,382.9266675895036
20210127,607,36,576,509,23.861559521431587,51.616668470615664,433.52177200795273
20200623,812,28,414,978,70.99136591808495,76.17078043407423,830.8378536478408
20190512,640,37,688,564,79.05165843822937,56.32820605538318,428.62013550638744
20170606,697,51,712,502,31.961122566331962,43.199069595973725,426.8398078376943
20221214,763,71,626,673,88.7069014181671,37.6534508609365,546.6396477208964
20210527,696,44,614,390,30.306422745693254,51.55049082944872,308.14308642485804
20190928,430,76,688,150,19.46982835585462,11.877766658998297,118.65240498514709
20150312,726,51,108,544,67.51354431808011,49.081676726785986,427.4047789551339
20150706,788,90,429,431,48.47655524802544,29.403421662836234,353.12002308913833
20180125,109,87,712,128,2.888434846004643,9.488140206332593,115.62342494766277
20200418,634,34,834,841,49.032239915018884,51.961730009657174,740.0060300753239
20211023,908,66,808,271,40.3156222679115,20.147763235643648,210.53661449644486
20140313,836,87,97,319,21.377261789900615,22.22994136411024,275.39279684598915
20210410,868,28,114,435,30.93753096159571,58.134552808986676,345.92791622941763
20201005,151,83,469,285,22.52890267665444,41.786867735042456,220.6842295883031
20140827,985,96,656,353,36.30032378623768,51.43318309909477,265.2664931146676
20161013,920,58,610,910,71.07098145646715,45.71545911593385,793.213559427599
20190929,346,13,311,796,86.34469381213697,76.23221708826806,633.423089099595
20160731,667,49,75,762,20.806144895590258,42.9111365153505,698.2827185890592
20200307,152,65,725,158,8.547801082558708,17.665694980042176,131.78650393739912
20210823,869,71,31,196,24.563530855258215,13.811216798425763,157.62525234631602
20151029,952,60,941,478,50.905629987146675,35.75103484625004,391.3433351666033
20160515,422,9,700,181,19.516598018216033,23.445954806431846,138.03744717535213
20171123,773,95,766,751,101.5642069282063,81.74405201501736,567.6917410567763
20230509,17,72,865,750,105.46388918091915,105.43162564008914,539.1044851789917
20140108,601,65,373,954,121.93410419965164,106.31864183999315,725.7472539603552
20180214,701,16,749,332,28.108723574114727,21.18529899822299,282.7059774276623
20160725,469,81,793,154,17.70290986632058,17.98478388866518,118.31230624501424
20210111,199,26,448,430,45.17290164109038,53.387427583518594,331.43967077539105
20191109,966,90,905,590,73.65922204246543,73.53681100141588,442.8039669561187
20160126,501,30,578,609,74.44656425797045,40.4510566035637,494.10237913846584
20170418,249,27,273,901,58.95108724103493,86.8502213717294,755.1986913872356
20200220,393,8,253,869,25.25502745491675,80.55317201843324,763.19180052665
20230908,882,24,752,718,86.62977227638096,48.90393257820437,582.4662951454147
20160316,935,71,481,608,13.202679540791333,32.893666925706995,561.9036535335017
20220526,446,97,908,511,63.91500600534985,65.92215917310989,381.1628348215403
20191115,492,81,470,665,15.01140278129172,56.21556070498954,593.7730365137187
20200421,267,68,909,130,17.45298065775551,8.809469080335411,103.73755026190908
20191205,607,97,131,348,27.028858533021957,37.82979198087481,283.14134948610325
20220127,25,25,154,187,20.843081944225748,15.833791380386868,150.32312667538739
20181225,786,93,927,544,29.56318540280004,64.3851491441085,450.05166545309146
20230331,488,63,44,374,9.295603438694547,22.5233048881952,342.18109167311025
20140216,520,10,486,400,39.675010415586634,25.48330582348729,334.84168376092606
20140320,35,77,94,712,94.24347545412715,62.20575174201305,555.5507728038598
20140331,312,54,348,915,34.231905946463044,77.23897622160618,803.5291178319308
20220214,185,80,628,539,60.195971727600075,56.63311031944568,422.17091795295426
20170701,557,53,870,897,122.14838445244088,91.19676105039298,683.6548544971661
20200823,959,22,777,756,97.36151158776468,110.74208052311644,547.8964078891189
20180228,311,68,302,394,49.72934853677136,25.409330889897564,318.86132057333106
20231106,406,23,97,155,16.81324309404311,17.335104027661455,120.85165287829544
20200222,573,72,156,506,54.72873543443838,35.214120413315655,416.057144152246
20140314,849,47,880,645,31.182455116898378,45.75197252932913,568.0655723537725
20230822,535,63,307,185,4.784244514943943,12.487212311157965,167.7285431738981
20220227,896,57,394,585,13.156522863868659,87.5695702356137,484.27390690051766
20230331,324,85,928,694,55.78543709422054,35.8635082019271,602.3510547038524
20211224,173,55,256,611,13.903896186722834,74.86935907721325,522.2267447360639
20180626,111,92,619,294,12.02067237083706,26.531239777824844,255.4480878513381
20220920,490,16,54,136,10.67514550366009,12.669800604878354,112.65505389146156
20220113,720,72,102,824,121.2666264614243,122.82690723921073,579.906466299365
20141107,352,32,11,121,14.681299353469226,8.022537142756281,98.2961635037745
20220916,258,95,141,583,46.88458843990364,40.27995228320326,495.8354592768931
20151116,419,38,947,153,13.318158734730561,21.24461965924824,118.4372216060212
20151127,681,16,537,160,10.389595079504616,10.625352371704594,138.9850525487908
20181116,50,98,593,437,26.59692348727717,64.79810287182067,345.60497364090213
20150106,87,21,822,593,73.06101630231943,60.852236802271136,459.0867468954094
20210216,808,18,306,957,88.45709702717214,70.00757097908416,798.5353319937437
20200413,976,59,803,394,30.07993885942358,24.153428332476285,339.76663280810016
20150809,373,62,133,794,37.34571332388467,63.510334847946545,693.1439518281688
20230101,31,34,384,608,61.33976492666135,54.345756006579855,492.3144790667588
20140623,422,38,392,496,39.865124641467695,47.738751760321506,408.3961235982108
20181007,27,20,987,755,33.75946123313076,61.13416163037358,660.1063771364957
20220418,365,100,10,597,36.99632800418512,63.43642579810278,496.5672461977121
20161026,375,85,185,815,89.97715614154875,119.87347317942498,605.1493706790263
20220227,482,56,774,296,7.220069048392232,41.550905358079575,247.2290255935282
20150503,402,14,556,885,58.365612303992435,104.0249085899965,722.6094791060111
20190504,658,27,852,566,28.16579208502183,56.13025339791799,481.7039545170602
20151210,752,5,429,877,125.128843720891,97.98540758572311,653.885748693386
20150612,986,43,303,747,71.65497512356394,95.11924624349753,580.2257786329385
20180310,307,19,112,379,14.50718826612895,36.2418320890784,328.25097964479266
20231127,305,67,374,163,8.770598403934367,18.818036806195767,135.41136478986988
20210706,866,22,463,579,31.464403070131922,41.72564479014773,505.80995213972034
20140203,263,19,905,369,31.87148497450787,21.811741332848232,315.3167736926439
20181214,516,11,667,442,28.770740583367918,49.64390740635752,363.58535201027456
20200624,742,59,205,169,23.36852178914545,10.048865669117511,135.58261254173703
20171206,835,61,703,327,14.727140958068514,26.600731853291744,285.67212718863976
20160609,244,63,82,231,12.734395993939982,30.912354103791074,187.35324990226894
20171112,141,57,274,827,91.57705084622476,44.461985263577716,690.9609638901975
20160717,971,36,522,183,15.379670485489081,12.018372900931057,155.60195661357986
20170119,610,76,671,865,120.08907004509666,110.7104928506053,634.2004371042981
20210905,423,91,16,522,44.62680730638655,29.791272686290622,447.5819200073228
20161029,307,94,456,405,53.863909671717835,34.48706997252572,316.6490203557564
20190717,846,59,982,379,47.41011641601846,39.60501522336163,291.9848683606199
20190915,779,87,929,119,6.963544331776758,15.732995000608465,96.30346066761479
20210414,194,9,214,572,59.68191495651738,50.273938394525516,462.0441466489571
20140627,687,48,783,901,50.78389020259075,133.59968432965616,716.6164254677531
20211202,55,59,507,600,81.48749088292985,73.65671866387589,444.85579045319423
20240229,815,17,584,301,41.036008389423614,21.987070805550697,237.97692080502569
20230530,216,99,179,408,26.73124705241052,44.70834429217062,336.5604086554189
20160222,570,59,987,617,56.157578318722905,66.32685897109222,494.5155627101849
20220410,153,40,53,511,66.16071273790985,62.01514451640328,382.82414274568686
20201201,17,8,928,219,27.582013160578786,20.196489954178563,171.22149688524266
20200824,709,76,235,704,42.21517999138171,75.66625676126675,586.1185632473515
20150820,776,42,882,189,10.45688958572304,19.84516507514187,158.6979453391351
20210213,56,48,589,912,27.364665132116937,110.18012444381816,774.455210424065
20150116,503,60,193,863,17.3002002307544,97.62873936492124,748.0710604043244
20141117,642,38,62,978,23.391118006004575,103.8216390337637,850.7872429602318
20181201,502,82,904,950,107.87491262722537,124.61868837844457,717.5063989943301
20151215,74,91,944,530,31.44341666845228,28.321176482712794,470.23540684883494
20210404,330,22,914,411,9.469926483010195,41.75132594715345,359.77874756983636
20190206,497,81,771,392,25.14407126662842,25.41521089346296,341.44071783990864
20160415,610,15,232,173,14.361568805038772,13.321314486268456,145.31711670869277
20150424,711,62,979,963,23.300799233932143,52.65172860921872,887.0474721568492
20231027,805,99,679,896,131.6783549006867,132.89853780462286,631.4231072946905
20200828,71,20,729,421,48.194673991457535,36.86825974951823,335.9370662590242
20140301,260,42,176,407,48.72371878334089,35.84958042620704,322.42670079045206
20140523,893,61,986,331,20.77315491525933,18.866727668139102,291.36011741660155
20230228,987,11,262,518,64.23394531672993,30.378575951401082,423.387478731869
20220103,260,31,29,756,94.98031147829823,103.0099965894711,558.0096919322307
20151128,284,87,586,793,49.911686612589875,100.13970032285778,642.9486130645523
20240424,142,68,540,162,22.884160657166,13.1380150944736,125.9778242483604
20150613,366,31,444,771,59.588987081704204,114.32737914814285,597.0836337701529
20180922,753,85,521,187,7.741762312568624,15.879593293849249,163.37864439358214
20140825,949,75,746,308,18.712653368146942,24.510207516400733,264.7771391154523
20240503,166,42,664,183,8.259322153269416,11.709213651703028,163.03146419502755
20180808,11,11,997,474,18.02098230471626,37.6768986419311,418.3021190533526
20180405,565,25,231,988,59.6794557396513,138.09869164458235,790.2218526157664
20220511,254,16,577,849,108.7268507986489,76.05732536468159,664.2158238366695
20210713,23,32,762,106,12.166489764191233,10.862548715424964,82.97096152038381
20140718,223,78,710,235,7.346826513795947,18.78060790228027,208.87256558392377
20150122,633,43,318,749,109.18879538926541,107.73486793420598,532.0763366765286
20211104,145,72,152,926,81.26737891113765,112.8132794972816,731.9193415915807
20170426,992,93,147,551,19.76260563839506,46.96874231299894,484.268652048606
20161210,423,45,558,856,69.55944489739295,125.77147739166158,660.6690777109454
20170327,344,11,450,454,33.26395580679909,51.66766312281527,369.0683810703856
20150801,487,41,546,467,27.96048804831948,45.593281879275075,393.44623007240546
20150723,589,38,458,290,26.856696164951696,31.70962962430023,231.43367421074808
20170709,451,82,938,745,27.1848898470029,59.37607591367624,658.4390342393209
20140710,352,93,631,110,15.415022141609867,6.041534110662458,88.54344374772768
20200512,571,6,71,167,18.17118743100205,20.993146905590763,127.83566566340718
20160410,407,92,683,778,79.5335321135239,69.33599845791099,629.1304694285651
20240522,884,100,426,544,28.254727719621766,81.57070103146327,434.17457124891496
20221031,331,27,628,305,25.615724596183114,43.61597308052504,235.76830232329183
20180111,909,97,866,891,105.29059106656283,99.30277497321354,686.4066339602236
20211011,944,46,709,394,13.757209831593226,46.419879225770835,333.82291094263593
20150417,457,25,101,189,19.129730542251476,10.165788945875269,159.70448051187327
20240520,609,54,955,102,11.037943738199704,9.241606772084602,81.72044948971569
20210309,321,54,439,754,90.45333525235503,74.02027460239026,589.5263901452547
20230419,409,72,679,542,70.79033293308757,78.75920952781605,392.45045753909636
20240426,635,62,208,201,25.747853877264298,27.45400864613191,147.79813747660378
20181224,935,56,606,702,70.72139432596988,39.60943996773863,591.6691657062916
20210520,578,4,492,1000,133.87508423526063,68.57297728334873,797.5519384813906
20200711,82,74,873,456,30.083702468958073,58.34552754114744,367.5707699898945
20170302,966,60,416,307,21.066325693094562,41.35116387599479,244.58251043091065
20210914,906,24,198,502,31.840959270197924,45.63467242086308,424.52436830893896
20180220,121,84,163,442,36.06082264885077,42.08428727913207,363.85489007201716
20211223,702,83,978,668,43.100942609660606,38.905133645241364,585.9939237450981
20211023,283,69,854,237,25.170938247875487,34.60122127421769,177.22784047790682
20221221,333,51,771,396,29.625890806444815,30.9104120420325,335.4636971515227
20180605,273,45,478,111,4.519043315475589,7.150247626238108,99.3307090582863
20220103,487,68,19,367,14.96122137191769,47.85240338382432,304.186375244258
20230701,539,70,179,803,48.67936082365546,69.00017333579264,685.320465840552
20211001,305,29,904,447,9.04444668446093,23.89283596136681,414.06271735417226
20161215,840,97,201,523,29.77709659225811,64.345951361991,428.8769520457509
20160928,590,25,999,304,28.838035316339692,42.497482844685024,232.6644818389753
20140513,576,15,111,765,42.481315329118274,107.78847978856118,614.7302048823205
20151214,792,23,961,697,41.918654235328695,46.32023547651175,608.7611102881596
20190908,125,80,340,613,59.24369451943702,46.57029671109502,507.18600876946795
20200824,779,6,496,297,40.5175914682115,22.826050694893766,233.65635783689473
20170821,488,88,641,820,60.34976680639312,47.28767716499948,712.3625560286074
20240218,781,14,623,777,91.49947284008225,53.36312380396253,632.1374033559553
20200819,341,56,640,929,136.91588421807705,63.777310092882914,728.3068056890401
20160920,563,100,614,110,14.648518127084868,11.863213168885432,83.48826870402971
20231213,753,98,785,502,45.325549744928374,53.622714811006055,403.05173544406557
20200502,49,34,865,189,23.428953894951075,25.545539375382344,140.02550672966657
20140505,812,91,324,934,133.05933447930286,104.01095604564698,696.9297094750502
20141213,349,23,785,492,34.173135865354574,54.52926143561739,403.29760269902806
20190224,922,36,191,212,22.967048161258926,12.455042567803602,176.57790927093748
20240301,423,96,868,630,54.30166282883454,90.8376075840408,484.86072958712464
20140726,43,30,87,589,20.371785734359694,54.162969034111086,514.4652452315293
20220512,622,27,683,220,21.511448914472307,19.191184530035425,179.29736655549226
20210222,218,1,536,666,81.56260308776523,72.6467241315101,511.79067278072466
20220131,31,63,611,640,20.60021004544926,82.18105270019691,537.2187372543539
20240307,236,24,873,411,54.02678596459942,30.665142311343722,326.30807172405684
20210510,560,91,325,498,46.43126030334354,48.714429949483716,402.85430974717275
20161017,295,50,411,702,55.135447002642856,100.27412950935413,546.590423488003
20210622,453,17,351,429,40.39145561069208,37.94414808437722,350.66439630493073
20181119,726,89,873,415,46.212986203619145,29.27974901857414,339.5072647778067
20150625,685,96,383,967,29.55957008140364,140.76173253984499,796.6786973787514
20150531,578,10,911,593,73.53903501734166,63.34526266350423,456.11570231915414
20190529,547,22,899,942,48.43740303027164,86.03947533361415,807.5231216361142
20190312,834,43,398,978,86.7813236050551,139.65081909547524,751.5678572994697
20220314,166,46,571,166,9.934140484417744,12.330533378907585,143.73532613667467
20160709,325,79,610,657,85.7296426450605,40.4927989922597,530.7775583626798
20181229,783,14,702,650,86.44898836155251,48.035130035775566,515.5158816026719
20221216,229,4,28,605,68.32783860800559,46.69615024349177,489.9760111485026
20230303,593,64,450,396,26.626438029026957,26.90696591828526,342.4665960526878
20150710,199,92,355,295,18.019649436695705,18.23651859068713,258.74383197261716
20221113,115,58,206,497,49.98140777446159,62.90231686670785,384.11627535883053
20141027,334,26,850,931,125.11826772089705,103.0955732176746,702.7861590614284
20150416,200,2,826,311,39.87469900693655,36.458122020139236,234.6671789729242
20150808,271,1,240,546,23.46732452077834,80.32363659335202,442.20903888586963
20220712,118,36,266,838,28.440839812381206,53.057848329602436,756.5013118580164
20230729,81,13,535,616,35.35520352096036,58.73976843849519,521.9050280405445
20160820,809,23,282,767,84.96122814710874,83.30700566256859,598.7317661903227
20180417,221,29,780,197,23.008094910402395,23.50449107733903,150.48741401225857
20181207,8,52,553,376,8.326824231105196,39.35875169202952,328.3144240768653
20150516,138,12,198,338,11.873829954578765,30.393785955685516,295.7323840897357
20220304,512,79,760,256,18.320441053274322,29.564486010309384,208.1150729364163
20230411,485,86,248,623,88.03696170639805,48.85390401963679,486.1091342739652
20201223,474,47,480,667,39.53347515111209,79.91290803397955,547.5536168149083
20230809,176,73,972,725,64.33069106364229,38.395580644964085,622.2737282913936
20240403,605,97,668,925,33.09189753988266,49.8335155495961,842.0745869105212
20210817,181,27,811,459,28.878864816769642,37.72061676027009,392.40051842296026
20160309,760,24,461,735,55.789309570812215,75.57172412007706,603.6389663091107
20240510,406,37,668,497,22.49775963480479,25.794611949919307,448.7076284152759
20230807,307,23,719,243,35.5086258754058,20.743026583331265,186.74834754126294
20240712,81,46,981,871,68.37901379608977,104.09956348836941,698.5214227155409
20160531,345,57,173,690,102.93428787418324,46.756886879427775,540.308825246389
20190923,407,16,932,530,24.089889372287683,48.541465514056284,457.36864511365604
20150120,990,45,2,811,65.83254882830437,100.50320948780842,644.6642416838872
20200328,721,56,731,391,55.26013976476507,55.10139163056601,280.6384686046689
20181010,655,2,305,415,27.51406093303626,51.25913155966039,336.22680750730336
20210115,95,54,791,826,50.88112053176442,76.14293101334714,698.9759484548885
20181126,867,87,139,129,9.883954221103892,11.695669305185898,107.4203764737102
20170123,415,32,149,684,88.82856225742194,73.29772836502863,521.8737093775494
20180102,502,82,213,548,12.481314981838848,34.78631686450208,500.7323681536591
20180406,431,29,766,577,78.09040711706567,62.46383214395193,436.4457607389824
20180820,736,24,295,622,69.66000404176398,84.87922484696634,467.46077111126965
20240426,727,93,506,751,43.60253981911562,53.29521264098649,654.1022475398979
20170227,411,41,345,869,117.58525917835108,119.22614075557821,632.1886000660706
20150406,168,96,337,613,39.93751298281866,31.38110049372056,541.6813865234608
20180615,122,20,704,657,66.3974179593167,83.09101404311478,507.51156799756853
20201106,208,17,312,736,69.39847215010325,95.42299526334565,571.1785325865511
20220329,901,9,678,432,14.367692354381905,28.43899689166492,389.19331075395314
20180510,920,52,552,803,83.10947327791142,73.81683753804217,646.0736891840464
20201005,482,22,928,297,28.538009354523318,43.711449568452416,224.75054107702425
20210813,209,43,633,696,40.898429486669514,63.98979893315634,591.1117715801741
20240624,184,10,449,656,87.91484956629705,92.91418117279474,475.17096926090824
20140922,289,31,83,836,116.53518770517594,79.08359399858603,640.3812182962381
20181018,79,33,258,776,65.1293035182831,50.15861836543417,660.7120781162828
20170427,939,40,224,913,124.93435381579728,51.76679986945214,736.2988463147506
20160401,962,1,703,735,65.54757074833458,101.6785332102895,567.7738960413759
20210703,127,82,304,766,107.30238902148936,104.74873253863899,553.9488784398716
20141227,547,86,593,266,34.994283282365814,34.308153643662955,196.69756307397122
20170331,680,97,596,433,13.88943678856985,53.14474074719919,365.965822464231
20230211,752,55,30,292,7.076986771221426,17.165626113734486,267.7573871150441
20231120,176,59,106,798,112.62567742752697,41.1238679589724,644.2504546135007
20210604,633,39,379,694,76.6046681298567,46.20954446524514,571.1857874048982
20220702,854,60,143,159,12.144498690412771,20.246452794584638,126.6090485150026
20240422,531,19,121,908,87.44741158454941,47.16743484860116,773.3851535668495
20170412,48,60,553,241,16.13557285807077,25.07294825989571,199.79147888203352
20190704,669,45,895,540,29.562619127038875,57.35567696762417,453.08170390533695
20221026,276,20,153,871,34.652541817547394,71.72623344565021,764.6212247368023
20160229,217,62,705,768,62.48811222068041,54.31864704584074,651.1932407334789
20220301,857,23,621,104,10.165339714739147,5.354839732859653,88.47982055240121
20160903,228,51,313,417,33.48444458501083,59.05699997282674,324.45855544216244
20191212,404,90,476,527,49.31302430361034,69.52088604058083,408.16608965580883
20210317,67,95,338,220,6.268611114238627,24.5337398096577,189.1976490761037
20200129,579,87,2,995,101.41057906673798,51.35592552626033,842.2334954070017
20220813,873,13,938,690,54.918926861769194,67.48287259678868,567.5982005414421
20190221,987,65,497,856,95.43526034404073,83.48314677415974,677.0815928817996
20180228,470,77,183,699,76.43121875056943,73.82166868532465,548.7471125641059
20160630,122,48,324,728,47.8476039816643,106.35476956885749,573.7976264494782
20150305,248,31,339,192,26.431989744021415,15.679769780927879,149.8882404750507
20200912,97,10,925,482,31.83329379048961,70.20675932491234,379.959946884598
20220427,785,92,431,826,104.64885528637036,101.88036768608072,619.4707770275489
20170619,995,45,887,609,54.51525923984741,43.68622606447821,510.7985146956744
20240326,986,90,453,981,127.19425928933101,141.24846796389176,712.5572727467772
20180924,64,86,817,134,14.872160633566484,16.4720560235357,102.65578334289782
20190419,745,91,665,124,4.62766564504631,6.476879412846189,112.8954549421075
20210108,78,53,27,699,96.08014988632274,74.45725911013297,528.4625910035443
20140628,467,72,214,371,19.925787216436824,44.77851975621343,306.2956930273498
20190824,952,55,374,777,42.66070254499117,110.52118043909553,623.8181170159132
20161121,358,41,697,385,23.136618675412056,55.882241006478154,305.9811403181098
20140301,954,95,685,837,84.86683163154888,53.662259498262024,698.4709088701891
20200215,779,53,693,453,11.315143183064908,29.786567082498856,411.8982897344362
20150101,955,32,807,988,25.07479817607453,86.01245156877981,876.9127502551456
20151013,883,11,226,258,32.21881755003191,13.561012610884239,212.22016983908384
20230811,950,34,642,830,21.631727564706427,45.296336442449444,763.0719359928441
20180929,713,70,863,579,46.996792937856824,48.91899046216849,483.0842165999747
20180829,785,92,415,229,26.84538888006767,31.537556949535638,170.6170541703967
20210727,640,89,811,414,9.333757830790473,49.06096400162755,355.60527816758196
20200624,120,79,477,143,18.223815630500244,9.385294504324241,115.39088986517552
20180408,169,58,153,910,47.575869821204286,124.26260928365929,738.1615208951364
20200523,279,10,872,730,16.337916947074365,75.0402281442874,638.6218549086383
20140705,97,41,542,287,39.94046384326449,40.070324930632545,206.98921122610295
20201121,782,5,898,813,118.4859508462171,80.2884900802557,614.2255590735272
20160619,730,53,285,588,72.09021739236216,53.87529549226326,462.0344871153746
20150828,483,25,234,642,16.613511556895205,69.33158478521199,556.0549036578929
20161122,845,86,591,685,69.82459870028386,54.51840687419941,560.6569944255167
20230306,718,85,8,561,64.05430247332283,80.45590248184412,416.48979504483304
20200626,77,49,321,823,89.96898788016644,112.94617286629267,620.0848392535408
20171207,523,19,748,369,43.629788438692216,30.170044730631908,295.20016683067587
20240305,305,36,520,393,11.96168042355148,39.689761686498414,341.3485578899501
20151230,770,57,830,597,52.45980699909651,35.96470247933344,508.57549052157003
20230208,915,89,549,945,130.65853096887062,127.90234097620784,686.4391280549215
20190801,485,15,323,437,47.70238986024125,51.405701203824435,337.89190893593434
20140905,465,24,972,691,62.75790791100134,64.90804740900998,563.3340446799887
20190524,578,44,612,152,22.788695346740273,21.293975771675342,107.91732888158438
20220724,249,57,873,429,59.32147849008412,21.482687184195882,348.19583432572
20180211,785,86,898,263,38.58406497507906,34.30040840469011,190.11552662023084
20160110,510,81,483,897,54.29534560470172,112.72429593332916,729.9803584619691
20200920,507,33,426,440,37.84011252131467,40.96047068199061,361.1994167966947
20240404,850,11,865,327,10.188580669541691,17.341255824369124,299.4701635060892
20160116,488,25,39,363,48.77935393119057,52.366848329523144,261.8537977392863
20190329,976,88,290,763,60.973896426894235,55.01778138408475,647.008322189021
20181225,857,9,427,871,93.53775709846812,84.03958912195819,693.4226537795737
20210330,649,42,645,973,46.88606263075148,123.25433050727864,802.85960686197
20190420,128,35,309,975,25.516527406433905,59.71072793985673,889.7727446537094
20151228,787,33,610,815,85.34838443341087,64.84938185029677,664.8022337162923
20160302,616,6,943,427,62.047878809501285,49.19889224583,315.7532289446687
20140314,883,7,341,474,25.40577460448739,24.44637775516728,424.14784764034533
20170730,845,91,463,671,70.51416585020755,39.33098790842763,561.1548462413648
20140226,163,11,524,698,76.02453728309855,79.75473511646672,542.2207276004347
20220327,214,39,291,462,28.79881806938854,34.80360977991112,398.39757215070034
20220911,336,96,857,238,33.67072778460707,31.120881756131993,173.20839045926095
20200528,103,19,362,160,11.684554159253723,18.628638231604832,129.68680760914145
20170601,543,85,719,801,45.36582694670248,84.55051418871243,671.0836588645851
20221010,449,6,543,526,23.388476291071353,62.84843551356245,439.7630881953662
20191201,463,1,372,133,2.797556903562273,16.16853233904161,114.03391075739611
20181129,315,77,360,266,19.771765267273672,17.57136972397626,228.65686500875006
20190215,438,95,807,409,31.923215667520235,22.19805274044621,354.87873159203355
20200818,644,2,198,377,37.63186656049362,47.691256388226684,291.6768770512797
20240123,410,94,853,754,64.53453769672305,99.67745505362575,589.7880072496512
20200403,794,83,818,271,31.042276112184904,25.465788195663244,214.49193569215186
20171218,978,58,349,405,51.11933409100697,56.117610738925876,297.76305517006716
20200816,326,87,699,922,78.88760080678136,64.8032944546848,778.3091047385338
20211202,627,60,829,253,18.44463373651805,14.046492908941936,220.50887335454001
20141102,659,77,45,996,145.79724415578295,61.559982666325716,788.6427731778913
20160707,83,89,953,651,13.765635417710152,86.94320931698275,550.2911552653071
20230826,509,52,64,344,17.8121666212538,29.451849095450683,296.7359842832955
20181204,889,90,74,548,77.1620561386534,76.19530448369922,394.64263937764736
20210905,356,58,845,128,14.991637382298693,15.062470754871697,97.94589186282961
20200207,995,74,51,821,61.287041103820705,90.11997503089266,669.5929838652867
20190723,512,96,45,285,25.324117989122165,30.10010027261803,229.57578173825982
20171013,391,41,108,498,49.220543711089356,44.665304771641054,404.1141515172696
20190831,996,92,576,539,16.894037533749913,35.96956989180922,486.13639257444083
20181209,294,8,519,231,14.762021599835096,19.897518244572783,196.34046015559213
20231216,97,41,105,536,70.54412761622284,52.45707902478976,412.9987933589874
20220125,689,12,391,745,49.70008374771891,68.82150558023454,626.4784106720465
20180323,314,74,177,494,24.884820103085012,24.951669580197738,444.16351031671724
20170604,309,56,897,325,31.391757951132472,17.050374967032592,276.55786708183496
20151022,313,24,162,345,26.16307745688401,23.765357215003704,295.0715653281123
20150301,846,19,192,481,19.857997269799192,47.85527424824639,413.2867284819544
20221207,338,30,472,186,25.95171484720344,24.86584506620356,135.182440086593
20240531,976,35,699,413,18.38609943569835,38.459683486383064,356.1542170779186
20190516,849,2,144,360,53.20254379525704,26.533931611663988,280.26352459307896
20220326,203,31,962,879,28.560640439814154,56.99190801661237,793.4474515435735
20181112,929,64,887,423,48.141579755521974,21.211457388658182,353.6469628558199
20150107,493,40,288,919,120.97884918646518,95.19835248754245,702.8227983259924
20141203,560,32,785,340,33.65827959415757,48.348549840126424,257.993170565716
20140510,587,85,269,841,47.89354345658418,73.50754873554969,719.5989078078661
20170612,606,30,522,669,49.941115523435045,48.60053010471395,570.458354371851
20170325,83,43,376,491,55.128233273382925,38.922733991334056,396.949032735283
20210322,322,35,923,685,33.06745125854956,89.38249019866547,562.550058542785
20211121,437,44,635,444,16.748467017695575,26.336763072995975,400.91476990930846
20170821,651,33,917,1000,105.72512445376762,105.81173850592299,788.4631370403094
20160713,48,45,111,889,111.57548312509876,67.55682635999467,709.8676905149066
20161230,672,20,336,539,75.36318067851192,72.18718138192253,391.44963793956555
20231213,388,61,247,307,25.008103044286266,36.30119637001056,245.69070058570318
20160909,721,46,249,768,86.70145574458327,72.987842259075,608.3107019963418
20190520,97,38,326,126,14.299308271845698,10.642880402327052,101.05781132582726
20180610,746,75,642,569,58.32733479093838,83.70295506562366,426.96971014343796
20230109,16,72,890,253,24.13672807920481,17.456363514972377,211.4069084058228
20191201,12,53,301,744,21.10755867038678,96.42902014686743,626.4634211827458
20220814,345,78,152,427,27.659803065589987,48.23912002916947,351.1010769052406
20171009,134,2,60,234,25.47226989221715,25.131621351478167,183.39610875630467
20150112,523,47,716,770,91.99240125592753,60.15304881457221,617.8545499295003
20190213,363,22,17,920,137.17619505522245,91.44836623284621,691.3754387119313
20171025,511,55,287,120,13.817168772157466,7.092122943499612,99.09070828434292
20220716,719,59,247,641,67.63592835580457,50.52872784709729,522.8353437970982
20140903,860,2,355,378,35.16511486947579,31.708200962909086,311.1266841676151
20160608,137,30,376,186,5.7300896006744315,13.735754762530108,166.53415563679545
20141124,418,53,133,452,23.09118342460119,50.39781766501883,378.51099891037995
20230609,399,97,404,758,51.95530110797191,38.63420894329174,667.4104899487363
20180406,146,65,942,783,110.48221914343505,87.70137351257588,584.8164073439891
20210621,107,70,669,796,90.38501095683084,115.49282333173234,590.1221657114368
20170729,610,33,86,647,73.69910336585338,81.60922281139621,491.69167382275043
20220625,525,75,851,204,19.002212631777365,15.838466229636937,169.1593211385857
20180118,525,70,757,492,61.82770654029392,57.39563636914009,372.776657090566
20141022,328,12,672,430,20.58118931960689,31.061066076778367,378.3577446036147
20140501,752,7,608,313,36.302833417164884,33.64378464171219,243.05338194112292
20210220,913,5,312,138,5.212912774924487,12.235737160646906,120.5513500644286
20170701,994,73,625,391,11.349773854801272,23.244410141090327,356.4058160041084
20150926,231,62,566,880,64.19391336119119,109.745967443959,706.0601191948498
20150823,312,29,889,791,58.98641077677014,114.164390650717,617.8491985725129
20160325,481,35,481,825,53.63322011228476,110.78138786670834,660.5853920210069
20230609,670,83,622,640,46.27453410371462,43.286576162868904,550.4388897334164
20200203,70,36,520,296,18.532854907030973,31.188700397042936,246.27844469592608
20190623,503,5,478,408,40.76529668943894,29.710313346991683,337.5243899635694
20140915,354,72,856,467,47.12702553400179,28.806291897342728,391.0666825686555
20190412,160,90,653,238,26.691605381375126,17.928095946986012,193.38029867163885
20240510,708,88,306,216,16.325326399562293,27.65114233917076,172.02353126126695
20190220,123,40,650,573,79.14123974910638,73.01187041121995,420.8468898396737
20210505,110,44,729,749,16.09511921784528,40.71602468334473,692.18885609881
20160718,982,87,986,778,44.53442470125226,72.04530748584655,661.4202678129012
20181230,444,79,308,339,14.558956429242679,30.127352873864055,294.3136906968933
20201217,594,67,35,808,19.75232254668308,52.50993634384114,735.7377411094758
20160405,247,11,746,596,29.67065594688584,46.32878545372639,520.0005585993878
20231123,346,47,380,983,83.7026686417593,102.64894624161909,796.6483851166216
20230906,582,92,303,683,54.0263081933655,91.34810783044813,537.6255839761864
20180529,602,94,474,221,26.04583991425239,19.721785630305394,175.2323744554422
20220812,559,73,443,796,44.83319896508848,77.51872917884404,673.6480718560674
20210322,45,6,516,830,20.493897668346133,104.1802945722104,705.3258077594435
20171210,584,69,624,843,72.67693305951228,52.97087184017429,717.3521951003135
20171016,657,85,983,287,18.378974908123222,29.013297003671195,239.6077280882056
20210715,418,44,556,467,64.25952860613626,53.11146629574417,349.6290050981196
20230820,107,78,333,961,89.34132300468697,50.53840728490662,821.1202697104064
20191007,807,11,404,958,26.9928083438474,73.77417970615211,857.2330119500004
20231105,936,60,407,456,63.5350615159738,33.436993435126325,359.0279450488999
20180513,500,25,241,393,18.990401004101276,58.57740508101814,315.4321939148806
20210910,908,97,976,577,64.42595006488793,51.986023538783094,460.588026396329
20151108,268,18,676,468,65.13528750552067,53.14863477445452,349.7160777200248
20170314,262,77,476,553,15.498491633766681,82.8840355303325,454.6174728359008
20240221,372,68,396,943,120.03582585801583,124.12947658897781,698.8346975530064
20150718,92,53,201,970,31.30715866341346,75.82048481143799,862.8723565251486
20160326,388,84,605,600,22.818009710512474,57.29728784682419,519.8847024426633
20170509,347,35,418,806,43.953800443104356,84.1715916494719,677.8746079074238
20240709,195,90,404,255,10.736480128030665,38.08374933125319,206.17977054071616
20191120,159,3,4,850,86.19707477012575,69.7668935795245,694.0360316503497
20210921,286,48,19,224,27.862588893953397,15.578265136280745,180.55914596976586
20180607,915,8,13,661,83.85952813457838,53.6684676019234,523.4720042634982
20240218,508,13,648,605,45.1474281342361,61.09525022374078,498.75732164202316
20180210,446,86,467,660,18.32742608578993,62.492803957726245,579.1797699564838
20160813,553,63,208,628,24.864858361312788,45.68536331687487,557.4497783218123
20181128,684,85,810,655,73.41533869829493,72.46658114516445,509.1180801565406
20221107,360,9,135,141,16.23401278270124,17.52239536125569,107.24359185604307
20181222,710,79,8,514,63.57268907921954,27.905875151307598,422.5214357694729
20220915,316,16,429,661,17.207678752111335,44.121393764300386,599.6709274835882
20160705,293,35,187,669,69.08372904663017,82.37770691390313,517.5385640394667
20210801,162,73,939,617,76.01749973348676,60.5780072284772,480.40449303803604
20160220,160,54,32,715,30.803007096802663,102.22233868828988,581.9746542149074
20221017,138,96,607,991,41.414299226627875,99.11757473763107,850.4681260357411
20180113,809,100,200,664,79.38005787827238,39.15298555436169,545.466956567366
20141017,315,42,686,976,72.41895828907047,74.5661976108412,829.0148441000883
20180915,420,19,630,571,54.47589968553023,70.35082393580967,446.1732763786601
20220323,533,44,986,838,77.13735556844952,122.85821992881297,638.0044245027375
20211002,893,37,195,129,11.79648233309588,15.629971247341265,101.57354641956286
20220309,90,83,626,418,51.386607598920776,61.79888443582558,304.81450796525365
20230816,325,88,781,716,19.676805068560583,106.52961554376236,589.793579387677
20141010,930,58,540,361,35.77396086863361,43.231426433940534,281.99461269742585
20180617,758,46,942,954,54.6934824535898,85.2924869832354,814.0140305631749
20150404,672,16,171,299,23.637238665609175,36.88838147541266,238.47437985897818
20191008,655,87,903,239,19.53296907873317,26.344503222355275,193.12252769891154
20220727,498,43,107,208,27.29173785707289,15.852222329683837,164.85603981324329
20170621,57,42,684,274,10.152246608696725,34.885151593026876,228.9626017982764
20171210,59,3,209,278,30.535126689590303,17.86459853708655,229.60027477332315
20160430,623,24,748,271,33.75240351607985,30.948301904229155,206.29929457969098
20141209,911,38,480,129,9.68919658439097,18.25111925533238,101.05968416027665
20180305,206,33,845,115,7.368858162344528,12.006058200982261,95.62508363667321
20240103,18,89,327,729,62.24970120591056,71.95664031419447,594.7936584798949
20161106,31,75,952,707,67.51131977749576,59.80134287123998,579.6873373512642
20160904,307,52,505,996,97.25265307028066,105.60220587859173,793.1451410511277
20220507,984,18,851,293,43.74838404698426,42.258431807832324,206.99318414518342
20140821,716,66,924,658,18.837222816029897,94.80124068206977,544.3615365019003
20140328,248,75,876,351,41.2894279445998,19.495900374966432,290.21467168043375
20180923,130,31,703,886,48.178772511423894,68.66887909829777,769.1523483902783
20211009,989,93,210,638,88.1039040432602,61.67199633055956,488.22409962618025
20160305,728,70,384,763,90.6328096524002,91.04716119124117,581.3200291563586
20200408,446,73,95,716,40.811168371396995,44.3985547186967,630.7902769099063
20160529,494,67,956,449,12.558218971617801,25.498247515532018,410.9435335128502
20190724,157,55,298,143,8.029871929088618,7.304839663928867,127.66528840698251
20210418,637,35,32,811,107.79737893601654,72.56715851680009,630.6354625471834
20140812,73,71,189,817,20.739916860039497,108.52237224567988,687.7377108942807
20191020,561,32,289,301,31.649419845342308,35.79041209968378,233.56016805497393
20160131,111,56,753,947,77.42068355121593,72.0978670830483,797.4814493657358
20170910,852,2,890,320,19.399115855682666,47.945153135777296,252.65573100854004
20190513,667,78,672,716,99.36543129941465,38.69651247224551,577.9380562283399
20191020,1000,96,720,705,54.58668795225444,82.70831609582345,567.7049959519221
20170913,503,46,550,373,16.5541183284603,39.51677236426552,316.9291093072742
20161015,215,32,825,199,4.982390983622758,21.169616239893855,172.84799277648338
20150427,175,55,9,372,16.627508571319545,28.608131903598693,326.7643595250818
20140325,168,87,511,508,41.497040533236685,25.551146735600117,440.9518127311632
20170319,390,79,391,691,86.13979027839498,62.84140838768026,542.0188013339248
20170212,877,80,160,298,43.22417973715565,44.53316233247275,210.2426579303716
20200714,313,70,484,925,58.756602260557976,83.84757418831656,782.3958235511254
20240505,171,83,778,900,68.19017450613063,53.060795766659645,778.7490297272097
20160825,716,25,179,324,47.77644561155381,36.96865866449177,239.2548957239544
20210429,895,39,592,946,136.9858977801093,131.7342236445319,677.2798785753588
20161215,246,35,570,559,20.420851108319745,81.08040535838867,457.4987435332916
20150206,27,82,360,669,85.40930559508037,77.08808242421355,506.5026119807061
20190618,558,47,53,678,31.351474442353936,92.50680490103883,554.1417206566073
20160521,52,67,193,645,28.03196204466074,44.45348589641832,572.5145520589209
20240106,131,12,855,840,48.46097948221129,103.81444115666503,687.7245793611237
20180123,278,27,223,478,68.37468104364784,40.39549890498093,369.22982005137123
20240224,864,80,190,462,10.921313019499019,53.172924378972105,397.90576260152886
20220206,549,94,69,413,23.325671533454635,57.6452685348247,332.02905993172067
20221109,629,78,996,880,38.82327905461043,70.11759824477795,771.0591227006116
20230808,446,39,445,355,45.445236951111426,37.22708664194578,272.3276764069428
20171209,317,83,211,252,31.060754584991187,30.902062892443148,190.03718252256567
20141116,150,100,363,815,70.84686573611104,103.53169059039283,640.6214436734961
20140330,304,36,671,282,8.092690255849524,19.747637637356615,254.15967210679386
20190124,247,70,398,551,72.98222036455488,68.71685888897163,409.3009207464735
20171120,833,83,310,208,18.127657833967216,18.995387007043334,170.87695515898946
20170816,640,22,582,388,22.55438446790972,40.3048426485627,325.1407728835276
20180310,260,27,105,431,32.06997272678819,59.43406995375287,339.49595731945897
20170408,226,94,654,328,26.55657101194428,23.755638937771163,277.68779005028455
20151211,597,26,988,307,22.600829980209102,33.546357381815525,250.85281263797538
20210615,63,40,395,246,30.979805835651145,15.583935891870771,199.43625827247809
20210513,223,33,881,876,97.51343784846193,54.913564520382415,723.5729976311557
20160416,173,96,577,384,31.901686874583795,44.789942262331564,307.30837086308463
20190118,964,59,565,917,73.31949401498338,96.10131715681723,747.5791888281994
20220930,727,43,590,190,6.972294832571986,17.273140618118738,165.75456454930926
20200712,83,10,958,575,50.36098766422317,57.49586402123937,467.1431483145375
20240610,539,27,297,417,19.075323326719403,30.84687453030809,367.07780214297253
20140717,695,33,969,505,57.7424658439858,63.166871028998486,384.0906631270157
20180806,75,83,216,214,15.234639544946516,16.09643086257206,182.66892959248142
20210905,517,77,884,157,7.712745947860928,23.140191497011703,126.14706255512738
20230216,62,4,818,187,26.052503258053367,15.774582700559371,145.17291404138726
20140712,965,90,896,135,14.400846092591667,7.713596797781488,112.88555710962684
20200314,780,30,362,413,47.53598028704461,42.34421071762545,323.11980899532995
20200911,747,2,266,1000,109.91606093197674,121.5359453402709,768.5479937277523
20190725,139,46,476,172,17.97440947422671,20.706268306390818,133.31932221938246
20231103,581,54,193,763,112.49941907033943,52.025476524702015,598.4751044049585
20180315,837,56,443,725,58.79535148910328,69.39011005299518,596.8145384579016
20151026,118,49,389,828,118.34396254155384,86.7580202351654,622.8980172232807
20220630,108,44,986,172,24.40418064407451,16.210404572195202,131.38541478373028
20180115,223,37,999,821,78.7055787277978,56.82966693633038,685.4647543358718
20161011,872,71,328,195,8.660228031064316,22.711339270629303,163.62843269830637
20230410,585,99,902,941,87.36733905505743,89.13010198329572,764.5025589616469
20140517,626,82,297,695,53.85812718569712,100.28944295153079,540.852429862772
20160320,762,78,183,422,42.979977523564564,21.48151127782091,357.5385111986145
20150928,4,21,668,825,86.28119421698976,69.71087446389004,669.0079313191202
20220621,310,12,329,878,17.982366243578262,61.853891309763824,798.1637424466579
20171018,159,48,919,360,17.45138949112405,35.09701215442264,307.4515983544533
20230221,224,70,998,782,111.93804460839367,65.25373466297538,604.8082207286309
20220803,546,26,39,826,26.20546676256187,77.00106905466774,722.7934641827704
20180330,369,8,925,975,140.19808916728508,96.54070921118803,738.2612016215269
20190124,763,60,900,281,32.703793487147884,25.94907537293521,222.3471311399169
20201006,465,22,352,379,50.86259467499037,35.983306512881065,292.15409881212855
20220821,950,66,508,846,87.22366863869287,90.15582572165755,668.6205056396495
20231230,53,33,198,677,100.7403018657446,41.72883456041587,534.5308635738395
20150919,945,62,476,295,31.41991334250298,28.03991118782282,235.54017546967418
20150214,975,10,438,418,61.02844456222296,47.254646874850096,309.71690856292696
20211102,278,96,392,512,70.1512190012404,69.4676245579806,372.381156440779
20201206,211,41,375,854,98.12849298628505,66.96949019947823,688.9020168142367
20170122,190,97,859,939,98.65649756705662,139.7373504864727,700.6061519464706
20150706,684,20,747,490,43.28598473629382,43.46620813752136,403.24780712618485
20190504,782,33,185,203,26.665424769221833,16.660883687707763,159.6736915430704
20210527,96,34,287,121,8.95371136488324,15.518103296820444,96.52818533829631
20150920,421,74,120,103,6.906649829559085,12.053568083733353,84.03978208670756
20170418,7,93,219,195,21.944578015220603,26.55261394769138,146.50280803708802
20141004,219,73,430,426,23.889627432100223,32.37476069774672,369.73561187015304
20140617,906,78,914,439,50.14055724616249,59.23301412711267,329.6264286267249
20171207,335,68,22,844,71.89123625940343,90.86640562014124,681.2423581204553
20170406,329,6,85,968,96.8049772581879,130.87233294017315,740.322689801639
20210826,175,86,890,832,66.02174157537158,111.04161698847409,654.9366414361543
20200714,150,63,268,407,44.87816114816967,41.289302232666664,320.83253661916365
20190403,773,76,839,107,10.243383984518047,12.731248072627498,84.02536794285446
20190402,957,19,299,853,18.63949971350036,99.12568305516396,735.2348172313357
20230129,594,100,209,957,39.83545686888293,89.97238987114626,827.1921532599708
20181130,485,32,412,792,93.1332812720803,94.35616582777521,604.5105529001445
20231103,375,17,236,507,73.29124061238262,36.727046726248425,396.981712661369
20210117,386,85,550,301,44.24722774469379,16.113509846784606,240.6392624085216
20150827,110,29,954,331,17.648050978935025,24.152259103229767,289.1996899178352
20150929,476,16,779,379,11.863256069021297,30.955285841616263,336.1814580893624
20210828,538,65,77,617,26.456795083254562,81.94578094514915,508.5974239715963
20190615,687,12,854,364,51.16606182766778,27.845503542348446,284.9884346299838
20200924,93,93,247,894,59.3890550095613,121.12202091801608,713.4889240724226
20190126,644,92,880,898,69.22102086943416,102.63105619311783,726.147922937448
20230331,503,46,105,352,10.922909703974613,18.991455666223565,322.0856346298018
20210724,791,84,470,554,18.319680131600066,61.198500244530976,474.48181962386894
20220424,56,70,246,463,14.886507404694717,47.09341199003801,401.02008060526725
20210215,270,85,191,161,6.296407901483494,19.420321029691337,135.28327106882517
20160414,506,36,261,360,26.903135154325444,20.628148280320758,312.4687165653538
20141017,41,99,897,521,68.19733730399496,55.406789581002755,397.3958731150023
20201017,1000,56,864,744,77.74175203114936,55.859271745579306,610.3989762232713
20160802,336,38,663,121,3.708337649494072,16.947553906114425,100.34410844439151
20200214,65,75,854,729,47.77002639690686,83.29158742563074,597.9383861774625
20161030,428,37,253,723,68.13530150314513,66.280311914824,588.5843865820309
20190522,723,100,687,949,101.88585266389511,69.77860856113375,777.3355387749712
20190701,432,32,989,912,31.395250441596808,49.27500832964359,831.3297412287596
20200501,895,68,276,220,22.474210859622122,20.60750571936996,176.9182834210079
20180611,967,21,97,505,60.447337425287294,40.35855282298846,404.1941097517242
20220903,100,9,539,618,81.63112553939263,57.979634348023886,478.3892401125835
20170416,232,35,38,999,34.80787851084308,60.38973888367303,903.8023826054839
20201203,337,13,221,524,57.250518850847946,48.14253248090952,418.6069486682425
20240516,89,2,489,604,15.903053115561706,81.31517182382855,506.78177506060973
20161124,367,51,828,154,4.500810674035199,10.74775771398162,138.75143161198318
20240420,903,39,814,298,36.7733657992086,21.193832513902084,240.03280168688931
20160526,768,96,601,464,19.83981132733792,69.00897386334947,375.1512148093126
20160411,291,1,30,117,3.025448377244059,14.26514743346565,99.7094041892903
20230221,556,39,718,285,29.63202008291719,34.35014164046492,221.0178382766179
20170220,152,38,641,591,73.73461518586224,53.145677231825935,464.11970758231183
20231005,539,16,462,504,57.14167511672248,57.18493304541066,389.67339183786686
20151002,21,26,713,981,48.99888865493395,63.65895758838861,868.3421537566775
20191123,348,70,770,295,14.69151357481114,17.899275267408566,262.4092111577803
20220624,466,44,161,396,15.115923039705956,25.83679317810145,355.0472837821926
20201006,550,33,536,592,25.598393576238905,87.51534851270091,478.88625791106017
20170513,239,83,510,571,46.25847590426508,79.93317394847386,444.8083501472611
20210904,869,30,825,689,55.963734564483545,97.58564636629127,535.4506190692252
20180527,792,11,660,938,19.603895457878878,48.475432620421074,869.9206719217001
20180804,502,16,680,631,17.334124260641428,80.93160573914457,532.734270000214
20240511,457,71,351,551,68.42255789455075,41.34955511638967,441.2278869890596
20190822,678,97,471,954,57.083660232927464,56.330851693086224,840.5854880739863
20210607,944,48,561,295,14.632150276565737,30.241907754202675,250.12594196923158
20171215,487,34,423,405,22.77099940620693,52.843907385020565,329.3850932087725
20200626,222,49,3,351,29.034317570546204,19.410811101333266,302.5548713281205
20210219,526,33,361,309,35.20353714896368,28.24172731867757,245.55473553235873
20180308,522,62,480,958,97.74891029755408,105.94976663419577,754.3013230682502
20160522,893,45,888,607,83.8839901953661,85.33118277123558,437.7848270333983
20240224,253,40,223,570,35.66249081324165,43.41635155783698,490.9211576289214
20170501,837,49,962,266,14.173160721167335,31.097454556938825,220.72938472189384
20180208,698,62,944,102,5.316310741184877,7.661240350202899,89.02244890861222
20230813,228,13,797,106,14.930379541001669,13.101549945896762,77.96807051310157
20180129,60,51,253,375,45.550943314134834,22.10709738811181,307.34195929775336
20230701,790,60,555,108,8.584610058793576,5.829340732896196,93.58604920831023
20200405,753,99,469,582,58.348480367836466,79.8530046756306,443.7985149565329
20200713,480,71,609,397,19.975556243290054,52.14542827713248,324.87901547957745
20220921,130,55,907,827,81.06100742439438,113.02938513970585,632.9096074358997
20170928,491,43,551,753,31.909010576370587,57.21025558826891,663.8807338353605
20210725,616,26,530,374,48.63107543017794,19.791855520581215,305.57706904924083
20240204,773,6,750,787,101.83274129164614,110.87746382144117,574.2897948869127
20221117,943,72,923,657,48.03769677895821,40.80842735467002,568.1538758663718
20240403,333,99,869,603,83.59479097122559,83.0124434314328,436.3927655973416
20180313,27,67,985,938,100.940362904669,92.04723515089732,745.0124019444337
20191228,123,66,175,319,23.125552992928178,25.724917420029772,270.149529587042
20240619,970,49,580,701,36.24868472335495,92.12753372335226,572.6237815532928
20170819,4,33,151,118,3.327294837180978,7.401323005497403,107.27138215732163
20190712,642,84,466,184,9.276556193326915,20.66064851907219,154.0627952876009
20151013,477,89,22,100,12.308843508327861,6.158064615602587,81.53309187606955
20220330,362,43,929,860,44.1597610869551,57.380261873453485,758.4599770395914
20150601,855,32,323,548,25.598347342191243,44.35057086027091,478.05108179753785
20210803,104,81,310,652,34.28525846305708,37.57721799122979,580.1375235457131
20221027,362,96,609,938,107.56930894929627,96.72962451670179,733.7010665340019
20220202,108,44,827,542,51.680601896813165,39.26361651711611,451.05578158607074
20160308,405,9,3,149,5.098433386560684,17.293077556985285,126.60848905645403
20190328,713,6,845,315,42.39888960429842,39.86842017463904,232.73269022106254
20210410,230,2,483,571,47.65923980890797,53.83423214051254,469.5065280505795
20221026,654,35,305,733,49.229257766177135,105.92712665668414,577.8436155771387
20181214,318,98,850,635,71.24451228553849,36.871296777089576,526.884190937372
20211120,148,52,926,457,57.57615105067906,33.3527586509042,366.0710902984167
20200501,485,26,339,633,72.22594280752978,66.76527616749884,494.00878102497137
20140923,53,60,712,524,56.695017274655584,35.10240957362196,432.20257315172245
20170909,877,71,132,689,63.696679357258866,54.550056040652706,570.7532646020884
20180314,215,70,978,253,33.930864011509,36.969381376441284,182.0997546120497
20161128,288,15,367,841,24.483932380498285,47.974096864193406,768.5419707553083
20160914,560,100,528,779,80.04599156812323,48.822182859655285,650.1318255722215
20150114,795,59,497,981,34.16209119488406,135.1185432470633,811.7193655580527
20200303,142,47,329,237,7.695931138285249,29.235555834007343,200.0685130277074
20180924,526,86,328,377,14.678622022841092,45.062723572652665,317.2586544045063
20220311,169,32,868,598,89.04048100775121,59.74911360586487,449.2104053863839
20170721,150,6,833,732,82.3233851429666,57.24215808418609,592.4344567728473
20180722,613,8,7,507,17.60243776040601,74.44399175469553,414.9535704848985
20230712,230,55,620,973,88.14518772118288,78.07988843690312,806.774923841914
20141022,305,4,878,576,40.33735640591868,62.38994561266065,473.27269798142066
20191122,17,90,54,319,32.945012681209555,45.91372844154903,240.1412588772414
20200307,516,10,644,315,27.204303749006574,18.177603191951214,269.6180930590422
20230312,563,51,705,168,7.475032872010872,21.377938304537132,139.147028823452
20230209,752,62,614,217,8.6595321502631,26.927751032350464,181.41271681738644
20210417,190,48,739,397,36.61220544821175,20.736261108517223,339.65153344327103
20161006,157,18,42,493,32.536305503283366,72.75246682232381,387.71122767439283
20150328,348,28,575,224,20.520702614194832,27.253684673098988,176.22561271270618
20160218,56,99,768,847,112.62615410308632,70.32328870468042,664.0505571922333
20191208,542,50,814,861,49.701864376474354,112.63302013930725,698.6651154842184
20170329,543,88,221,161,13.692146332249225,10.879603219067759,136.428250448683
20190912,656,29,202,702,91.64216537726458,59.37964263153327,550.9781919912022
20190109,700,17,239,858,102.0735179562741,85.88879824040936,670.0376838033166
20160107,51,24,488,763,102.35746422163794,97.2528897024869,563.3896460758751
20200827,373,89,354,989,56.505477520261806,134.37352149933722,798.121000980401
20160629,722,76,724,490,66.02412693696193,25.127483232293248,398.84838983074485
20140225,149,12,815,941,90.30861184562634,99.45046431830856,751.2409238360651
20220505,676,90,219,113,3.7561388855384035,7.390872413109327,101.85298870135227
20180906,541,3,933,561,24.58354713062395,61.17880640832214,475.23764646105394
20170308,659,50,285,113,14.4355030020951,12.411827156922815,86.15266984098209
20230501,832,37,367,821,17.04959978027047,84.38449003449867,719.5659101852309
20140812,949,62,658,904,88.18461839576685,80.9386287046527,734.8767528995804
20231211,509,57,369,234,16.446476722632816,30.883628950109607,186.66989432725757
20140317,320,39,168,736,69.12032548214772,54.22522771135824,612.654446806494
20230711,502,46,262,983,73.966526021354,82.00385505270592,827.0296189259401
20231217,706,100,130,287,31.87613574448701,40.59145547643989,214.5324087790731
20180201,595,23,52,503,44.94651613929576,59.83671526158501,398.21676859911923
20160121,309,44,482,340,42.706559377658394,35.604900926470066,261.68853969587155
20230221,339,60,857,419,43.741444532400344,51.25643792556248,324.0021175420372
20211123,849,30,825,264,18.638585667079525,31.520695927953728,213.84071840496676
20150810,981,54,895,581,19.078732677497094,50.5564990984475,511.3647682240554
20180201,418,27,228,142,12.07374800037966,9.386180083822016,120.54007191579832
20220922,421,60,243,192,17.738605804532224,22.826717300038396,151.4346768954294
20210401,410,31,182,257,33.84699908019453,36.00301490994729,187.1499860098582
20200628,343,37,205,970,104.21798289421339,80.29520136830521,785.4868157374814
20180711,733,60,460,986,55.94942567837336,85.67690529137421,844.3736690302524
20210408,87,85,704,683,91.96656631705065,68.34896111506943,522.68447256788
20210729,767,57,953,398,50.182605016425036,46.29198222361332,301.5254127599617
20210918,657,76,931,828,79.27182013922646,71.85884960457246,676.869330256201
20220306,956,36,465,580,60.77393593336707,43.044884347331056,476.1811797193019
20150525,21,27,755,608,82.59974952368377,82.82037856918035,442.5798719071359
20220822,407,38,578,446,59.22096150118565,25.82321332112034,360.955825177694
20210509,864,67,35,624,66.53379030857376,48.21577475653439,509.25043493489187
20150919,875,87,692,966,138.76748929734276,125.34536977019101,701.8871409324662
20200526,324,6,869,963,22.229486069620492,108.15486927064379,832.6156446597357
20190821,447,6,653,131,3.6599118100740147,16.886686240439182,110.4534019494868
20230821,491,23,169,990,27.460745819462787,102.45219104140583,860.0870631391314
20141108,630,10,192,801,52.59763787657808,110.3711352129026,638.0312269105193
20190207,34,33,795,524,20.387434887406442,27.571068618960094,476.0414964936335
20141206,872,65,710,359,10.084696832497986,25.77259833739003,323.142704830112
20180507,260,61,321,658,33.6982025385473,59.6311839128839,564.6706135485688
20230125,331,40,910,910,135.74130060040417,114.10254116868343,660.1561582309124
20151021,134,100,727,798,70.49789820787184,52.02926577725224,675.472836014876
20231021,491,72,940,630,84.37136248482015,77.11574695320873,468.5128905619711
20170703,143,28,519,984,75.23081179585385,114.35050576510233,794.4186824390438
20190424,603,93,349,174,5.237181123440183,20.202072586253266,148.56074629030655
20240617,48,16,672,860,71.45712437071496,76.41770369168731,712.1251719375978
20150608,112,20,403,684,84.76905183218305,55.52729504084931,543.7036531269677
20171031,692,87,222,972,61.030504397477806,49.35210486153654,861.6173907409857
20140425,872,81,255,861,24.494581425921037,121.46060864488342,715.0448099291955
20171229,742,1,414,678,73.80160450675099,36.985497795215224,567.2128976980338
20240225,307,52,216,801,68.26740496240902,52.08226450407004,680.6503305335209
20200628,329,56,672,118,16.467573816034257,13.725462902596332,87.8069632813694
20230830,883,66,234,827,90.3836477976122,66.84418647028845,669.7721657320993
20210203,464,64,165,459,62.87359275905078,27.216472327602606,368.9099349133466
20231204,301,33,336,554,77.90174901283227,77.53035116279916,398.56789982436857
20231002,986,65,706,541,53.34475728652317,68.26770790511327,419.38753480836357
20171117,664,81,436,570,61.5753147306254,70.08001280435256,438.34467246502203
20180516,585,24,512,640,31.934744223674983,74.4811578830298,533.5840978932952
20170121,689,60,87,972,124.84168907903471,137.77479915836895,709.3835117625963
20181225,944,10,885,913,85.75737092512283,46.1511056749172,781.09152339996
20220621,228,38,706,631,45.487889952567315,80.63921786932093,504.8728921781118
20220725,332,42,201,849,92.67397608181197,124.46068892551656,631.8653349926715
20210825,701,1,505,936,22.497788163382978,70.9678237939085,842.5343880427085
20240104,742,27,598,230,12.83072709201428,17.236994515843964,199.93227839214177
20200409,370,22,338,519,55.38458876112638,60.03574964796706,403.57966159090654
20150415,183,72,794,884,72.16548234743426,100.04417494391613,711.7903427086496
20141119,982,4,906,578,57.28038958053437,84.79943189630232,435.9201785231633
20200807,321,89,989,212,7.002429640183564,20.304322457046727,184.6932479027697
20150303,316,25,853,706,75.15284327890932,72.17219934756211,558.6749573735285
20181004,525,64,106,775,60.64418538547478,115.14363206962486,599.2121825449003
20240501,887,6,741,156,19.842963906114225,19.61781854784395,116.53921754604183
20190702,908,61,964,780,114.27420830304851,73.52935890421129,592.1964327927402
20230322,910,80,819,253,30.41417892032924,37.80362718908105,184.78219389058972
20150610,681,83,208,199,11.175359422852932,18.99995592519165,168.8246846519554
20150530,313,62,427,774,40.50067874941613,73.5494173058629,659.949903944721
20240416,148,60,914,879,72.44774835237548,119.82061318363297,686.7316384639915
20221209,989,37,548,410,56.43935913966157,24.16763607598979,329.39300478434865
20210104,704,63,746,140,9.810238523844694,16.087087560681713,114.10267391547359
20210313,303,12,405,133,12.079745404495267,8.99890963114164,111.9213449643631
20160106,310,59,555,870,63.28621451724021,85.11787760630808,721.5959078764517
20221124,834,9,706,916,44.3262720857574,102.48752126605332,769.1862066481892
20190127,74,16,53,987,102.36135043544786,49.662393100294146,834.976256464258
20150728,176,54,562,777,102.11343739422232,42.21507519218933,632.6714874135884
20230813,464,19,680,721,35.012139653124756,98.28171658424262,587.7061437626326
20231012,441,79,675,203,26.594312744387768,23.64425415349512,152.7614331021171
20220119,753,15,49,483,72.22128972427933,53.768433486398344,357.01027678932235
20140430,246,49,181,849,47.828719375434524,109.14402828815649,692.027252336409
20150223,919,87,720,693,43.57545748706047,47.14446856300592,602.2800739499336
20220118,604,61,359,935,89.01711919095514,53.04343545884717,792.9394453501977
20220615,2,85,20,174,18.87778323159945,13.33771360475763,141.7845031636429
20150418,772,25,791,377,24.14289184052445,50.56849407288265,302.28861408659293
20240630,613,94,852,140,18.518916379753975,9.04455017834429,112.43653344190173
20211022,278,62,260,666,38.29265363067411,73.61114607886954,554.0962002904564
20170724,216,73,407,657,35.40494546869488,42.84736804821495,578.7476864830902
20161111,368,65,124,993,94.23820368863699,93.6221187168663,805.1396775944968
20220213,496,73,17,322,30.398815704319816,20.379388526443677,271.2217957692365
20181212,48,5,898,174,10.741251853043684,11.175947191717624,152.0828009552387
20220629,363,55,456,402,34.44839634059962,45.95366588391024,321.59793777549015
20150317,491,54,99,609,54.17408595316998,34.44592397233508,520.3799900744949
20201204,36,66,279,812,90.47193216970605,108.73534374393516,612.7927240863588
20170420,818,83,701,936,65.6411680351559,124.17502270614041,746.1838092587037
20160618,730,26,281,644,30.922446801059188,32.47914496697854,580.5984082319623
20171201,850,99,307,597,40.87114277189389,83.42457764887283,472.7042795792333
20160319,419,97,510,220,22.93963854900771,13.10635228072646,183.95400917026583
20200304,280,97,696,364,47.93948501369298,19.458807787249604,296.6017071990574
20210109,812,67,121,372,8.400799822632113,19.81461764057855,343.78458253678934
20240620,370,63,36,904,77.77700361331668,127.2005669903121,699.0224293963712
20220204,166,60,134,542,72.76121628275517,70.08682473018894,399.1519589870559
20180330,73,91,19,300,29.574374390631448,25.1987541888089,245.22687142055966
20180130,120,90,406,720,28.746825408118365,43.11705442250766,648.136120169374
20210304,612,50,191,600,39.19161227937387,60.724688028984986,500.08369969164113
20160914,347,64,330,367,51.95414183610857,41.68815486834846,273.35770329554293
20210310,904,10,418,874,126.79849213120333,103.58060212277442,643.6209057460222
20220902,474,47,645,401,55.76815847765872,26.383419576617417,318.8484219457239
20140816,556,88,120,251,36.35412810982942,26.543490020671737,188.10238186949886
20231128,636,84,764,946,124.15476884096994,77.54683435459332,744.2983968044367
20200224,398,38,192,310,21.390351667915983,20.55417697059201,268.055471361492
20180103,926,65,718,625,21.80048517085681,66.66646189402474,536.5330529351185
20190909,476,36,748,372,15.197811162202797,38.67586084399061,318.12632799380657
20150709,894,67,625,287,28.27417534689017,40.51958574442288,218.20623890868694
20191005,212,24,864,470,49.17975198564168,58.461489005991545,362.35875900836675
20180203,307,77,542,821,26.797151547238567,74.7338471538515,719.4690012989099
20220501,772,41,707,309,45.521012043381646,34.74916343680692,228.72982451981144
20231217,127,59,234,847,107.45667027099316,57.12387533445342,682.4194543945534
20240311,740,32,319,907,104.00925162202478,134.9952893146369,667.9954590633383
20240404,138,35,156,517,52.04847944266345,45.84713957090686,419.1043809864297
20180831,970,8,11,806,34.65533873384716,115.0159118448484,656.3287494213045
20141107,417,16,981,340,7.1347866559678295,33.630557052903505,299.23465629112866
20220514,995,5,593,905,134.7945380890291,103.61761693583566,666.5878449751352
20161226,647,6,791,166,23.028346459835902,20.61523197450801,122.35642156565609
20210116,352,4,59,465,47.4476413278997,45.196252743708534,372.3561059283918
20201116,110,75,910,570,61.84574088900105,68.67628241123558,439.47797669976336
20240608,527,38,324,908,133.48397482873543,96.0743344601345,678.4416907111301
20200126,306,97,283,603,75.62379318110368,45.03612586280033,482.340080956096
20180903,301,44,227,285,20.255907507714202,21.331654791119412,243.41243770116637
20200714,865,31,893,726,21.631807254676495,58.36123067978298,646.0069620655405
20170110,536,30,291,625,20.02173637167723,65.44593304486183,539.532330583461
20230714,276,24,300,910,130.25147666032817,113.10619869127818,666.6423246483937
20180113,272,98,51,208,5.737028300504419,12.796409091386094,189.46656260810948
20160722,498,23,323,261,16.34507918066119,20.323465268368096,224.3314555509707
20180308,113,61,720,343,20.339553911534935,43.690727422486226,278.9697186659788
20180212,397,81,64,746,41.45944438869771,70.5644004434455,633.9761551678567
20151110,527,19,924,674,52.46684074275693,74.32795123965728,547.2052080175858
20220725,255,54,831,448,23.192707957242046,30.82041139737899,393.98688064537896
20220613,715,9,755,116,13.18157849821503,7.254431825632973,95.563989676152
20180724,742,2,628,446,28.777214368691705,45.730286233328584,371.4924993979797
20160817,546,50,15,755,59.35787136834612,104.31496710266411,591.3271615289898
20140507,825,21,734,398,31.14324731028861,53.92310533120643,312.93364735850497
20210325,754,77,867,676,51.35496160265085,93.14175073684999,531.5032876604992
20190717,164,10,684,375,7.841208041090317,39.04424095515555,328.1145510037541
20170327,72,40,994,883,46.295873937454374,126.06214913853378,710.6419769240118
20150328,509,82,791,256,32.44752528256764,36.837390144131206,186.71508457330117
20240505,95,23,546,517,53.03263583813807,54.445551731420586,409.52181243044134
20151018,152,66,642,840,51.72591773807413,86.11454613103011,702.1595361308957
20201120,407,16,410,797,107.30087172485769,112.29408898798572,577.4050392871566
20170304,219,1,367,186,10.41775835504469,26.001040194677927,149.58120145027738
20210129,684,96,813,448,61.334100273153034,48.57316972153217,338.0927300053148
20200807,13,96,794,996,111.19882808619927,123.00225343361403,761.7989184801867
20151224,3,75,733,137,11.795922364625817,11.545225517859848,113.65885211751433
20230118,380,85,186,842,30.724082065278893,49.50597436285918,761.769943571862
20231108,173,9,692,801,55.1098197866635,118.22878480081638,627.66139541252
20220430,646,56,216,657,67.46487287395757,45.85764300210238,543.6774841239401
20171127,700,88,237,884,101.0970563538635,79.33226326512693,703.5706803810097
20170920,625,19,968,147,10.721485646764757,17.531540930063386,118.74697342317185
20181218,49,99,302,491,12.07484837194616,53.88120908012086,425.04394254793294
20220219,131,51,967,935,22.87324439845804,53.788351176189295,858.3384044253527
20191014,396,85,940,582,82.20207687012046,32.497045451367306,467.3008776785122
20191229,772,15,497,298,33.431339427490826,29.798216299031996,234.77044427347718
20190920,310,30,662,909,25.59890538608947,98.9216999277988,784.4793946861117
20180816,589,45,321,596,36.36746081922603,61.98943410820942,497.64310507256454
20181011,208,31,76,788,79.59644722478785,99.5146229542252,608.888929820987
20200829,566,90,339,772,89.67408838293336,82.28181212094856,600.0440994961181
20220909,701,19,516,599,18.464025009523223,84.2323287641858,496.303646226291
20160619,855,44,265,372,10.940926679492744,44.05723549439427,317.001837826113
20150513,777,91,424,287,19.600295560822996,42.299214903301134,225.10048953587585
20180412,274,39,789,497,58.89880407491359,73.58854577545982,364.51265014962655
20220916,51,14,699,664,60.41140068542091,79.00943935396276,524.5791599606164
20150211,797,8,370,570,75.757731833111,62.332416375417715,431.9098517914713
20140608,233,52,410,261,27.92461869021956,16.328262494154952,216.74711881562547
20171031,737,7,560,685,32.0959718800982,37.68236976530774,615.2216583545941
20190214,833,17,656,505,75.06628321800012,65.92287087028741,364.01084591171247
20141208,906,36,829,488,63.73196449749961,60.407955266777364,363.860080235723
20141009,882,88,324,853,45.703879145991365,105.97343661491645,701.3226842390922
20150626,874,1,120,935,137.52503949613336,47.896612083303204,749.5783484205634
20220527,837,100,961,405,40.85330695847429,30.194491140705026,333.9522019008207
20150331,113,5,158,714,28.54575251918929,97.58772210881477,587.866525371996
20160320,683,89,3,267,16.855543183853165,15.304268052585583,234.84018876356126
20221007,632,6,125,968,56.022114675895494,141.60696309639144,770.3709222277131
20220531,5,53,815,418,24.166099905368014,51.9382054095905,341.89569468504146
20170702,392,65,941,499,43.94492928465868,40.750495954838655,414.30457476050265
20140318,148,52,636,385,27.766614185488287,49.5630949829186,307.6702908315931
20181216,375,50,5,196,12.065300830524452,22.18330842779717,161.7513907416784
20190305,18,17,653,836,34.865731536873305,90.58226147993206,710.5520069831946
20210801,23,59,312,916,48.68822278719469,50.10809568038602,817.2036815324193
20170114,478,15,746,723,71.43338086883635,65.3176788791843,586.2489402519793
20201118,200,44,681,826,72.54027968608946,105.72734549652424,647.7323748173862
20210428,828,77,975,277,11.489289804003024,39.691071023338836,225.81963917265813
20190919,427,54,912,984,143.3729189455243,133.41191951549388,707.2151615389819
20230521,718,72,292,906,23.569705132196926,49.45497740410971,832.9753174636934
20220729,52,18,834,792,46.29723815477821,47.46199210358647,698.2407697416353
20190604,565,56,413,723,53.04208620339887,80.33463751845136,589.6232762781498
20200207,289,94,458,811,90.28290291404038,72.76732473927781,647.9497723466818
20170617,195,19,963,940,120.28010953183409,99.25063001724399,720.4692604509219
20231130,201,87,423,733,40.847668079815165,89.05743315370559,603.0948987664792
20240701,910,12,129,949,80.92266710038419,130.12970262205474,737.9476302775611
20220207,158,83,372,434,14.289001116940751,42.16770883084472,377.5432900522145
20210716,407,70,787,392,56.58782300712804,35.18618440766078,300.2259925852112
20221016,3,65,506,738,89.68417370795105,108.6011904886766,539.7146358033724
20240406,350,72,252,914,60.30862722216997,77.59162032361117,776.0997524542189
20200720,295,65,880,498,28.62356291372822,62.03680529083637,407.3396317954354
20240116,502,42,357,784,38.578357255306535,113.9870502173898,631.4345925273037
20160718,553,71,171,965,23.050395053727364,88.43251584656885,853.5170890997038
20240504,432,80,629,685,14.023861476645697,71.38050290081648,599.5956356225379
20190815,776,54,248,601,85.58687276014274,80.20735394117628,435.205773298681
20141211,148,91,275,781,68.21615832904645,82.19229300363025,630.5915486673233
20200512,927,44,40,193,24.850446617253077,12.80171892619114,155.34783445655577
20150110,4,4,955,599,84.74008689822921,59.4205042924242,454.8394088093466
20220813,34,56,744,856,75.68884075294977,55.587295736167135,724.7238635108831
20151218,361,16,560,947,86.41659033394218,113.22740935085591,747.356000315202
20200611,344,32,389,470,46.69017633844407,37.406457948651116,385.9033657129048
20230117,855,44,528,830,123.43407060291776,59.293861175122494,647.2720682219598
20230704,501,78,958,195,5.370158487328717,10.753820863101378,178.8760206495699
20200602,49,71,121,429,9.985500443829446,45.24596046764408,373.7685390885265
20201019,527,33,45,184,12.416942864242818,20.852621707796654,150.73043542796051
20230802,756,50,575,226,25.00718877451716,30.562960365069475,170.42985086041335
20170518,399,89,115,845,116.29679279214672,55.788252245932775,672.9149549619206
20150323,715,86,628,408,11.033565528357625,60.503022508866984,336.4634119627754
20231222,835,34,846,867,123.0722437220507,82.52089726970132,661.4068590082479
20140927,524,52,566,717,70.9307395790633,41.31456612682334,604.7546942941134
20220921,826,57,915,420,33.49639265889609,38.768244366279106,347.7353629748248
20201114,4,74,177,213,6.3343714501058725,19.496600781373832,187.1690277685203
20171221,200,93,939,551,59.68019159742199,46.081068749044746,445.23873965353323
20191030,890,91,519,591,41.78737544853911,60.78060034454657,488.4320242069143
20231129,524,91,164,236,30.38783743488178,35.36235158696254,170.24981097815566
20180608,15,76,807,377,35.65218500229685,22.011027743104762,319.3367872545984
20200222,491,36,50,871,68.09206909125612,110.74429990014076,692.1636310086031
20170821,572,36,643,737,96.11612038250708,56.77202445614843,584.1118551613445
20160414,772,64,529,772,115.1659863194415,71.45013924473113,585.3838744358274
20160314,52,64,894,512,27.959407664739935,52.078817639058684,431.96177469620136
20200530,434,78,46,575,78.81461311394081,61.734786002228475,434.4506008838307
20210704,183,10,147,135,7.522950393403577,9.139497048303605,118.33755255829281
20151221,35,81,377,609,50.93512596766218,55.17775188845814,502.88712214387965
20181001,616,84,110,505,39.695880166622345,63.08347690567326,402.2206429277044
20140901,976,71,989,196,9.101636503128011,22.86252874664524,164.03583475022674
20150610,477,11,802,721,46.58462273450999,70.90443774561722,603.5109395198727
20211020,108,10,67,200,8.629312223937571,23.356417891153207,168.01426988490923
20170326,558,48,555,690,50.498282503008724,95.26351536938694,544.2382021276044
20210203,152,54,98,597,45.71276057359186,34.884037646116894,516.4032017802913
20210514,400,92,716,869,127.728392016988,108.6703160886553,632.6012918943567
20240414,808,13,650,613,70.10181579941738,47.04780475613224,495.85037944445037
20160126,262,49,671,138,13.597832910904359,13.448283385617065,110.95388370347857
20231224,756,26,683,146,16.820820421089138,16.20400387214534,112.97517570676553
20240630,829,35,755,809,75.19850608580514,49.97939181586241,683.8221020983325
20150125,929,52,600,405,36.23093639109123,60.47225804076701,308.29680556814174
20191031,149,43,841,552,68.91404819711265,27.79781730547611,455.28813449741125
20181011,308,81,319,445,62.125388813178766,25.474850865068422,357.3997603217528
20160201,159,80,218,484,14.9874024648062,32.9620810957552,436.0505164394386
20211228,94,39,85,900,111.70265390351487,79.63836462003164,708.6589814764535
20230112,826,28,798,304,22.39467231617046,26.23914296885021,255.36618471497934
20210421,750,98,429,793,114.00913839504781,40.64427970220519,638.346581902747
20170806,210,84,805,443,58.756206060823175,53.33840279764576,330.905391141531
20200408,680,90,617,911,23.79043587331123,71.28821198884363,815.9213521378451
20210716,213,40,992,749,98.57937948751166,65.32445584869839,585.09616466379
20180529,50,100,825,956,27.38358938469963,78.29250298747945,850.323907627821
20191117,90,73,950,938,44.64962339949328,63.142258360643666,830.2081182398631
20201222,277,82,328,469,16.582210274554587,66.18552918328905,386.2322605421564
20211106,526,19,258,303,13.464322464248445,38.43639444021891,251.09928309553266
20240322,117,10,292,581,39.77154107705924,38.44744804340457,502.7810108795362
20240510,543,44,808,789,101.75795659469321,94.19841746753531,593.0436259377715
20210508,821,79,399,653,79.48039533603111,72.3786955928646,501.14090907110426
20240301,264,44,104,742,43.68769969705852,65.69662024853005,632.6156800544114
20170917,133,61,7,986,92.73371824887863,132.56198120254683,760.7043005485746
20190205,620,7,467,684,77.72317740535637,60.191314292450436,546.0855083021931
20230320,985,79,851,206,22.851029796703504,23.204284527804898,159.9446856754916
20240420,908,75,794,968,113.55838534480252,68.66292775632618,785.7786868988712
20150804,685,41,960,148,15.224281003493608,12.519232064318523,120.25648693218787
20160325,33,48,16,728,96.58776490184442,42.99822416335172,588.4140109348039
20151102,79,52,322,862,65.38555534567281,96.84457219870463,699.7698724556226
20210606,66,86,789,407,37.75403469949507,43.65546772218273,325.5904975783222
20230830,292,10,839,449,25.045809830243982,47.38715700996612,376.5670331597899
20201002,236,13,179,577,36.483143239126264,52.024610226473364,488.49224653440035
20201130,604,9,117,462,15.461033659086977,23.647930292087413,422.89103604882564
20160420,951,64,298,950,140.06276354438006,104.60153774702356,705.3356987085964
20200420,941,27,22,940,65.49192570705311,140.83237292331583,733.675701369631
20190625,658,81,405,320,33.244161384917184,20.618446355550386,266.1373922595324
20140912,54,31,548,562,80.51470417199869,41.21855410840539,440.2667417195959
20180317,657,60,640,384,18.234217287952802,27.393023061164723,338.3727596508825
20150515,277,53,8,389,55.59547786628034,40.19293134377342,293.21159078994623
20150225,552,67,662,533,40.212957447680914,26.893968158341377,465.8930743939777
20220429,360,57,732,707,43.21846481067711,59.60597804960624,604.1755571397166
20230206,185,82,721,173,6.279142109635261,18.32905993342038,148.39179795694434
20161115,475,59,81,934,130.13468926363473,139.39448425659103,664.4708264797742
20160110,949,23,412,880,75.04227929777693,48.75396860021104,756.203752102012
20160913,857,2,501,347,47.731381933971704,32.02093653370921,267.2476815323191
20191003,469,82,555,574,22.023940442193734,52.9866987095777,498.98936084822856
20180605,229,65,396,550,63.54327175258719,54.309878889044114,432.1468493583687
20200910,683,9,822,757,106.2684252288644,88.58687876047492,562.1446960106607
20231115,707,16,698,138,9.654414461397874,18.68203745846563,109.6635480801365
20231105,847,57,764,995,25.28211976547451,138.18760599482044,831.530274239705
20220727,195,67,605,673,14.708567940235715,78.63525898019759,579.6561730795667
20150410,244,83,12,893,68.84449310159329,100.01540481646379,724.1401020819429
20240303,486,45,527,187,24.176617842139123,14.436721620929754,148.38666053693112
20180129,52,66,122,210,22.475691721644942,10.548295976268289,176.97601230208676
20220926,268,81,965,573,39.644069598995216,43.77664129307288,489.5792891079319
20200521,928,38,463,197,8.838707976958775,12.62506039508173,175.5362316279595
20210813,871,87,203,212,29.776197440791073,30.98105092613504,151.24275163307388
20230810,466,57,28,853,82.29511638041258,84.67596132740015,686.0289222921873
20200728,971,38,805,790,81.0839675065236,98.18546617845742,610.7305663150189
20210402,160,78,873,848,61.863501857519466,112.97305709223835,673.1634410502422
20230212,668,15,151,704,52.50942703595039,49.51763193760085,601.9729410264488
20150205,859,47,862,837,83.17674078332558,71.85776779596384,681.9654914207106
20230427,888,52,291,184,26.136111831112114,13.298275389853169,144.56561277903472
20240102,49,25,371,485,13.058244366895003,43.353925666721615,428.58782996638337
20200105,356,55,864,564,65.41471698598889,29.99689156731739,468.5883914466937
20140608,179,3,47,993,39.24865025116021,129.93890470376928,823.8124450450705
20180903,465,93,58,864,19.16188546408933,54.99364924115617,789.8444652947545
20150802,434,87,938,566,34.077397336372414,72.26662742364135,459.6559752399862
20160211,874,15,432,803,98.1932172484894,69.18012012038203,635.6266626311285
20151009,976,19,448,290,9.251190477259968,28.229661532709937,252.5191479900301
20200217,401,29,701,693,52.84542980766423,102.87963680503267,537.2749333873031
20170824,313,59,66,951,36.6596485806957,80.44463252036375,833.8957188989406
20190530,376,82,198,303,32.78425500490638,15.665531150500303,254.55021384459332
20220309,555,85,666,817,66.95841607737661,58.69355970748976,691.3480242151336
20220430,79,16,623,694,43.2441347491167,66.49265690169956,584.2632083491837
20200326,975,15,895,756,89.0055902031783,87.55490426806757,579.4395055287541
20140106,502,66,504,478,26.87626340660966,39.82492992433585,411.2988066690545
20140120,385,38,366,599,16.322000860225934,75.21981474538264,507.4581843943914
20140520,155,45,350,349,40.84489600421387,46.49456476948883,261.66053922629726
20230915,175,90,591,401,53.727217871058635,22.53866969264815,324.73411243629323
20161104,482,44,287,844,36.03388287251274,116.27019248294835,691.6959246445389
20230614,931,82,671,114,16.695406023666425,13.396487689828948,83.90810628650462
20140212,41,16,998,358,20.40788253185602,23.338579398788962,314.25353806935505
20231216,926,28,553,707,31.498095861689606,35.96035092380583,639.5415532145046
20200415,761,4,650,416,15.389970980544247,56.976330699806276,343.6336983196495
20210130,140,99,436,321,41.137109360536044,29.92169713081964,249.94119350864432
20230220,746,56,903,752,40.41395088454653,71.96486475402564,639.6211843614278
20200312,971,35,705,204,19.942448713021786,12.403724873427516,171.6538264135507
20140814,7,6,307,937,62.34252999073817,125.02172595308912,749.6357440561727
20240703,228,30,534,971,122.2656873694174,133.0267756990634,715.7075369315191
20150205,628,64,198,277,11.707813706261696,34.99592644028774,230.29625985345058
20230202,258,24,903,353,19.13582371289405,29.413934115004153,304.4502421721018
20211006,514,23,507,261,24.21054540940098,19.176630046930555,217.61282454366847
20230717,983,74,312,844,103.28212303645202,107.82971459169553,632.8881623718524
20220909,51,61,998,632,84.4826601085684,43.180287004130236,504.33705288730135
20181026,810,99,739,521,67.59702942731766,77.56877242402088,375.83419814866147
20210612,651,18,702,502,55.735947093733756,57.527641575996924,388.73641133026933
20170926,799,7,614,801,94.95522689278425,59.21158699527283,646.833186111943
20190206,510,63,224,383,8.409083371636102,29.799664654738322,344.79125197362555
20180630,851,32,508,201,20.740123676154337,18.134081748926864,162.1257945749188
20240119,29,11,482,776,77.05675864987046,65.91172658239812,633.0315147677314
20150215,195,89,739,760,37.16733706203263,75.20209560727413,647.6305673306932
20160107,424,48,89,995,99.51513873655466,87.26098882638178,808.2238724370636
20180316,923,63,623,816,21.60639570342842,110.56653072331693,683.8270735732547
20160212,317,93,251,650,63.30974737899651,51.523664784142646,535.1665878368608
20171208,872,6,859,519,38.8328798934863,76.58475114178886,403.5823689647249
20140417,228,56,255,188,21.578845368037655,27.634997915019035,138.7861567169433
20141214,764,38,894,153,12.707584390856724,8.389003589196186,131.9034120199471
20161123,92,59,615,781,87.41542065516917,80.2130546316321,613.3715247131987
20190222,1000,72,746,498,23.587778766502105,69.9758367536164,404.4363844798815
20150103,999,85,507,986,108.87945412212461,70.02483636359935,807.095709514276
20190226,156,51,153,557,49.789086968265664,38.703515258218886,468.50739777351544
20220627,248,52,841,923,25.668647010526932,65.67081863650233,831.6605343529707
20240116,111,40,999,504,19.006513497427513,66.57009706229448,418.423389440278
20231229,371,21,977,220,22.078321941807232,28.568234612680794,169.35344344551197
20240228,578,78,270,497,29.668369046196656,70.80017202819879,396.53145892560457
20181026,914,30,310,983,130.95904279532556,68.02003664060285,784.0209205640716
20140307,154,16,145,966,81.95195479855677,143.40821539074716,740.639829810696
20210913,393,60,286,185,25.4733838739266,23.896945309081694,135.6296708169917
20180307,597,98,96,129,13.382395387047257,17.817937572348736,97.799667040604
20211209,409,82,992,264,16.713003571560556,39.12711173282736,208.15988469561208
20151127,572,86,350,112,4.766801071885645,7.322635060907608,99.91056386720675
20230717,733,5,425,746,106.4453144524063,62.80644108240218,576.7482444651915
20210907,415,100,369,239,33.1613142180224,23.775711630166768,182.06297415181083
20230208,842,4,643,106,14.871421070745528,7.908398386294978,83.2201805429595
20180114,826,50,297,397,34.04675836652455,29.401543108390666,333.5516985250848
20211127,516,19,450,453,19.65753179793498,26.031367994137323,407.31110020792767
20210707,885,73,623,389,40.14797883936425,29.557374674833333,319.29464648580245
20190903,555,2,949,400,54.73350818480364,57.01618328179312,288.25030853340326
20191001,70,91,543,169,22.905103111778306,25.043432497925707,121.05146439029599
20161220,92,77,88,190,5.795613264937817,12.30702803224521,171.89735870281697
20140211,630,56,199,838,49.78382302517183,100.45367146064984,687.7625055141783
20170808,187,83,630,831,109.46281537500897,110.33565497634939,611.2015296486417
20161028,373,80,528,394,35.96542083253732,45.055939795046584,312.97863937241607
20180502,199,21,686,351,12.859978477879475,51.27606476233521,286.8639567597853
20220324,526,98,279,699,40.88652927533541,89.87477637274866,568.2386943519159
20220928,282,53,62,247,16.000189887484552,33.209421549218156,197.79038856329728
20221028,8,88,181,983,75.10509974491085,124.67407240162838,783.2208278534608
20170627,667,73,640,588,68.43451650495342,84.27373001868351,435.29175347636306
20231025,929,16,212,200,10.475385746874737,26.488928214159714,163.03568603896554
20200105,907,72,362,487,35.33590408655202,41.08685115191049,410.5772447615375
20231018,622,85,747,975,97.52115392974439,130.19724114240267,747.2816049278529
20230106,870,79,18,473,11.032022530456352,24.949108738731564,437.0188687308121
20191120,357,45,560,586,62.85438337741781,38.91227857870836,484.2333380438738
20190210,7,80,843,849,101.0527001309512,59.61006839801128,688.3372314710375
20190804,504,36,955,115,16.346428773136576,13.378571112515203,85.27500011434822
20180122,767,41,172,153,7.627699170569053,10.054030915471875,135.31826991395906
20170219,912,93,569,784,33.269261880975066,39.292447156409864,711.438290962615
20160602,941,18,725,969,40.18773756169283,134.77724792098203,794.0350145173252
20140417,951,84,291,703,31.80205751688198,104.17932394879114,567.0186185343268
20240524,294,40,341,649,88.79533254023208,95.51215627186872,464.6925111878992
20200125,663,82,736,792,116.82565710867766,106.88838067831044,568.2859622130119
20180814,831,25,301,889,43.03478150854304,81.09667504523522,764.8685434462218
20140716,789,35,441,407,13.51437824151568,37.115645260159184,356.3699764983251
20210904,921,13,267,378,33.274653826119014,21.524237499514623,323.20110867436637
20210228,946,38,425,304,34.999981541031346,34.88301325821961,234.11700520074905
20170304,469,64,133,256,33.180895723090295,32.26180926756905,190.55729500934066
20160102,55,33,376,266,24.87858285212723,14.150563427726564,226.9708537201462
20200328,625,15,383,294,7.388819585831713,28.357325516427355,258.25385489774095
20190417,181,86,133,827,98.05578104335487,98.21013743061579,630.7340815260293
20221108,290,41,15,612,68.35797016689517,63.34286366609209,480.29916616701274
20210219,153,96,552,850,23.131452522013955,120.63444050149276,706.2341069764933
20170404,904,93,688,171,17.51818937145534,9.125302390103954,144.3565082384407
20220617,979,22,716,236,13.039761295495353,17.495482973482925,205.4647557310217
20170611,521,46,877,470,66.79201047891922,26.6783212044722,376.5296683166086
20151005,313,31,97,961,29.547499861681125,57.47556333671576,873.9769368016031
20220906,269,64,4,135,7.74096508715446,18.0153120867013,109.24372282614424
20190506,34,79,406,818,68.676114485805,63.27613180914459,686.0477537050504
20230722,622,63,570,972,116.13988788270913,79.92553734949357,775.9345747677974
20190207,633,44,359,592,43.91225861244419,36.287819749350675,511.79992163820515
20210904,128,50,78,225,18.408374281719063,20.858217971641466,185.73340774663947
20170801,325,93,233,849,119.66666936308148,88.32028451647224,641.0130461204462
20240124,108,6,275,775,29.45665256440151,83.70206823143715,661.8412792041613
20171216,450,55,859,418,13.762428193832536,52.9672775333575,351.27029427280996
20230718,65,56,819,381,26.717263478047155,39.16693444316378,315.11580207878905
20180701,789,74,791,210,11.810838997131066,25.141003110171887,173.04815789269705
20190907,28,9,595,395,37.796192053560816,24.724529832411754,332.4792781140274
20160227,559,25,572,567,72.85579721584773,51.669514051292225,442.47468873286005
20180607,600,7,92,992,134.57936035053956,78.95010866511436,778.470530984346
20170416,787,71,963,712,36.07431174491552,100.48885105754891,575.4368371975356
20231101,232,33,678,156,4.002263634072946,23.26016004466582,128.73757632126123
20180412,591,51,403,643,24.362336722377332,65.5068101641695,553.1308531134532
20170213,761,42,825,172,9.116895883885267,8.74689261752678,154.13621149858795
20220726,77,69,735,976,45.09653561530291,89.90819758887703,840.99526679582
20140611,565,56,608,107,10.862277633014635,12.31269183595845,83.82503053102691
20151113,897,19,805,797,39.53275154698053,74.4302700464984,683.036978406521
20220701,637,56,827,916,54.87854064296234,48.64140616713453,812.4800531899032
20151219,832,57,535,767,91.9930332877498,46.29947561331314,628.707491098937
20140328,754,69,923,812,36.37270518993337,108.26205003179899,667.3652447782677
20150513,521,63,769,211,15.820918881541393,26.94491429484176,168.23416682361685
20200808,929,46,216,820,94.13054846704443,42.872255290369225,682.9971962425864
20180413,518,75,451,310,39.54297375790124,37.235521927369184,233.22150431472957
20160814,627,5,266,734,41.595897839425874,88.06929535877063,604.3348068018036
20230515,148,57,588,132,14.268280968608279,11.829924473365773,105.90179455802595
20240215,816,44,900,409,32.193556028761925,24.514090429434187,352.2923535418039
20170115,377,12,113,184,25.163643976640348,26.018166163756295,132.81818985960336
20220702,142,100,675,842,80.15165880101563,112.83465843184143,649.0136827671429
20220802,164,8,439,328,37.10271379078195,36.37610768470254,254.5211785245155
20230617,218,90,851,582,17.442356100045224,66.34832801615913,498.2093158837956
20220202,781,90,961,410,37.93335820048831,57.45305578726391,314.61358601224777
20190207,661,80,881,509,47.46532844105794,72.78022404441143,388.7544475145306
20160331,661,38,254,862,101.76770420288797,67.4978488500972,692.7344469470148
20170822,268,60,962,195,11.344226353566448,22.74456689576398,160.91120675066958
20180204,742,23,895,413,37.95584559967744,24.46479214025324,350.57936226006933
20210329,155,90,783,149,17.146856912857423,7.764736166470197,124.08840692067238
20160130,887,24,850,457,41.94961532567478,39.71014247838882,375.3402421959364
20240103,238,25,746,986,28.03859160423611,122.75790547781723,835.2035029179467
20150529,148,88,377,900,62.86770952926711,96.95153173825898,740.1807587324739
20160131,720,67,963,628,55.96472949810244,85.2968488425226,486.7384216593749
20240402,287,31,89,513,59.5760027497004,71.41839675762003,382.0056004926796
20160321,644,41,288,874,75.94774027183625,46.82411838571888,751.2281413424448
20150805,703,50,526,166,14.606090329438674,11.476901997300736,139.9170076732606
20180522,717,14,797,217,5.544051559332826,27.777189096003397,183.67875934466377
20171015,20,86,475,852,77.16736367654198,90.01137853942892,684.8212577840291
20231123,984,59,35,707,39.50050748428046,86.94254461531773,580.5569479004018
20180913,869,99,620,666,74.74775155788112,78.47484346685688,512.777404975262
20180426,799,27,383,345,19.7685632473744,19.415846403230837,305.81559034939477
20191207,425,14,47,147,20.343470052509385,9.97573941987628,116.68079052761433
20140105,474,5,656,502,60.10978805786626,52.56622599079841,389.3239859513353
20220603,491,56,611,579,47.24501106953084,36.34353583769143,495.4114530927777
20211217,608,26,159,911,98.03841553968924,57.300779115397006,755.6608053449138
20240401,897,50,47,284,26.486347427201295,17.99710560633637,239.51654696646233
20230923,160,35,901,921,46.23323292116958,131.07578380374125,743.6909832750891
20180117,216,74,825,145,20.178248577297015,19.531518814716804,105.29023260798618
20141231,802,45,660,467,59.512423673088364,33.49252438414615,373.9950519427655
20220929,808,11,890,846,51.88090631463616,61.377709010632366,732.7413846747315
20210730,713,43,559,727,61.8035565558189,53.05228917213029,612.1441542720509
20171007,885,41,541,416,61.560335766339996,39.32171950902381,315.11794472463623
20171101,882,8,510,974,92.50150791936294,82.74764684807619,798.7508452325609
20211214,507,99,376,819,86.88815890713299,69.39546226969978,662.7163788231672
20160831,896,40,366,212,10.655214964992194,23.9846468699259,177.3601381650819
20140612,375,6,307,761,40.053431946064784,38.745102754819484,682.2014652991157
20140820,794,95,904,178,22.34119369584828,12.211544319862117,143.4472619842896
20160403,57,78,842,452,33.73092857677088,57.060788808655076,361.20828261457405
20211228,177,62,985,717,77.12588417989075,77.78154407772108,562.0925717423881
20200928,787,18,649,910,126.58520770075026,111.902197830203,671.5125944690467
20170712,298,58,417,819,49.49363490258161,86.75694904842157,682.7494160489969
20140715,543,22,417,362,53.77248898346151,25.864375071328773,282.3631359452097
20230701,752,51,782,181,19.81026879961725,15.436181727187147,145.75354947319562
20210701,362,59,246,553,51.855279463577375,48.242104782281956,452.9026157541407
20231016,361,44,690,187,16.49382536594829,21.383486150230503,149.1226884838212
20170825,222,87,394,865,109.66951913927021,118.97960826603743,636.3508725946924
20150528,507,14,852,630,59.16626768036324,73.79950106553933,497.03423125409745
20230328,563,99,263,572,67.7122247096873,74.7709326310525,429.5168426592602
20200426,967,78,973,643,58.346539934250536,76.83703769719494,507.8164223685545
20191020,700,15,54,501,61.251151628606806,32.2764669510961,407.4723814202971
20191231,937,49,355,531,36.424724928362174,46.52765254626892,448.0476225253689
20240423,810,43,172,231,9.054706629988713,20.13222945956736,201.81306391044393
20240526,181,86,733,969,100.71968003383202,139.34149474185025,728.9388252243177
20221019,730,65,690,550,15.317544827206312,75.83137255664201,458.85108261615164
20200717,194,83,750,160,15.025297322466066,12.90796473323482,132.06673794429912
20161224,101,53,959,475,25.870239454835364,32.30367628228905,416.8260842628756
20230917,5,38,136,763,90.59331415233852,57.47840987124497,614.9282759764164
20140201,767,37,275,775,19.700774459123885,75.61915881204439,679.6800667288317
20200828,626,34,731,807,16.961044132375438,82.53093220441917,707.5080236632054
20210409,27,32,761,462,58.65769173402113,26.40840833283655,376.93389993314236
20200910,169,63,408,754,102.75310224896373,92.59851998785464,558.6483777631817
20190419,96,58,46,580,66.30240674543391,76.96667730580029,436.7309159487658
20160505,273,65,622,880,86.90670557877642,117.23678996793302,675.8565044532905
20240720,969,71,231,986,123.34872414605965,86.9539044339121,775.6973714200283
20170712,267,85,854,555,15.8979186738377,67.1629629313144,471.9391183948479
20190730,546,52,972,950,120.01188119653673,52.18903025205421,777.7990885514091
20180409,249,50,636,648,44.99937230674071,90.20040399595848,512.8002236973008
20240516,107,10,719,473,67.27863586728712,60.88811059215033,344.8332535405625
20240115,400,8,714,982,89.4388174845048,109.91805346572066,782.6431290497745
20220906,676,89,329,591,71.56771441546978,52.427336146398474,467.00494943813175
20160912,383,7,742,783,97.27183061334651,86.56990288585355,599.1582665008
20171206,993,17,195,277,26.847435931012686,21.702653868452096,228.44991020053521
20200817,814,16,980,859,30.460227636204834,89.40060612292137,739.1391662408738
20210209,625,43,84,289,33.25562023299416,20.108338593072837,235.636041173933
20141007,859,8,637,853,88.74640919104493,66.98353124458366,697.2700595643714
20151104,81,21,200,880,131.08247231025285,52.541050017307725,696.3764776724395
20180225,951,85,532,197,24.65859667205963,18.50682854156756,153.8345747863728
20170219,5,73,981,757,27.20986965591774,65.91226008930953,663.8778702547727
20230830,594,84,1,202,28.092489121966057,28.15405731584489,145.75345356218907
20240225,716,4,722,556,40.018282060725106,73.41097470837698,442.5707432308979
20221206,884,25,239,217,26.018087938183502,17.77042284451194,173.21148921730457
20141011,276,32,484,984,57.55188261908896,106.55768740815324,819.8904299727578
20190820,332,27,88,862,34.60283964471892,99.9121403065466,727.4850200487344
20150429,316,77,992,684,77.73961386088162,86.47665540645687,519.7837307326615
20150422,865,23,41,217,32.1018445889614,15.843859191122114,169.0542962199165
20180807,245,79,216,137,3.4598931888201427,16.39628023124187,117.14382657993798
20170504,935,69,432,876,32.09697933463855,128.85924291253272,715.0437777528288
20150301,978,86,717,450,24.436006134344826,32.140708412945045,393.42328545271016
20201213,560,78,306,843,125.59212190147917,89.68901979796998,627.7188583005509
20240701,193,13,738,233,8.840329289088979,21.37703286878896,202.78263784212206
20190627,881,99,148,516,40.056796331052695,71.5256356358096,404.4175680331377
20240517,71,36,591,416,23.659013084356385,42.86177154942613,349.4792153662175
20220121,567,48,516,206,30.038117762440628,13.959456230103344,162.00242600745602
20140925,942,66,811,607,61.726720835716556,46.99791270944707,498.2753664548364
20170921,37,36,11,923,135.10038188947885,55.33746854180309,732.562149568718
20230813,736,8,257,956,118.83968434002634,126.40395960047695,710.7563560594967
20170104,607,89,222,861,121.95751395608418,74.43333959403351,664.6091464498822
20190411,43,24,811,758,67.97141511591545,69.13823161260403,620.8903532714805
20170727,962,96,970,361,8.729309385817876,28.567492883744247,323.70319773043786
20191122,609,7,942,198,23.700978426289307,29.3244387909376,144.9745827827731
20180620,275,24,804,502,11.74168523057989,64.32523467574492,425.9330800936752
20150830,641,55,669,918,96.32352885493782,79.01484893635609,742.6616222087061
20140507,579,67,443,910,123.49216118920951,134.36045264539084,652.1473861653997
20150415,356,75,459,444,54.576001100549355,33.18076335088455,356.2432355485661
20190729,286,10,625,150,17.80064637449722,10.892388936273303,121.30696468922947
20210604,349,15,359,444,24.793372826291858,47.666117132088885,371.54051004161926
20191128,783,99,510,605,52.78665151102648,82.27939405693856,469.93395443203497
20150426,699,98,635,840,118.53128877063055,116.03138759674103,605.4373236326285
20150816,745,82,182,938,112.13633601336207,121.06343302638558,704.8002309602523
20141222,456,9,151,590,38.48203122024399,77.15134460331231,474.3666241764437
20150429,404,10,240,268,34.92390106708803,38.114956999755115,194.96114193315685
20171014,154,1,502,832,77.93892050726299,59.627642523293936,694.433436969443
20230101,227,56,502,490,20.372060826851957,51.30573374755102,418.322205425597
20170320,941,53,101,962,95.12108701447532,102.32134182741595,764.5575711581087
20210328,66,57,701,515,17.826310680630545,33.13704201042504,464.0366473089444
20190904,557,57,764,702,58.25665127205947,35.31666791510319,608.4266808128373
20231011,907,61,562,220,25.04359437643781,25.304418612833164,169.65198701072904
20210410,378,9,203,970,96.22085491931095,136.40764730333035,737.3714977773586
20231118,47,3,539,270,33.00910333595637,34.871062470640425,202.11983419340322
20151217,53,77,191,309,19.95563959280199,20.049490413673542,268.99486999352445
20150402,946,85,728,543,43.848412076278635,49.173214398303166,449.9783735254182
20180725,522,64,305,855,89.31397929085966,87.02260620079551,678.6634145083449
20140125,890,43,831,313,8.655777392189151,28.048487314183088,276.2957352936278
20150910,768,10,355,226,19.594339050387426,22.157269813345543,184.24839113626703
20150919,828,9,14,708,37.86405533987281,73.42241853171006,596.7135261284171
20211222,270,15,234,253,31.157114678469725,30.287921179851583,191.55496414167868
20140127,635,3,759,971,36.34503508949862,142.38505680985904,792.2699081006424
20220808,190,65,900,395,34.93296015597834,31.13445626180484,328.9325835822168
20180518,172,63,537,644,31.488519375810768,75.05627526192244,537.4552053622668
20180309,226,19,164,930,53.493509064304384,71.86044246399884,804.6460484716968
20220502,237,65,612,921,48.26479783250398,58.5403929231386,814.1948092443574
20201220,712,15,446,329,26.742413575394504,26.210373357581823,276.0472130670237
20141115,288,35,345,547,74.11496432833525,71.26451113500619,401.62052453665854
20220531,632,96,80,822,32.62564973232262,85.32044413869416,704.0539061289833
20170220,640,89,699,590,84.0265327365078,82.16375660237878,423.8097106611134
20230904,991,46,532,640,20.452158444714126,71.0774122455145,548.4704293097714
20181012,931,30,840,531,30.78557272350187,57.87105075779392,442.3433765187042
20201113,913,15,231,297,14.79830023595881,16.1244786939292,266.077221070112
20171115,953,32,160,107,8.014036617662077,8.442043668084072,90.54391971425386
20240106,128,28,399,490,23.376978989507712,35.054302809624325,431.568718200868
20140415,247,78,188,430,38.830692165692476,42.99110015944321,348.1782076748643
20181213,256,97,635,810,94.40135546927516,111.05615941622585,604.542485114499
20231214,236,95,855,656,69.63548790737717,79.79561896257387,506.568893130049
20191105,912,89,279,454,44.09872809407067,47.358278022613156,362.54299388331617
20230620,797,96,630,733,73.0102251511617,108.58809406793368,551.4016807809046
20181126,636,50,406,113,11.80990603487846,7.100757961347521,94.08933600377402
20160119,28,28,908,313,16.87878320270985,33.98349750882742,262.13771928846273
20240413,183,92,214,678,44.109451402010734,53.767354884684245,580.123193713305
20190221,497,59,880,179,20.896565916638384,16.214541106040876,141.88889297732072
20140421,59,83,733,917,99.14842206526548,129.46484530536435,688.3867326293702
20201228,101,87,541,788,106.87553408653568,72.18194001512248,608.9425258983418
20141104,822,37,702,676,32.02899261005359,92.71538148365781,551.2556259062886
20221105,75,28,213,317,22.701253745458697,42.45558393765557,251.84316231688575
20160110,156,62,139,275,19.214273801851732,32.71706711553207,223.0686590826162
20220207,36,29,298,924,103.15346440848306,60.57163715620392,760.274898435313
20220402,931,21,290,639,33.060348983182884,71.61562199102622,534.3240290257909
20141212,873,80,610,758,73.17728216788137,90.31466931771634,594.5080485144023
20230315,985,51,304,468,16.800384596731988,37.00874853861519,414.19086686465283
20200216,550,76,154,809,118.00752440530682,75.19962686805506,615.7928487266381
20160218,747,94,504,542,73.04767720985623,72.03945732373367,396.9128654664101
20141105,291,35,605,388,58.119445993312596,20.024932394671765,309.8556216120156
20160801,216,80,989,137,3.1524251110365653,11.301442677843339,122.5461322111201
20171030,262,61,945,380,35.528423789062494,33.66886040226286,310.80271580867463
20230902,969,18,651,465,52.19230716036973,50.422464273532356,362.3852285660979
20230205,275,84,951,558,64.29711219457789,38.22934271840557,455.47354508701653
20220104,479,100,675,438,54.73573645787202,26.133817070386723,357.13044647174127
20210415,786,32,956,796,66.15646720523152,87.31441572049236,642.5291170742761
20170903,624,47,180,138,2.989298341158023,12.44862567576581,122.56207598307617
20160920,750,89,899,876,122.79017404846495,103.60527982004042,649.6045461314947
20171227,756,55,509,618,33.45531387155476,85.78581677108888,498.7588693573564
20141004,959,62,642,240,24.519259920703366,31.748821550451837,183.7319185288448
20141225,689,15,326,105,9.477952968145548,14.556028020535162,80.96601901131929
20171207,746,70,614,507,64.18482787198755,67.35546348176067,375.4597086462518
20240714,766,63,861,462,45.09983706493514,37.625585112004686,379.2745778230602
20230812,726,54,771,193,21.043458440123327,23.778944495485085,148.1775970643916
20190217,444,10,71,807,48.45049449262273,93.13310249021232,665.416403017165
20141020,840,48,67,416,33.15477080771579,62.127653252095,320.7175759401892
20180812,283,62,69,234,32.18540298893237,21.17945637653617,180.63514063453147
20151104,133,54,459,659,41.94346268001857,98.61748345561556,518.4390538643659
20180701,950,27,13,799,39.87031620189337,72.8799951556401,686.2496886424665
20200926,448,38,82,462,27.53160743065928,60.11655276314636,374.35183980619433
20140801,738,78,52,312,15.187270847027019,22.79422855532058,274.0185005976524
20220503,326,51,930,833,100.67035383918373,56.41049364737814,675.9191525134381
20160317,534,52,196,329,22.94301861071707,20.418787791667004,285.6381935976159
20190131,688,65,982,892,18.779461450174136,85.21739168856446,788.0031468612614
20220128,656,67,1000,223,14.076300055633295,24.864667099605043,184.05903284476165
20240302,855,36,284,698,90.18296523998315,69.59078337277498,538.2262513872419
20160227,527,51,265,154,7.657144936818301,21.787616154853005,124.55523890832869
20150806,749,76,334,669,46.767176928484965,74.15091445204732,548.0819086194678
20170106,764,6,493,230,33.428002543714314,30.539494247533842,166.03250320875185
20220305,406,49,398,906,73.09224874330823,106.35753049672331,726.5502207599684
20210327,416,13,724,220,26.79880863142087,27.23996522710206,165.96122614147708
20170922,977,99,337,453,40.61194631700064,37.99745531823355,374.3905983647658
20230510,853,54,39,163,21.901120649392187,18.314237108541654,122.78464224206616
20180930,25,26,280,582,12.90213004162074,45.667685859621194,523.4301840987581
20150923,983,54,851,744,95.6130880695292,84.53234232576375,563.8545696047071
20161123,885,91,645,852,120.83363815134496,116.82828965603709,614.338072192618
20240412,115,58,915,784,50.11006096627842,73.47009671178512,660.4198423219365
20191026,964,51,125,777,92.59856293081594,100.24922095091236,584.1522161182717
20170409,640,75,107,273,19.53292464172026,35.578643678082855,217.8884316801969
20151016,874,80,69,405,55.47279608387147,55.68205231557619,293.8451516005523
20151204,193,45,693,964,124.7436528613315,136.0282611175722,703.2280860210963
20140501,189,87,241,721,74.54909537861583,65.81810603196205,580.6327985894221
20220104,635,81,750,876,113.98967748224368,95.80882425660569,666.2014982611506
20160909,900,54,218,591,75.27023876839486,72.84850704606467,442.88125418554046
20240205,686,21,193,891,73.30663110983775,108.66158119359271,709.0317876965696
20190426,505,29,981,615,82.30979031332312,55.34731028756528,477.3428993991116
20170928,40,94,151,295,41.798007300985724,41.05974251905659,212.14225017995767
20150108,972,70,617,218,30.636359548347404,19.7424654379669,167.6211750136857
20240612,227,82,539,483,21.416943720701486,57.80957499148128,403.7734812878172
20140824,935,30,942,785,49.204165538016056,81.0349478259051,654.7608866360788
20150213,947,56,746,571,52.24513261007385,56.3627358667208,462.39213152320536
20210905,821,22,402,493,19.279400697724714,68.25121450640621,405.4693847958691
20161209,824,6,108,710,66.52154437464002,62.08589999302287,581.3925556323371
20161010,230,36,368,749,78.82708435858656,92.71678675822396,577.4561288831894
20140320,49,92,296,358,20.52505842813997,23.616292463139,313.858649108721
20171202,147,100,478,550,13.492841613677166,61.74986485764095,474.7572935286819
20230515,835,29,129,282,30.650132835603433,17.219246098022793,234.13062106637378
20220314,302,98,628,755,39.562067026983534,56.55479609230613,658.8831368807104
20240114,47,6,196,839,71.94554839314735,111.96269347192366,655.091758134929
20210213,691,79,791,993,70.79447198763242,82.08613682668994,840.1193911856776
20160608,127,14,854,654,72.11626468364184,90.79541852733126,491.08831678902686
20140211,777,58,827,145,10.138696016617697,17.455927667757926,117.40537631562438
20140422,28,90,251,713,104.47213560434862,64.18527038220381,544.3425940134475
20180102,699,39,397,624,40.25115364109506,60.89180793035711,522.8570384285479
20140121,510,67,635,640,42.83420609598664,42.017369091320695,555.1484248126926
20230702,221,80,92,917,91.90188694427084,72.36245011198073,752.7356629437484
20240714,658,6,828,817,110.8851559391025,53.22026054928238,652.8945835116151
20180616,117,67,144,762,54.457908379093574,46.91660198437057,660.6254896365358
20190624,232,97,472,716,42.6900236908411,74.62993955235265,598.6800367568062
20201225,705,60,910,275,24.816120759565358,19.174038360577267,231.0098408798574
20190726,496,84,710,153,19.577566590429598,8.465362712404927,124.95707069716548
20180312,662,98,630,873,25.34934337650547,73.67497475201606,773.9756818714785
20170106,491,86,592,378,33.203220830183646,31.06678460261807,313.7299945671983
20141118,791,63,741,988,146.26238732448877,122.01155411392104,719.7260585615902
20200119,599,34,761,312,16.577255086429535,28.72319783844334,266.69954707512716
20170909,156,91,237,267,11.966234929401862,20.333446682728834,234.7003183878693
20170327,39,58,983,278,18.62141020528223,40.60350088888011,218.77508890583766
20170303,488,10,958,436,14.53653570913114,42.3626503462833,379.1008139445855
20220324,606,40,98,754,75.98017522841597,89.67109038075236,588.3487343908316
20170402,530,31,123,389,13.388005932392302,27.167610342255855,348.4443837253518
20201006,139,56,313,288,16.51409121828528,32.611749457042485,238.87415932467223
20191021,710,33,282,527,78.31451866547606,71.21826045357116,377.46722088095277
20210109,94,20,892,363,18.59385162246434,20.616254692405523,323.78989368513015
20160810,394,80,631,358,51.18418104971658,19.407588803196223,287.4082301470872
20140720,734,12,81,424,27.44145457019854,40.38909332204626,356.1694521077552
20210708,193,4,908,812,97.29463345214764,114.32622390461957,600.3791426432329
20160305,488,90,27,165,17.461278067960272,18.481370278755758,129.05735165328397
20210823,366,11,846,440,64.21759261294595,48.67448509467864,327.1079222923754
20230512,578,27,953,416,35.91394984952069,31.825948308897893,348.26010184158145
20140426,572,3,175,224,12.583266415315524,13.482748698278959,197.9339848864055
20230911,603,100,465,969,99.70051529785133,68.4476567950048,800.8518279071438
20160909,12,25,230,322,35.846801734119225,42.11371393260925,244.03948433327153
20191106,152,3,652,530,44.86395864014988,29.705568655869282,455.43047270398085
20140121,173,70,261,387,55.62750764220179,42.98189512144219,288.39059723635603
20230829,172,29,296,722,56.61710823665264,65.76893962866548,599.6139521346819
20160618,514,77,34,286,15.603271054820466,17.177488358778145,253.21924058640138
20160523,207,50,154,558,70.97464409752386,65.85880049618245,421.1665554062937
20160709,139,69,343,813,102.86892852740813,77.51129711581844,632.6197743567734
20191003,905,8,481,644,55.92517579814181,44.62410254928495,543.4507216525733
20240428,601,63,898,892,55.203004524293775,111.89042323593868,724.9065722397676
20140517,626,69,366,582,67.20894969363336,67.97150728987579,446.81954301649085
20240705,655,8,244,708,38.9279110982134,44.063642274034606,625.0084466277519
20200507,286,92,936,305,24.03410147248014,24.027094056734942,256.93880447078493
20150301,253,6,587,678,97.23837510066717,59.82852473451219,520.9331001648206
20240110,623,18,444,223,29.821677108709174,28.95995742157307,164.21836546971775
20190904,784,80,328,285,42.666503870827206,39.03609577568009,203.29740035349272
20210810,740,46,938,710,91.89638192664196,97.74680130221805,520.35681677114
20210807,752,78,916,986,80.38060363961955,114.37279337250315,791.2466029878773
20151004,99,74,473,399,29.25247891108991,52.92941935962065,316.8181017292894
20150212,458,87,488,758,76.53840939281424,74.6488032584127,606.8127873487731
20220916,765,97,591,713,15.494653995101045,104.2169197180423,593.2884262868566
20220807,221,63,66,766,113.47792738194465,84.28952961055938,568.2325430074959
20240619,183,29,287,495,35.396658192902024,43.638196464834934,415.96514534226304
20170803,627,67,292,254,6.212380967192223,32.383724325304044,215.40389470750372
20140802,23,69,394,940,73.80057293994156,53.74103297784279,812.4583940822156
20140109,775,77,571,787,107.16004499090931,114.63542844363842,565.2045265654523
20190325,290,60,788,897,123.37611460080538,119.34178449287329,654.2821009063214
20230530,260,6,490,467,16.10088541675348,57.40895895017769,393.4901556330688
20230202,20,98,84,833,101.08967697104546,78.00852471706824,653.9017983118863
20150106,456,47,922,895,49.62914340392046,55.0425236790089,790.3283329170706
20160102,880,36,313,248,13.096997043577156,32.992384418140695,201.91061853828216
20220505,764,37,167,150,3.6103818430756163,9.913387526531773,136.47623063039262
20240405,74,87,411,845,80.30772530713938,90.50670141781755,674.185573275043
20140706,531,89,705,779,27.30408720713897,54.782278010850284,696.9136347820107
20230729,956,82,616,420,13.40608070059642,42.26854023527594,364.3253790641276
20181122,781,90,517,948,59.18388580998838,119.64711822890096,769.1689959611107
20170729,340,58,228,769,39.633365793149,93.14956026632133,636.2170739405296
20201025,17,81,911,414,14.472942967695067,40.35423898875514,359.1728180435498
20200209,693,7,994,662,74.96640939600756,56.34374581673475,530.6898447872577
20190507,851,40,639,256,37.1292104151577,20.898184869816298,197.972604715026
20220126,591,96,448,649,27.123258131181558,87.31169321924469,534.5650486495738
20140705,992,15,230,195,28.767878880933885,13.515828811921372,152.71629230714473
20190505,928,45,666,226,25.6833038803172,23.59813158510223,176.71856453458057
20180817,944,44,430,475,61.543742934775516,67.23623576527936,346.22002129994513
20151012,289,59,351,160,8.858444149129161,18.837988509317665,132.30356734155316
20140410,528,54,996,862,93.56953307034685,80.70621705332105,687.7242498763321
20220324,363,57,333,585,20.210731167308513,76.69101071108715,488.0982581216043
20230208,320,49,798,996,83.04912821684671,78.74334317214343,834.2075286110098
20180314,639,57,630,646,37.6429100469248,77.03097434157246,531.3261156115027
20231122,629,97,850,388,18.797919046786664,52.02281040834722,317.1792705448661
20230705,463,74,980,667,29.390110759136086,69.9428463041866,567.6670429366773
20181011,950,35,617,524,75.65912143794988,70.40852390198702,377.9323546600631
20220403,638,12,180,972,74.70604301712318,120.20624577814763,777.0877112047292
20170402,950,62,73,136,15.967800379441599,13.478415327315572,106.55378429324283
20210503,69,34,674,218,25.97599373605547,26.065265911844275,165.95874035210025
20190731,962,25,748,540,18.36576733714996,45.93398737476409,475.70024528808597
20220416,317,74,231,907,95.17695082026114,83.71183222430938,728.1112169554294
20220516,643,21,131,677,50.18956168320603,60.999488680652505,565.8109496361415
20181026,322,43,239,625,70.73117793303959,63.67797548619466,490.59084658076574
20211119,548,21,199,574,76.4725872585168,36.86894329146302,460.6584694500202
20211129,110,61,576,709,65.30970667587913,61.39925676787587,582.291036556245
20220315,371,6,863,966,26.458035522086703,102.26175769768275,837.2802067802305
20211211,747,81,135,285,14.07224453797683,28.639848415435285,242.2879070465879
20180706,869,96,798,874,68.75178680079068,47.73190926561345,757.5163039335959
20220128,401,15,943,439,55.80749392718494,59.109639745272084,324.082866327543
20221212,862,91,354,614,51.11470433137815,67.17388488848131,495.71141078014057
20180403,545,57,941,369,10.931380775802534,34.69970570330089,323.36891352089657
20170721,525,2,871,213,29.211508144274184,11.191312315278568,172.59717954044726
20190107,507,26,154,393,52.330568899156894,40.429098475380016,300.2403326254631
20151009,231,72,572,187,12.140870815116166,9.623157565905569,165.23597161897825
20180819,947,20,804,914,110.50460687400384,57.16415200201273,746.3312411239834
20190220,113,11,982,878,127.5413213774553,45.4040436729948,705.0546349495498
20190508,964,43,354,372,10.767122619929248,38.46231336977461,322.77056401029614
20201123,75,61,408,716,102.80665304486742,53.54404989264364,559.6492970624889
20200717,499,11,269,361,9.99666475877848,19.893445005650165,331.10989023557136
20170527,917,77,401,310,6.7549700425649215,43.96804587055862,259.27698408687644
20201124,433,88,53,678,52.166453034856936,84.33182795663606,541.501719008507
20240131,4,54,924,558,53.074555215876245,61.47156166890038,443.4538831152234
20240410,447,22,721,830,85.43429946910001,112.70728611123485,631.8584144196651
20200405,667,44,843,374,39.26880001036549,28.38033954132544,306.35086044830905
20170221,261,62,975,873,80.4585396025235,77.3162766825336,715.2251837149429
20180327,288,99,926,627,60.71586861505455,62.51461783671242,503.769513548233
20190827,702,20,214,671,40.2833152334498,99.00905686757376,531.7076278989764
20230817,964,53,138,717,45.86297533893046,60.2820037806621,610.8550208804074
20200611,504,41,963,681,50.596238610940496,52.91699769720451,577.486763691855
20230726,154,66,164,196,28.63357499808352,23.379051878101894,143.9873731238146
20191125,691,40,21,342,45.59200637407707,44.46980748807662,251.93818613784632
20151103,516,67,440,293,32.04569097806202,25.657030751910384,235.2972782700276
20190417,364,50,266,442,31.675581273470353,27.14189040302705,383.1825283235026
20240428,683,91,558,171,12.921916313804392,20.122563967386064,137.95551971880954
20180202,283,21,270,783,89.36531574578832,54.42076446751605,639.2139197866957
20160202,77,33,210,655,27.32893174135193,37.10580853869527,590.5652597199528
20210829,261,2,820,476,62.259656128932434,24.00437394087435,389.7359699301932
20210712,147,84,56,309,26.793648819325163,46.11069602552818,236.09565515514666
20200218,521,37,922,214,4.510194676126373,12.104431564112181,197.38537375976145
20170826,430,14,335,624,65.129926018022,51.69722851667897,507.172845465299
20230218,192,85,390,984,133.87871715859868,62.02401784641519,788.0972649949861
20190416,308,48,359,241,29.60368830691465,29.60344471872475,181.7928669743606
20160108,769,84,829,112,6.816242510386902,7.578608546396346,97.60514894321675
20170125,723,14,419,958,65.56071633392712,70.82787660290472,821.6114070631681
20140425,740,67,615,500,20.268568506329743,64.99464904762897,414.7367824460413
20211114,452,35,912,252,23.67527117208169,36.719216893343045,191.60551193457525
20190723,783,4,621,977,145.3840300678474,144.2749662584522,687.3410036737005
20160410,739,84,144,510,15.674207149389728,26.206369860170895,468.1194229904394
20180217,418,88,376,804,86.67078282073551,58.05700523157907,659.2722119476855
20160604,985,69,753,422,29.904370073570863,35.78046317047147,356.31516675595765
20161008,557,42,493,192,19.796586484822292,14.194310763860107,158.00910275131758
20211216,416,4,679,340,50.460322312957416,42.212143277128256,247.32753440991434
20210220,650,74,40,799,25.222541417017705,100.70476937434466,673.0726892086376
20180719,584,48,839,205,16.886626841930692,29.906863714688235,158.20650944338107
20140919,243,60,414,973,90.16827932517188,92.9365429427841,789.895177732044
20140113,60,58,916,559,78.3779074498394,54.33076873960833,426.2913238105523
20211013,362,36,797,560,49.66590939635264,56.85328588447191,453.48080471917547
20210321,950,20,322,710,36.41306872483689,88.60897717118192,584.9779541039812
20160709,424,99,391,655,29.708124659769496,70.80547431959471,554.4864010206358
20240317,872,29,713,671,32.147173668389485,46.712121877327654,592.1407044542829
20160919,501,21,462,869,55.22622487438459,102.93417959557739,710.839595530038
20210824,119,40,560,266,38.633010530157634,36.185017538905974,191.18197193093638
20160105,863,46,434,863,77.90875849485063,114.15027985936315,670.9409616457863
20191117,60,96,136,793,66.51314653960466,95.7440536337316,630.7427998266637
20140706,102,35,468,479,71.1341576635786,39.2338591808133,368.6319831556081
20220122,555,46,943,188,7.671752991570835,14.59793819729014,165.73030881113903
20230815,465,50,25,626,13.405517316080394,45.73139517889414,566.8630875050254
20230828,476,77,266,965,138.73550541659714,48.54966329266045,777.7148312907424
20230422,63,77,147,381,16.26848385866113,45.549682864123874,319.181833277215
20140225,172,61,6,384,55.063798270518795,23.29315379458459,305.64304793489663
20160223,428,75,869,117,5.317896183980636,9.828723945597005,101.85337987042236
20221230,402,21,376,604,17.056774757472155,72.14683243184348,514.7963928106843
20160806,404,49,657,138,14.261400873079676,13.637509718209522,110.1010894087108
20220824,50,90,818,260,25.684148621750733,27.635050780301242,206.680800597948
20141115,863,55,919,691,73.5657951671064,92.49821840019538,524.9359864326982
20150509,595,6,939,271,36.935268636719435,17.170992107240323,216.89373925604025
20210920,466,91,756,852,82.03692562073466,79.42903127363601,690.5340431056293
20150518,25,91,643,937,42.79526931661182,66.4590560383567,827.7456746450315
20230603,319,59,935,438,32.79329527680902,27.39565070029699,377.811054022894
20230917,451,51,676,950,67.62060089661293,60.83463792877381,821.5447611746133
20140728,985,60,817,715,75.46902395942276,41.41075272811602,598.1202233124612
20200101,403,59,898,254,20.426191423755455,24.44118088614319,209.13262769010134
20160505,160,29,840,138,20.642160667227312,14.178150160168258,103.17968917260443
20200308,481,90,142,605,36.02255125321795,84.01242716539618,484.9650215813859
20161110,949,68,460,908,84.30269714785459,63.60725542488021,760.0900474272652
20150516,706,8,392,704,61.76630177923279,63.045067558316845,579.1886306624504
20190621,739,47,391,799,24.93642162260687,98.64717014162645,675.4164082357667
20190311,812,23,417,678,50.759364264394485,95.13312995949744,532.107505776108
20210510,434,82,161,988,100.84562740997332,119.5680830939063,767.5862894961203
20230909,298,74,451,419,50.07185229911785,24.551976560234376,344.3761711406478
20211006,1,48,741,111,12.031559414612707,11.650852407033543,87.31758817835376
20200118,804,20,441,442,60.146983686145035,61.71597800703845,320.1370383068165
20170826,428,84,35,940,43.04568628609718,47.99668460136255,848.9576291125403
20150423,655,8,70,678,82.79599159873356,45.45899041153446,549.745017989732
20231123,839,30,387,485,56.41969507958091,35.803603721053825,392.7767011993653
20221014,114,46,112,567,55.10281178058216,44.300942645677495,467.59624557374036
20221013,626,7,389,195,24.618018052297522,12.288190297512244,158.09379165019024
20150213,911,91,95,869,25.801753599018106,121.3598277456697,721.8384186553121
20181117,968,18,835,640,52.40011939231916,35.31558533642139,552.2842952712595
20220912,308,71,654,338,40.485796087586145,26.191148801684747,271.3230551107291
20181222,488,69,994,237,20.439949128046436,26.891346049288703,189.66870482266486
20171230,507,86,393,347,46.406786252849436,43.150581232259256,257.44263251489133
20160801,443,92,319,951,135.04667773584973,125.19984739411767,690.7534748700326
20140916,274,68,225,673,14.714656900590942,51.581075937251484,606.7042671621575
20150225,346,94,854,580,82.79755005016061,71.93318273554128,425.2692672142981
20220909,216,51,27,748,105.73244186732303,111.12602878437096,531.141529348306
20161125,259,17,778,235,18.448238227881514,28.62022139677409,187.9315403753444
20140506,474,28,970,643,58.4293697067931,69.37791529976114,515.1927149934457
20140918,822,4,483,185,27.693972589492034,13.481659964993828,143.82436744551416
20160323,794,5,384,539,24.862498092273338,75.90053781627785,438.23696409144884
20200215,680,62,425,173,5.538778023543526,13.906915958234366,153.55430601822212
20180417,220,75,155,176,22.18990853053894,18.05502593497833,135.75506553448272
20221107,184,73,444,518,32.30397691271583,74.53870311269665,411.1573199745875
20170114,123,87,800,193,20.62762471835116,28.52201831729029,143.85035696435855
20171005,550,74,325,379,45.99871528678638,22.92398082091166,310.077303892302
20170122,765,55,765,669,89.87754560805767,69.50170512754185,509.6207492644005
20210417,405,46,534,183,11.987678906319532,26.756965069726036,144.25535602395445
20140517,474,75,244,815,102.22221477987522,106.921736865568,605.8560483545568
20180827,548,23,89,956,50.09592998822422,91.01074446364454,814.8933255481312
20180329,513,61,511,977,79.06746593730743,55.41826389973699,842.5142701629555
20150209,110,19,929,758,21.30302921568834,84.93677627425176,651.7601945100599
20221017,726,38,810,747,41.851860459924495,41.654573014900734,663.4935665251747
20161003,446,76,708,715,27.828092362262726,86.2337441980819,600.9381634396553
20150724,965,2,261,346,32.79441914591089,48.26079410532158,264.94478674876757
20211027,853,64,865,833,110.82246228402568,122.66792965015611,599.5096080658182
20211007,837,57,41,994,75.79760343329326,131.97019286900996,786.2322036976968
20140408,488,49,83,936,105.22377077487268,125.06150415721805,705.7147250679093
20211120,947,67,768,935,19.455635116659657,89.63018743287256,825.9141774504678
20210823,543,72,560,584,28.678751959534207,30.664051006992523,524.6571970334733
20220711,473,94,925,850,28.851819237023243,106.71761071400702,714.4305700489697
20190325,42,58,830,141,5.388493003071282,15.373358469982424,120.23814852694629
20160406,759,38,151,270,29.517397539090553,13.956704285806614,226.52589817510284
20180719,729,82,257,316,25.998589620967294,22.770718489146372,267.2306918898863
20240118,493,25,591,854,98.89760703153584,55.93592791630132,699.1664650521628
20180415,241,44,634,782,111.07717102575053,46.79093425720291,624.1318947170465
20210912,722,48,53,490,10.485897771774113,54.262685996239554,425.25141623198635
20190508,258,46,261,348,29.80033476058199,43.96229344252845,274.23737179688953
20200317,497,15,601,764,76.52480350713584,62.49886336505509,624.9763331278091
20200830,232,86,776,702,76.7459712273121,76.75821675942119,548.4958120132667
20191117,320,83,709,855,61.03828617170685,101.50322235372717,692.458491474566
20200417,927,23,305,776,31.15062605584535,110.1146724665232,634.7347014776315
20180811,890,11,144,107,13.197143987371925,5.7891360793090865,88.01371993331898
20170228,958,74,169,959,129.79640335617074,83.84556218845616,745.3580344553732
20140719,35,13,360,544,12.607543549287104,64.45619312212662,466.9362633285863
20220630,627,36,290,550,24.63535301061531,68.70754675480832,456.6571002345764
20220531,909,92,732,400,49.531565970684106,48.85046358607403,301.61797044324186
20150106,263,91,103,366,12.789345073802451,53.034478972877515,300.17617595332
20190616,458,71,407,945,97.54843196402713,134.95063579865587,712.500932237317
20150409,598,20,178,925,49.529962474306174,62.3232159384531,813.1468215872408
20150125,454,20,415,141,16.71673686361242,14.553298574093855,109.72996456229373
20220508,990,29,329,574,35.317862648865706,42.89136993255671,495.7907674185776
20221031,478,77,457,485,30.31447015936879,54.31944942680478,400.36608041382647
20171015,997,60,586,168,14.387128086294474,8.790074044133082,144.82279786957244
20211010,598,38,573,726,65.84314254841007,105.68628765234001,554.4705697992499
20141107,89,49,366,988,146.9853727373542,68.99170453191901,772.0229227307268
20161113,47,19,52,814,26.251600320058714,48.757981057550815,738.9904186223905
20200316,173,53,547,692,17.12580148050942,91.57578381675232,583.2984147027382
20170708,858,60,45,820,37.33558599704924,101.46738678633533,681.1970272166154
20190601,374,73,621,675,62.02444654481756,56.66248823440253,556.3130652207799
20150512,254,60,822,848,116.03045697393631,82.15942468627748,649.8101183397862
20220708,247,62,14,728,32.47020299411088,70.72419186043001,624.8056051454591
20170723,200,32,138,408,48.74416080747394,42.729193542440946,316.52664565008513
20140925,29,10,757,898,60.41179470213072,84.16315755732836,753.4250477405409
20181128,443,80,410,956,61.743985322520025,75.83161380647293,818.424400871007
20160705,993,85,450,993,49.444004066606276,55.84997274629729,887.7060231870964
20170804,363,30,78,227,14.116386190865905,32.635300670843996,180.2483131382901
20161104,592,48,123,151,16.513752726414282,11.014912221985528,123.47133505160019
20171114,493,91,869,582,34.31485381067704,84.87934749552505,462.8057986937979
20190429,614,32,649,415,10.215417642503448,30.394805781927147,374.3897765755694
20160724,245,40,927,158,19.00217587883145,22.8129755289152,116.18484859225335
20141114,384,30,217,580,44.761830279490134,56.182771356595666,479.0553983639142
20190626,683,46,763,515,72.46197515109104,47.009808189937615,395.52821665897136
20160408,708,63,680,538,40.921282420653924,33.53346367566547,463.5452539036806
20180317,626,38,298,578,28.72157101639616,62.0651540396906,487.21327494391323
20161022,866,17,167,645,64.62503275667298,85.1702431741021,495.20472406922494
20170514,207,62,628,230,24.719509859129595,30.624824110065518,174.6556660308049
20240323,660,3,320,306,44.437675631088624,39.076380057627645,222.48594431128373
20210610,772,72,561,163,20.002289105059575,15.039631777089244,127.95807911785118
20200913,32,78,871,309,24.946285845109372,36.34304353899744,247.71067061589318
20170724,965,21,591,233,34.011075524022125,24.731552366023145,174.25737210995473
20230328,732,94,951,129,11.449545907431293,8.391214790478596,109.15923930209011
20230302,726,91,83,204,22.57843391721904,13.380479638895785,168.04108644388518
20150403,744,85,326,196,10.960359443478158,18.975850831355334,166.06378972516652
20160430,142,8,278,326,7.3098587314551295,27.64367949281758,291.04646177572727
20240316,838,77,816,755,57.288503866165065,109.60403964391548,588.1074564899195
20180512,425,10,646,803,59.80182900497929,114.55274660803491,628.6454243869858
20210515,607,26,734,181,16.68886396650659,10.448547635008593,153.86258839848483
20180605,749,92,347,527,29.392238271598597,59.21511063824403,438.39265109015736
20210427,709,95,182,631,28.716965749718277,55.8616789482607,546.4213553020211
20171103,457,26,28,715,34.49885402387214,40.514231776386275,639.9869141997416
20200808,368,85,600,649,63.66016726703931,33.83032927729918,551.5095034556615
20240317,901,68,323,572,80.87721031646588,55.90155306780233,435.22123661573175
20220112,778,39,523,676,24.971882222358214,44.5535764765726,606.4745413010692
20140627,319,59,630,574,52.25691087249967,41.57456969489126,480.16851943260906
20210512,333,40,919,711,70.68876882459067,77.09151706783732,563.219714107572
20150803,926,52,707,111,2.226558845627352,12.05532786195179,96.71811329242085
20220729,490,18,497,903,97.83625957790679,107.3228319123192,697.840908509774
20150530,838,30,423,447,10.098775868867016,59.558164225866335,377.3430599052666
20221024,544,74,540,883,130.9099257429215,106.58814878644773,645.5019254706308
20190511,376,12,794,494,61.89854514701232,36.78439690396635,395.3170579490213
20230127,119,81,855,871,101.41987798169941,54.232941145930155,715.3471808723705
20160205,868,90,581,111,5.96377239050754,13.399924201505556,91.6363034079869
20220619,434,68,44,642,86.39100016503477,47.93514537253832,507.6738544624269
20220520,942,34,186,429,60.967872072389156,33.19776702032549,334.8343609072854
20211024,575,33,338,575,26.067423774720503,75.89050904210296,473.0420671831765
20150404,235,6,996,421,27.66898350963056,36.6376165730438,356.6933999173256
20150822,650,59,40,808,61.47915717736829,64.21747114667508,682.3033716759567
20160925,927,92,912,852,100.11004453824428,78.22430124577753,673.6656542159782
20230712,482,22,958,971,103.96231906398654,113.17660670405597,753.8610742319574
20190115,867,3,323,652,96.36992270133672,78.47499322720613,477.15508407145717
20170617,816,41,597,445,22.935452091819496,38.794160593548376,383.2703873146321
20220623,349,99,730,720,36.21165234033242,53.96555995954857,629.822787700119
20240208,286,90,101,840,106.62573046549014,115.70702213699794,617.6672473975119
20180501,372,36,429,272,8.982634262583424,23.459057715949406,239.55830802146716
20161222,258,10,229,379,27.6147392145939,36.30415966006322,315.0811011253429
20220109,74,40,999,824,96.22130144163948,80.14585948970486,647.6328390686556
20170718,26,54,732,655,81.62142712801037,44.7928225179317,528.585750354058
20230821,599,36,348,883,36.23094067429918,52.42641683348229,794.3426424922185
20160212,455,38,362,882,22.06049879667725,124.52401286084444,735.4154883424783
20230614,434,37,936,396,35.163885515738514,40.07529636536424,320.76081811889725
20221114,831,40,958,142,9.103333116250603,20.60365991418737,112.29300696956203
20141124,948,40,707,754,82.17396567804471,45.77759766331651,626.0484366586388
20161129,197,48,939,205,14.568972887967782,26.4937903205234,163.93723679150884
20170219,406,53,451,346,17.06051602999961,38.112873542055944,290.82661042794444
20180511,462,85,413,409,55.90419620992598,41.0850982491293,312.01070554094474
20180323,473,50,484,806,112.12504381043841,80.38580444092003,613.4891517486416
20180510,309,78,483,474,12.952414183110363,41.503085250821385,419.5445005660682
20230213,194,8,179,109,13.450990842114702,15.885818673962374,79.66319048392293
20240512,521,55,818,514,73.83203583957408,45.46004303684404,394.70792112358185
20151003,422,55,684,542,67.32198207423426,50.50836522765832,424.1696526981074
20210910,652,58,576,865,42.45535493803449,66.63121269654782,755.9134323654177
20181129,569,41,902,863,82.54180975203515,60.169853182652176,720.2883370653127
20231125,567,53,890,691,90.32877988920202,60.18702443902077,540.4841956717772
20160915,949,30,419,334,11.197953351743003,34.40082159467676,288.4012250535802
20210114,350,38,251,424,19.55030237955406,41.600517538886656,362.84918008155927
20171021,101,56,879,153,12.783550897271391,15.34306222608787,124.87338687664074
20200321,806,52,981,799,75.29910315806376,94.80619736296468,628.8946994789716
20171015,338,42,167,779,109.08563008854959,97.0313803273931,572.8829895840573
20140427,508,79,649,360,52.422905701478435,39.27494682207543,268.3021474764461
20151206,110,26,834,878,85.84259402174182,77.2183461112086,714.9390598670495
20200127,192,15,917,726,91.21442624978947,103.75680855647164,531.0287651937389
20151024,995,82,74,612,35.99596281423458,34.03010498972071,541.9739321960446
20140520,550,79,912,461,50.05323083830659,57.76454079538758,353.1822283663058
20161205,279,94,106,809,55.037739608048305,66.48202516634741,687.4802352256042
20200911,717,73,822,863,101.5770138658571,61.264549162178014,700.1584369719649
20170303,935,68,557,472,29.3268947678467,23.845563472043228,418.8275417601101
20160411,719,92,935,950,103.32011387500962,62.032595949798,784.6472901751924
20190921,552,57,345,211,10.745739956375894,26.212494460177897,174.0417655834462
20161214,185,67,786,998,39.38709040899548,135.12792034527777,823.4849892457268
20220103,634,53,929,551,33.293079229441894,47.26510731829677,470.44181345226133
20151009,18,14,810,146,20.021988495056778,9.00453719836839,116.97347430657483
20181026,540,20,143,171,12.555421345467266,12.959934410124111,145.48464424440863
20140211,372,34,218,928,81.6153233079533,49.0882624290115,797.2964142630352
20200109,310,22,420,689,82.09915002424712,83.65304900489755,523.2478009708553
20201224,435,82,80,536,22.85487510351811,35.503088738950936,477.6420361575309
20151104,597,16,88,941,20.372112817746764,118.64109008241941,801.9867970998339
20200110,338,20,385,478,64.38105065065005,48.75282293459737,364.86612641475256
20170808,153,85,853,582,40.61470759038343,59.91717550144675,481.4681169081698
20231101,601,87,122,897,92.1235778534946,84.99369323467845,719.8827289118269
20170430,546,14,13,234,11.118384564349642,13.713277556869217,209.16833787878113
20150729,174,11,595,794,44.56430601140965,116.1449449617447,633.2907490268457
20180625,277,32,732,439,15.657134348741709,41.355769733872705,381.9870959173856
20170614,232,84,394,697,80.19410407931362,72.0755781953542,544.7303177253322
20230621,769,31,458,756,77.04143699857129,93.13372075945382,585.8248422419749
20140922,595,64,751,240,20.74322571425875,18.50879152697677,200.74798275876446
20181130,475,56,718,588,49.15635531104044,55.98372569752149,482.85991899143806
20221124,335,10,206,260,27.33111580954176,22.101783206801148,210.5671009836571
20240529,720,46,520,150,6.46670760104526,7.894899618098349,135.63839278085638
20231118,386,21,172,121,12.513051445844335,16.884006469714503,91.60294208444117
20190313,282,52,466,533,63.37984856456306,54.804484631216035,414.8156668042209
20150524,373,38,203,140,9.004692441499568,11.112033863363541,119.8832736951369
20170318,418,7,150,659,19.740462202676724,47.03924413975692,592.2202936575663
20140105,783,55,317,869,65.18595450340162,64.08223836424365,739.7318071323548
20180627,156,42,123,578,56.84132105037295,42.94188050706192,478.21679844256516
20150504,689,3,802,305,37.75352868558516,24.994984870224915,242.25148644418994
20240527,604,56,894,788,37.0904899940564,93.05172030695061,657.857789698993
20170502,866,58,959,135,17.538502069223885,15.058222413569366,102.40327551720675
20180418,796,77,428,344,25.265136541909037,25.99952290730898,292.735340550782
20220929,44,82,757,808,32.828044598770745,97.55376537611536,677.6181900251139
20150803,378,38,655,679,43.59224851634231,91.37663366030976,544.0311178233479
20140113,498,31,842,737,43.80868351182059,85.3336287084726,607.8576877797068
20170715,807,82,690,255,15.882949450593882,32.99971639247286,206.11733415693325
20151201,644,19,400,638,84.69485595444478,83.54210027369926,469.76304377185596
20140205,700,69,951,629,50.320580797149326,35.74830280427846,542.9311163985722
20170724,853,26,276,789,110.00849494730791,66.86390537835044,612.1275996743416
20181105,505,38,943,955,106.4022028841007,61.763624208802916,786.8341729070964
20201115,223,2,441,570,84.54102762106037,44.249781690458164,441.2091906884815
20150618,685,55,216,984,101.60154712102292,146.67647983124232,735.7219730477348
20200826,947,79,458,813,92.09960609088311,42.64003156206923,678.2603623470477
20150128,345,59,244,446,21.13179785867649,43.68836143342815,381.1798407078954
20220714,558,26,678,651,15.943332843862278,75.48009169569194,559.5765754604458
20150618,434,18,469,751,46.72344562105697,40.00340972023989,664.2731446587031
20220208,488,65,941,466,53.48619949358711,52.03026582107449,360.48353468533844
20180208,963,32,745,912,50.77937604756545,51.47122223114076,809.7494017212938
20180510,129,50,230,838,38.260447043365446,59.9944020518517,739.7451509047828
20230706,725,8,855,464,39.62656036464114,53.01044659422043,371.36299304113845
20211024,96,41,243,944,96.03020064928383,100.7279568840373,747.2418424666789
20230227,941,55,377,785,116.01067721843332,77.17573333381766,591.813589447749
20211105,576,41,518,849,83.7283782825885,118.40947849390383,646.8621432235077
20231115,363,94,3,855,29.069264039692722,87.1585516266374,738.7721843336699
20150922,959,57,906,249,27.748374633073784,13.321731556855282,207.92989381007095
20170107,850,21,742,283,26.35379690229117,17.58689236858111,239.05931072912773
20190613,291,44,975,633,73.65178237743463,63.877819865348975,495.4703977572164
20170704,830,58,541,486,31.045342067454563,63.514630071869064,391.44002786067637
20140324,282,25,742,437,34.9459579184635,23.59115538866419,378.4628866928723
20221017,488,37,846,929,75.69777244193898,77.81063347494312,775.4915940831179
20150206,879,63,84,837,53.82516930685954,61.86542517361847,721.309405519522
20170827,637,11,415,326,19.7701612545188,47.77152219939443,258.45831654608673
20141220,923,91,756,894,96.75911904645412,114.10283901266733,683.1380419408786
20220513,930,26,287,952,41.9854597247939,141.4822502727928,768.5322900024132
20180831,486,92,144,205,9.68157849755564,18.869152346881954,176.4492691555624
20170701,826,96,869,446,34.82604549226698,54.8276194880149,356.34633501971814
20151025,163,2,222,330,14.665266433089863,43.870385647796915,271.4643479191132
20220130,397,32,190,837,118.16367827497827,44.997117863559005,673.8392038614627
20221222,280,40,250,426,32.22929463842793,46.9568947912693,346.81381057030273
20211228,999,10,867,313,41.477804828316394,30.902749322343315,240.6194458493403
20160618,295,48,950,235,23.02051986446874,35.1459900862509,176.83349004928036
20160815,391,83,492,177,7.587939096867839,11.717097538826437,157.69496336430572
20210224,656,14,184,790,118.40872626205031,45.41285095654586,626.1784227814038
20171129,380,65,32,333,38.91254399336365,40.59748782693299,253.48996817970337
20151126,563,44,547,994,76.43838173542193,67.25175625757497,850.3098620070032
20150131,328,45,550,713,46.39196509602006,96.84903909344828,569.7589958105316
20210211,193,71,963,314,31.461164779407383,44.003179005242295,238.53565621535031
20170531,703,97,269,431,54.96352248299872,48.13156968402463,327.9049078329766
20230621,221,73,790,734,57.23600711967798,76.0779564991088,600.6860363812132
20211107,36,44,968,931,48.74731234741557,54.44228645295454,827.81040119963
20200212,79,32,534,453,10.462121347622467,36.068384126304096,406.46949452607345
20230609,218,19,789,891,112.44661063978481,71.44591764935382,707.1074717108613
20180528,173,88,946,365,51.792311510092865,26.225287414847646,286.9824010750595
20220225,395,2,154,884,35.9181114295807,116.88534804013764,731.1965405302817
20231229,434,100,475,280,40.246383637853874,28.514974803888304,211.23864155825783
20231231,616,89,591,257,12.149481955473709,34.533887707335076,210.3166303371912
20211221,691,14,810,525,39.02001000590487,61.15284661691179,424.82714337718335
20170209,211,34,968,537,68.48302810376974,71.4567393767678,397.0602325194625
20220414,167,81,253,464,60.41235547263758,36.51367577897528,367.07396874838713
20231128,36,25,495,427,11.809645042588809,46.62405460014375,368.56630035726744
20150502,648,39,451,939,49.58937840634308,139.79447260716597,749.616148986491
20200613,411,54,193,134,6.0795981470633995,7.29507681648676,120.62532503644984
20160306,611,23,845,279,30.3843366023961,14.987852805751755,233.62781059185215
20200118,39,46,713,704,51.71056497940659,66.12538160963466,586.1640534109588
20230728,45,32,331,981,138.508339036909,57.90679320070453,784.5848677623865
20151030,823,42,128,483,36.73837531976082,58.36730248708971,387.8943221931495
20240221,497,48,911,313,12.964579109447667,43.434328254347975,256.6010926362044
20170531,22,13,734,928,135.75116021778146,126.49628505271187,665.7525547295066
20230627,398,80,484,761,114.08672509479118,101.69111648359991,545.2221584216089
20240630,377,14,757,867,35.4161893683533,104.40636775656827,727.1774428750784
20230812,247,72,312,630,60.33697269248818,51.37902312371635,518.2840041837954
20190813,981,99,643,463,41.80736166525234,46.03035747046956,375.1622808642781
20210505,856,94,730,915,91.09576328080158,65.52500477320497,758.3792319459935
20170218,130,17,415,686,87.91952772848133,101.37876564837016,496.70170662314854
20171208,336,88,947,199,29.236739354086755,24.024324751886883,145.73893589402635
20200220,468,89,422,756,28.049725302612273,62.76496523009858,665.1853094672891
20230821,549,87,441,878,79.08894900341768,116.25752231301063,682.6535286835717
20200919,91,81,449,280,14.697878852107213,26.79997621430402,238.50214493358877
20200916,122,67,42,106,15.561359189648131,14.595909647494349,75.84273116285752
20240630,372,23,979,758,26.525615691196414,112.30859966949177,619.1657846393118
20230607,521,100,78,960,63.00836148951287,100.16153685816222,796.8301016523249
20200514,719,85,560,300,36.128691843552176,27.406849805234643,236.46445835121318
20141018,700,54,780,829,122.17145183066476,44.37483682772566,662.4537113416095
20191027,543,42,218,477,23.48215661823535,28.620918007354074,424.89692537441056
20210501,643,82,245,139,16.80875247633509,9.468281173676443,112.72296634998847
20210819,644,33,294,247,17.685232550850657,24.33661628495095,204.97815116419838
20181104,911,32,564,854,100.91182916531355,47.794813250375405,705.293357584311
20140823,615,4,809,249,20.469903883159244,28.184105037348054,200.3459910794927
20140614,825,36,54,867,109.20871192414138,111.07071680512811,646.7205712707305
20231106,377,22,585,750,82.31257012493334,85.35241778432618,582.3350120907405
20200625,808,89,420,429,19.982314001407712,34.49270213324965,374.5249838653426
20140713,609,77,322,510,60.65359677043474,46.67573551067397,402.6706677188913
20150725,581,59,486,549,20.61839023105286,36.39126911683608,491.99034065211106
20170816,370,72,937,789,44.727147799488975,92.24878404363344,652.0240681568775
20160322,195,21,977,947,112.31626587190142,76.29192223225057,758.391811895848
20140213,124,5,769,500,60.81637875612905,60.40327170543895,378.780349538432
20210812,539,41,156,713,59.72820025821476,47.46523474448638,605.8065649972989
20160403,22,58,338,334,40.045503574387205,27.743242237716064,266.2112541878967
20220913,128,50,362,239,7.242812100219036,21.72768306956642,210.02950483021453
20220415,802,43,778,731,18.09614553863272,86.88559970483571,626.0182547565316
20140122,14,1,577,541,55.19434975825978,44.44610291179729,441.3595473299429
20170109,268,71,62,337,49.52738645065678,39.21761044469392,248.2550031046493
20160302,954,58,257,737,63.60821396375618,106.38631470745514,567.0054713287886
20220428,570,29,76,203,28.242593847069035,11.138773894238392,163.61863225869257
20240326,936,23,235,394,49.95653056183447,30.253031678826336,313.79043775933917
20190610,372,3,531,486,60.003973623126775,56.783922816885955,369.21210355998727
20210818,254,9,889,368,38.9207300303477,31.55604873740001,297.5232212322523
20220511,163,56,38,712,23.388416597626524,89.76526034797627,598.8463230543972
20150104,208,51,515,608,23.017632399560647,46.15922605860963,538.8231415418297
20170322,493,22,289,815,54.20724116909551,48.832632469084295,711.9601263618201
20240319,154,57,791,165,5.093514128729996,9.319617449022761,150.58686842224725
20170611,788,74,482,673,96.7034370845723,74.85539687323183,501.44116604219585
20170314,405,24,365,107,8.567082027077499,8.547427106478647,89.88549086644386
20161211,768,78,187,305,22.14897092086605,44.397817111640265,238.4532119674937
20220718,944,28,183,337,44.649713679439,25.539961963550766,266.81032435701024
20200330,695,53,918,140,16.949231998091154,8.103338533479313,114.94742946842953
20150220,468,43,217,695,30.09328479577558,85.93038054969006,578.9763346545344
20160426,781,71,867,106,7.916665334869268,12.405338104062873,85.67799656106786
20160513,322,72,282,806,93.03838394622127,54.900863128439305,658.0607529253394
20150303,25,73,322,385,10.180088353823713,43.47104730410786,331.3488643420684
20170118,726,87,40,452,17.292195427168675,44.73303964423458,389.97476492859676
20211001,616,6,22,686,58.698892800946055,89.83816644763351,537.4629407514204
20150223,409,27,271,724,106.26601813208798,43.99560814306235,573.7383737248497
20140714,372,84,589,402,59.42632966747267,36.92189433235721,305.6517760001701
20160809,67,52,236,739,63.266670050469905,74.71407786799902,601.019252081531
20161208,350,31,595,355,15.085302909668304,37.011783849947676,302.902913240384
20201030,550,91,833,606,74.57576603993327,74.11747384129848,457.30676011876824
20141206,455,12,641,853,121.3202641128143,42.72707907978353,688.9526568074021
20180502,861,97,175,694,24.07854994660254,85.48581330399102,584.4356367494064
20160622,839,56,153,826,98.47411229402283,88.39137976316309,639.134507942814
20140911,860,63,448,359,40.47134517890106,49.0898955208753,269.43875930022364
20140418,158,27,623,512,60.25980376751126,57.52360371400627,394.21659251848246
20150623,300,99,466,425,54.31441609220248,31.403469674225928,339.2821142335716
20151031,573,12,760,139,7.091841118136893,18.28318723462005,113.62497164724306
20200912,574,64,954,941,27.239541625385463,130.45240355689916,783.3080548177154
20210518,936,82,929,845,43.13298756998899,93.04052103157359,708.8264913984374
20231230,889,30,383,279,12.849651141902964,29.161265796624807,236.98908306147223
20200708,771,97,661,816,21.303418896952635,104.83316544959598,689.8634156534514
20210112,771,8,432,467,34.81468265931049,39.54762104178851,392.637696298901
20140712,133,11,42,126,15.45551500976778,9.20021346398257,101.34427152624966
20231015,20,53,693,402,23.60425134131507,26.567798073690245,351.8279505849947
20180714,472,82,181,145,11.526636414829937,11.463624171266611,122.00973941390345
20150621,788,70,687,666,40.428940506085084,76.24933502110932,549.3217244728056
20140829,399,9,745,740,71.97220385459404,94.54864246225937,573.4791536831466
20170408,248,73,288,234,28.536650531949736,15.867775179487456,189.5955742885628
20201013,912,92,634,449,33.665090061270334,59.51505292627475,355.8198570124549
20220117,476,57,997,361,43.483092122959974,25.898742892481206,291.6181649845588
20230525,352,26,586,820,119.29146537234779,113.13603994801171,587.5724946796405
20210503,908,29,721,934,77.5034024023736,134.52207209703843,721.974525500588
20240307,818,3,18,945,41.206130435600784,51.48480750366435,852.3090620607348
20150403,422,82,505,726,71.75313879317342,64.87029894107421,589.3765622657523
20240406,305,88,542,844,78.02308092218792,74.0148756998483,691.9620433779637
20231117,20,72,733,543,35.7495488865322,42.13464836590225,465.11580274756557
20200518,83,63,304,134,3.3438527681446235,17.366074835749767,113.29007239610561
20220513,909,17,574,647,77.60665666259676,63.1783688027459,506.21497453465736
20220606,783,47,241,776,67.92639431117777,43.99228994049586,664.0813157483263
20221102,965,5,641,706,101.79651766363558,82.35394992423606,521.8495324121284
20190528,152,30,761,135,5.826106128056176,8.269090087129744,120.90480378481408
20231207,202,66,720,784,82.76282979732608,66.39596297008514,634.8412072325888
20150817,407,48,100,573,48.001602495230664,78.11249945939052,446.8858980453788
20150127,983,50,640,964,95.09449300623822,84.69248166971592,784.2130253240459
20200710,990,91,842,531,77.76929515570058,61.87273758172336,391.35796726257604
20211101,363,11,67,491,54.09431501474549,26.945115967633445,409.9605690176211
20150604,475,60,301,324,30.740875219962554,44.87593413228652,248.38319064775092
20180822,561,60,110,502,69.28301894704265,38.85057478335082,393.8664062696065
20240420,532,48,695,159,5.739453021322745,8.89615418149512,144.36439279718212
20200624,514,53,102,532,28.601788139189313,64.70708541483253,438.69112644597817
20211107,937,99,195,252,13.624384850904866,15.466175698620384,222.90943945047474
20160615,145,85,643,449,23.02114608908324,45.254446096216434,380.7244078147003
20140713,233,33,643,854,96.0108595752174,112.36490961484705,645.6242308099356
20180430,184,55,130,484,21.785034451125192,59.925558372708934,402.28940717616587
20240312,784,11,955,666,34.70999641936834,48.04127654798095,583.2487270326508
20230321,994,95,701,362,10.140259503756354,51.087459861699344,300.7722806345443
20240705,122,74,489,854,125.54380556378779,81.58411056544813,646.8720838707641
20140204,992,57,278,446,13.052865947201612,63.29112820086,369.6560058519384
20220119,449,68,464,974,131.0793471287073,57.03559808821172,785.8850547830809
20240109,438,30,737,527,33.451187704912456,59.65490794908284,433.8939043460047
20201009,901,43,29,102,6.250102327488155,14.373617324829828,81.37628034768201
20170301,939,92,612,328,44.766023188655865,40.893552645818,242.34042416552614
20211031,622,55,831,461,12.321275396890952,40.09087147633077,408.58785312677827
20140604,430,89,642,840,109.46061426871304,57.277798257461875,673.2615874738251
20170204,354,20,652,952,44.92303739144197,51.002901034083926,856.0740615744741
20150602,524,89,556,545,75.9355589305031,43.18224457849608,425.8821964910008
20150528,425,41,339,169,14.664722606073992,25.058957815987096,129.27631957793892
20170307,43,38,936,935,101.73590942365443,94.86287781878558,738.40121275756
20150103,907,82,772,467,39.8105697290979,58.18634362515324,369.00308664574885
20181229,1000,80,517,778,76.85240303795649,87.8515544604931,613.2960425015503
20240308,374,64,614,625,25.483833574727687,37.76163638361183,561.7545300416605
20211125,1,51,942,762,106.28623547293822,68.7917834046258,586.9219811224359
20220808,462,40,610,665,90.52138429485684,98.32175179452591,476.15686391061723
20190122,578,51,795,715,48.02066821380592,44.7438801872683,622.2354515989258
20200514,60,56,511,497,60.98996149525062,63.93585553613029,372.0741829686191
20230314,81,18,649,826,19.550124259333256,89.58458751519929,716.8652882254675
20190622,48,73,825,419,21.198194520493956,21.88620131703073,375.91560416247535
20240523,789,40,910,895,60.69198286866285,92.60631342707788,741.7017037042592
20191007,62,77,664,615,60.91047581399794,75.2363597069648,478.8531644790372
20181130,684,66,683,452,62.355239980176115,62.483359373106396,327.1614006467175
20230513,557,93,395,613,28.984045794378183,87.11960132077027,496.8963528848516
20220709,81,51,851,416,41.66213099327808,28.448719189151767,345.8891498175701
20140830,542,15,563,219,15.72562632022267,29.519103338249195,173.75527034152813
20230816,146,19,57,779,66.35489542192674,98.48269129698457,614.1624132810887
20240201,827,74,892,388,36.87988470608553,43.5763770499103,307.5437382440042
20140907,391,85,889,1000,146.18763115459936,101.3955785267348,752.4167903186658
20230429,230,31,790,255,10.446647871875836,25.604773391599775,218.94857873652438
20240726,836,17,605,593,59.898787308785344,58.80339374044955,474.2978189507651
20170323,805,41,255,738,88.1250097363912,54.54827878475578,595.326711478853
20210123,618,79,710,294,36.92898073493513,37.473240680323315,219.59777858474155
20200907,54,84,754,692,30.09256692190495,94.87155383544872,567.0358792426464
20170718,273,86,337,387,48.08816953824448,49.96789125753839,288.94393920421714
20220529,134,42,598,380,25.89025843061284,40.70917828258727,313.40056328679987
20141214,845,71,103,285,38.08652087010783,26.46708827924351,220.44639085064864
20190516,894,89,602,289,5.990044438820144,26.301854638645306,256.7081009225345
20230814,138,57,252,451,49.714551517262315,51.95639445315996,349.3290540295777
20220613,573,58,852,675,49.140561711898236,77.46061714093199,548.3988211471698
20140620,393,61,508,933,48.5783358480631,75.03329649521223,809.3883676567247
20151124,737,14,666,181,17.267928423746163,11.899733110106812,151.83233846614704
20140914,510,27,461,194,4.21142912782394,18.821127939838004,170.96744293233806
20190813,148,54,520,526,35.020776773727135,59.96900664784941,431.01021657842347
20140705,368,17,340,855,53.24054744379566,65.97127479474757,735.7881777614567
20150601,410,11,972,293,40.994981248365136,28.31474581764277,223.6902729339921
20230215,403,77,633,198,20.883615144909875,16.912147332045574,160.20423752304455
20231003,13,24,612,718,93.58256188141019,88.5969480435089,535.8204900750809
20150130,528,22,981,982,36.1486252223925,120.29776424469979,825.5536105329077
20220511,519,24,59,201,6.628630401504269,23.20095757083556,171.17041202766018
20180523,145,25,355,609,43.633901460572474,58.63840775988175,506.7276907795458
20150304,310,55,973,787,111.28552937589855,93.92835833024967,581.7861122938518
20140408,976,98,860,193,19.393500180267477,24.50265408238975,149.10384573734277
20160927,143,24,926,210,30.149303642372267,17.22023534957643,162.6304610080513
20150905,563,53,201,782,40.721890159059036,85.95920635061759,655.3189034903234
20230906,61,16,713,282,28.795709068517663,20.68230457888019,232.52198635260214
20150404,231,49,753,251,9.904480147685017,18.14543565166742,222.95008420064755
20140909,461,50,770,976,43.919448700859185,98.5542025669103,833.5263487322305
20230706,512,72,582,235,31.73036031900427,13.250998513057578,190.01864116793814
20151119,235,88,585,454,22.33508141076632,23.546680872245915,408.1182377169878
20231105,739,46,199,524,19.729200120272335,54.09875185152485,450.1720480282028
20210304,956,48,119,849,86.22141288819896,119.81964010053218,642.9589470112688
20210609,966,90,236,500,54.593575717632284,57.417585092318625,387.9888391900491
20191027,724,46,303,866,30.972874158350223,72.18139449872069,762.8457313429291
20201017,602,30,769,109,13.619629239612573,9.721087516422694,85.65928324396474
20140513,463,16,740,434,17.093376781761954,24.75655762599432,392.1500655922437
20210322,984,7,252,509,12.111931036230686,63.60773040308203,433.28033856068726
20150322,592,20,527,359,7.93275829733316,48.49328803735685,302.57395366531
20210104,232,65,317,178,3.9533477388123632,18.471023864179422,155.57562839700822
20180125,49,39,140,991,65.4547813941498,133.9667563652446,791.5784622406056
20211021,139,87,214,398,49.05137167429383,34.001646290649795,314.9469820350564
20140430,685,22,962,515,37.191111832146774,27.63755936877892,450.17132879907433
20190809,131,18,662,958,51.57180917444778,66.4829307982975,839.9452600272547
20230128,407,14,141,929,22.524430039896455,108.97527394737631,797.5002960127272
20180504,807,27,187,338,27.05941923176002,42.03322299065027,268.9073577775897
20140614,823,2,187,131,14.40275378564451,6.994073449992178,109.60317276436331
20180307,373,96,702,425,53.48103015641734,59.406107861886504,312.11286198169614
20170618,615,47,632,557,25.34329910577383,49.277964234450735,482.3787366597754
20150317,654,68,478,991,80.07029442342471,75.31888470567087,835.6108208709045
20181123,909,73,309,257,17.532135367256583,26.705517800581113,212.7623468321623
20140111,249,97,393,818,16.975477697982793,102.67382880084182,698.3506935011753
20150717,778,21,647,461,39.434281674915425,23.94052109378219,397.62519723130237
20160307,700,16,466,739,22.106903126743852,93.39606541271417,623.497031460542
20190928,595,70,938,524,44.79184158384227,46.209097146788956,432.9990612693688
20150903,42,60,875,333,26.79764197975298,17.429117619869313,288.7732404003777
20230603,383,24,919,126,4.380945390818321,6.990096805285243,114.62895780389644
20231109,965,92,267,845,18.130393410205542,81.57661624806481,745.2929903417296
20190429,771,73,573,506,14.568233398521734,55.98371255293585,435.4480540485424
20230509,322,48,477,323,15.97503683054841,19.064099471372757,287.9608636980788
20170515,903,19,157,723,90.01439021814407,56.06332055590601,576.92228922595
20210716,141,92,180,283,26.78699867388452,31.898727432723813,224.31427389339166
20220323,121,18,762,822,70.34381446075334,96.96217793971473,654.6940075995319
20220716,393,21,730,171,19.566741271666352,22.98788887943471,128.44536984889893
20140531,983,25,548,409,17.626418695700778,42.9175472315525,348.4560340727467
20150126,610,88,128,596,45.315072801713086,44.45519984842569,506.2297273498612
20190418,894,71,713,895,105.43795224722007,129.5391134447832,660.0229343079967
20220625,68,98,643,750,81.21840671987997,105.84585828349182,562.9357349966282
20230510,633,56,637,419,41.13714733195408,42.617327264474866,335.24552540357104
20200531,391,40,383,654,85.34390160162674,48.85051265697708,519.8055857413962
20181105,727,11,93,124,16.34433707901742,17.515001183419308,90.14066173756328
20170421,141,31,581,457,20.95876023978297,41.19635564107007,394.84488411914697
20201124,550,80,517,141,5.966426741496091,16.899414240867603,118.1341590176363
20211222,266,63,194,501,60.16232003995737,58.47189184938768,382.36578811065493
20240313,60,8,204,198,8.8317315528744,12.221069205265918,176.9471992418597
20161024,326,33,869,678,52.91575696951621,41.435478001570324,583.6487650289134
20180514,18,51,507,811,82.12147117588447,101.31106047097848,627.5674683531371
20200723,140,24,616,386,53.74346289243864,52.848735002190196,279.40780210537116
20140426,831,19,615,903,106.09564182310407,104.53955152415354,692.3648066527423
20140221,30,4,835,849,105.33899470189199,48.25223519935088,695.4087700987571
20170429,649,100,4,751,46.080170415131285,91.7058509681491,613.2139786167196
20150815,349,30,169,739,62.42833360212951,107.03705592547115,569.5346104723993
20181204,667,98,729,723,54.1202303202647,93.16521172674511,575.7145579529902
20200623,334,41,266,238,13.747604777548508,17.222876476907192,207.0295187455443
20150219,584,35,574,252,6.792480215213393,20.919549854688306,224.2879699300983
20231110,62,53,224,425,13.867754952985276,23.838192285790946,387.2940527612238
20160830,833,55,56,530,57.38843684751446,48.37876512320257,424.232798029283
20170921,669,10,746,361,12.453475089020756,47.259897185958295,301.28662772502094
20231111,740,2,698,472,57.7036627976181,36.76387409989888,377.532463102483
20191217,657,90,993,421,57.38428332143388,56.79903997062455,306.8166767079416
20180818,27,62,389,749,55.284773422116245,109.19536789939787,584.5198586784859
20180420,595,36,666,625,56.200816431434895,78.25957992481224,490.53960364375286
20231024,829,91,114,311,44.59372247679763,29.137719296971433,237.26855822623094
20190802,413,49,13,664,50.306635810013674,88.91174303324493,524.7816211567414
20161222,932,21,51,658,26.17815543997724,48.88064126523813,582.9412032947846
20181014,807,90,53,835,88.57480977370584,114.68105222264178,631.7441380036523
20211018,317,22,649,518,44.94888650184517,70.30813270298378,402.74298079517104
20190515,109,23,817,400,12.770596954410918,32.547699783312915,354.6817032622762
20240703,382,79,592,851,120.54815377972986,68.78579464833913,661.666051571931
20231222,137,28,961,404,15.341073431954127,37.84728475286452,350.81164181518136
20190526,403,51,466,254,17.21547465208631,14.69379117591145,222.09073417200224
20170905,356,3,639,863,37.43841493529009,85.12131077110577,740.4402742936041
20160115,112,80,440,986,132.45561695214465,116.87900726109292,736.6653757867624
20180921,309,70,132,471,31.261701737297162,27.57329494289934,412.1650033198035
20240210,693,43,51,811,92.0760233392078,60.963699968068,657.9602766927242
20161111,825,11,46,702,23.453786768145452,71.67334823821189,606.8728649936427
20220605,173,10,480,934,92.86622043955347,114.25756106894663,726.8762184914999
20161014,431,67,249,390,42.41812737506511,33.74526444472123,313.83660818021366
20150303,523,3,56,209,4.191198488621263,25.562194256161966,179.24660725521676
20170627,449,100,742,644,31.380977743284497,42.35157427809654,570.267447978619
20140705,40,68,248,245,29.76238463400583,20.125047276197996,195.11256808979618
20160515,100,20,400,928,33.69475458689116,90.02256049688351,804.2826849162253
20240704,779,14,378,967,126.71604105592965,90.47901303104015,749.8049459130302
20140228,882,96,553,782,78.61217258439349,76.74251281139678,626.6453146042097
20160110,44,9,503,647,85.864446010193,79.78851168302755,481.34704230677943
20240628,423,75,685,379,39.744433742059,55.46872171846794,283.78684453947307
20220911,515,19,699,138,8.619093014829026,17.61180276669882,111.76910421847215
20200617,615,16,463,194,5.74317562731939,16.47724946868717,171.77957490399345
20150424,971,62,770,487,67.66146315001578,40.29322253983246,379.04531431015175
20160218,353,72,476,981,75.17376000400786,85.0459679826678,820.7802720133243
20231029,162,73,700,340,20.237608032545737,44.75485453027313,275.0075374371811
20160614,263,78,46,712,51.604323846110034,56.52974496326601,603.865931190624
20220126,859,22,812,432,32.29521830117898,38.4137465370708,361.2910351617502
20180420,566,21,889,910,125.90603698694586,92.97167825342844,691.1222847596257
20181220,314,80,172,396,51.433430298241134,33.337841599312476,311.2287281024464
20230125,447,82,827,813,61.213987647876536,52.56862197289012,699.2173903792334
20160122,428,96,923,765,19.16473424554637,105.67616219820765,640.159103556246
20141201,406,3,805,595,32.99481353319135,50.37058304904924,511.6346034177594
20170621,685,86,638,639,83.16053513992586,81.17331202277869,474.66615283729544
20220326,832,97,334,254,26.679823637824306,33.581705921666654,193.73847044050905
20140923,710,30,677,816,65.74446150702559,103.66909039279034,646.586448100184
20150416,571,3,823,223,10.433128040381092,30.825063355429634,181.74180860418926
20140315,854,70,679,361,27.39888863616374,18.585708732209213,315.01540263162707
20160405,831,88,519,762,98.08107633490903,79.60543172446074,584.3134919406302
20220804,531,99,190,105,10.608765149805466,8.141567050041074,86.24966780015346
20150809,187,98,938,144,3.1195886216516797,7.319779274837959,133.56063210351036
20190521,913,58,710,141,7.158695630246821,14.138712942720105,119.70259142703307
20230607,817,9,764,598,81.21452239683103,84.04701993763874,432.73845766553023
20140321,365,93,921,666,73.77495663566748,35.9252377745676,556.2998055897649
20170205,968,72,161,760,66.12687721844937,62.161915750613346,631.7112070309373
20180731,195,14,584,754,75.17629263156282,107.01654524128551,571.8071621271517
20151203,165,54,702,756,66.94454514937651,47.75172068261602,641.3037341680075
20200329,717,21,101,751,59.618851557204444,91.41194478339075,599.9692036594048
20190715,996,29,504,366,19.25709095892667,20.35348390145238,326.3894251396209
20141012,19,12,940,656,65.91835552080954,48.25132821567237,541.8303162635181
20150104,333,2,866,317,19.84490144421533,28.22293482999274,268.93216372579195
20150321,669,23,339,746,33.49388916744196,107.0043204793139,605.5017903532441
20140404,705,71,984,759,19.211463481211776,60.70860250809993,679.0799340106882
20140212,400,22,305,246,24.835242488421017,30.521936425273505,190.64282108630547
20200101,285,69,712,697,60.50775792532074,57.809650903445316,578.682591171234
20200116,943,43,880,193,17.658940400314975,15.369385788055427,159.9716738116296
20160211,97,45,962,192,18.37986193496623,13.858503228427466,159.7616348366063
20180225,617,8,981,802,70.0256519062086,64.28566790045566,667.6886801933358
20200406,997,41,750,299,40.136622173169634,27.21512199578741,231.64825583104295
20171112,116,90,213,877,52.13665364674048,88.72982226427438,736.1335240889852
20190124,212,91,30,384,9.880259324569558,53.5899125075962,320.52982816783424
20161024,716,48,312,918,110.73072399319896,74.55039172362044,732.7188842831806
20180427,881,84,468,958,59.32265491470467,132.77853773867923,765.8988073466161
20180519,582,12,267,895,83.08499267118209,99.13022116390822,712.7847861649097
20141104,79,55,507,895,68.40185814940946,46.63270362962201,779.9654382209685
20180518,109,96,739,697,94.34736828998888,91.19364461398636,511.45898709602477
20180223,675,23,274,972,68.99434446575556,67.78841227740824,835.2172432568361
20210513,211,13,17,575,39.73980524630997,49.108887930691544,486.1513068229985
20210221,871,3,78,354,34.834043248113005,36.02453860987436,283.14141814201264
20190202,973,29,935,837,112.66801436024068,120.62785272552729,603.7041329142321
20240205,796,68,682,479,42.74670474020944,62.574102551233416,373.67919270855714
20200604,671,81,290,276,15.271249313447468,23.53192135489519,237.19682933165734
20161122,379,94,232,217,24.387806429918026,14.926213643897922,177.68597992618405
20220618,882,52,928,563,79.44708876060314,43.34007830819473,440.2128329312021
20190724,362,40,649,797,29.38547458190495,95.07426480908082,672.5402606090142
20161102,433,61,876,738,101.17281366235623,81.63106934026888,555.1961169973749
20230101,731,52,567,375,7.965163043627146,46.311376731101404,320.7234602252714
20170817,66,8,589,536,70.61970056609724,73.59761899988978,391.782680434013
20200425,894,29,235,391,56.73356558501773,33.22195846722237,301.0444759477599
20140502,495,64,314,679,94.37644147371401,46.16407059666072,538.4594879296253
20170729,608,4,588,461,36.32610360655445,41.52119246832832,383.15270392511724
20171016,517,50,356,172,9.87940416719654,10.477627329865303,151.64296850293815
20230416,702,88,346,191,22.650537101997816,25.320870847822647,143.02859205017955
20221116,94,18,262,259,8.756637654916632,37.50921345374858,212.7341488913348
20141228,505,30,797,876,67.52767113268325,103.24928060275818,705.2230482645585
20191215,286,55,576,195,4.395196690369509,27.485714336808,163.11908897282248
20161117,889,65,758,279,32.9680515612383,22.082944484976966,223.94900395378474
20200424,845,87,287,600,13.692859761480815,37.36105079575537,548.9460894427639
20160727,870,34,165,971,94.81689701624174,107.4302485578886,768.7528544258696
20231109,304,40,227,249,14.591957382764944,17.722674196470404,216.68536842076466
20201129,272,69,23,445,64.25554509502416,54.334343065097755,326.4101118398781
20240531,876,14,387,447,51.843691030586825,29.217510145410127,365.938798824003
20240530,272,45,240,671,41.51151236201132,58.75814316027164,570.730344477717
20170313,257,65,809,866,31.723909978351024,89.16949765904015,745.1065923626088
20171117,350,88,262,169,5.1976754389436275,11.404732380652751,152.39759218040362
20180904,22,14,626,353,38.28946776038582,47.85781449399877,266.85271774561545
20240322,271,45,684,548,40.286578928371014,60.01332705824469,447.7000940133843
20200205,459,73,918,205,14.46780805661485,17.31981194656792,173.21237999681722
20180319,790,4,65,596,46.53562236307054,66.76088631320889,482.7034913237206
20170211,209,10,224,916,113.63651934446659,93.46951375953805,708.8939668959954
20240719,461,72,223,428,36.8872258998929,54.42957518674165,336.68319891336546
20230603,640,36,749,587,45.498064547600535,52.584247376442775,488.9176880759567
20190405,620,73,954,663,57.266458884570014,78.47647073775481,527.2570703776752
20150807,402,45,11,795,76.65564859934618,116.84235698155084,601.501994419103
20180808,160,90,370,748,97.53784953018432,41.978813514866,608.4833369549497
20140713,309,55,690,615,48.19976717389845,51.50952411190561,515.290708714196
20180725,331,84,252,303,40.06920014979633,34.28725142792636,228.64354842227732
20220117,150,79,846,740,69.96983937483951,91.24614068089205,578.7840199442685
20170130,623,29,325,363,8.494406353779137,19.40678440742962,335.09880923879126
20221208,611,97,817,703,56.45993122664485,42.763297965544666,603.7767708078105
20150415,128,96,851,979,55.36402886235411,83.03424197658425,840.6017291610616
20161027,801,49,280,997,107.88292980410324,50.552009881883194,838.5650603140136
20230830,287,62,403,137,17.815929032463732,8.309690456145553,110.87438051139071
20220308,399,42,912,852,87.6751083097229,59.975737715617406,704.3491539746597
20230405,999,8,722,227,33.833665734115144,20.734268484608773,172.4320657812761
20171213,598,56,752,666,14.95372690128981,40.44356580758737,610.6027072911228
20240214,465,100,17,412,47.83312704076753,56.865559444982665,307.30131351424984
20200917,843,79,764,340,30.659299807259288,26.990307860247118,282.3503923324936
20230709,117,68,116,491,54.74936695813719,69.82343048580114,366.4272025560617
20201230,382,74,391,882,97.35381493418168,50.17126691368254,734.4749181521358
20190107,850,59,401,462,23.909274942285435,50.14031370528112,387.95041135243343
20190702,76,98,703,858,71.16567007278205,66.09720476255973,720.7371251646582
20151216,782,64,509,468,52.77557290799432,47.73093860664536,367.49348848536033
20170304,871,34,423,671,72.47725454660637,36.48201446467095,562.0407309887227
20181202,562,54,171,632,83.51001893675736,91.38902000822515,457.1009610550175
20220924,693,81,996,312,9.128223480207604,22.821139082401498,280.0506374373909
20190503,629,71,227,230,15.792379039528756,33.851807010164734,180.35581395030653
20140610,875,9,806,360,34.77424503555061,20.401389415428795,304.8243655490206
20160405,743,27,322,526,14.945453329798005,44.82918058329582,466.22536608690615
20200526,505,66,521,354,18.92836286779843,35.20389378105632,299.86774335114524
20151203,223,50,226,343,31.142118277719266,49.424138319381086,262.43374340289967
20190115,523,94,322,279,22.01295982664321,36.066984853246375,220.9200553201104
20240602,853,72,765,974,37.398436445540895,101.84514416561747,834.7564193888417
20140831,599,57,893,564,73.76701319274954,48.994526725825125,441.23846008142533
20161201,51,88,490,507,45.23941022627376,57.21031817974522,404.55027159398105
20151204,226,27,908,741,80.17844211163579,66.17411020697043,594.6474476813937
20140621,412,98,765,450,41.12848401630121,27.910869872586773,380.96064611111206
20240224,535,89,53,753,31.454093942657973,93.2978353477428,628.2480707095992
20170813,666,68,182,117,12.823642240380245,8.330159861981128,95.84619789763863
20220330,402,6,425,928,75.67509862466113,63.64362319012495,788.681278185214
20140219,309,94,655,666,29.094929453317796,78.08221691803215,558.82285362865
20240609,277,58,816,371,46.1394037463504,47.4463535254576,277.414242728192
20230104,748,90,312,264,29.645160716399996,30.607018683412782,203.74782060018723
20150827,193,25,635,160,22.586401245080037,17.439222126677958,119.974376628242
20180722,343,90,451,536,15.468458838211179,69.54294637932686,450.988594782462
20160814,581,76,47,664,33.30904554309012,53.0469979043369,577.643956552573
20190710,115,74,729,335,28.86647674625151,29.87180817476988,276.2617150789786
20240104,95,37,312,788,106.1012344535202,62.85285965286062,619.0459058936192
20191228,216,43,795,704,28.802397785976783,81.41884564188011,593.7787565721432
20160825,462,72,786,468,56.36423252635248,34.63691013867508,376.99885733497246
20160530,685,60,708,1000,85.94298706420207,78.50246770848699,835.5545452273109
20240403,559,50,451,498,24.58160982417868,48.844177327664106,424.57421284815723
20150209,713,13,659,117,17.104666385526215,8.887003752345025,91.00832986212876
20210404,644,48,395,522,25.67546467276436,76.9644335848526,419.36010174238305
20170825,743,58,653,458,56.528449683472196,53.40490296660155,348.06664734992626
20240526,766,86,274,588,35.74611484620956,44.69158061369812,507.5623045400923
20190617,707,40,818,230,10.802500642182594,18.990780579825298,200.2067187779921
20170312,606,48,640,601,69.3099499920442,79.85931235535261,451.8307376526032
20240128,666,72,199,124,9.278349100852104,11.216035099162895,103.50561579998501
20191225,683,44,655,203,17.755134854535157,24.512825388817475,160.73203975664737
20170804,607,41,230,768,114.58416962165307,41.94789633939887,611.467934038948
20150222,777,5,243,293,40.48770059059631,20.126975513398587,232.3853238960051
20210113,618,28,971,832,95.49349818305575,76.10599005654935,660.4005117603949
20190318,934,46,205,600,21.633991016445528,36.30465375921621,542.0613552243383
20140626,142,51,791,964,144.46290141975015,52.732231705562555,766.8048668746873
20170217,362,82,605,370,9.147352831941499,20.28476997223609,340.5678771958224
20140922,505,5,851,198,28.614674628554233,15.161006476418384,154.22431889502738
20190112,519,7,297,594,65.81666330421174,40.433374501762295,487.74996219402595
20181013,502,3,55,939,108.2603702125319,118.48087328751966,712.2587564999485
20220928,231,88,402,960,69.3931132062635,84.18025120015056,806.426635593586
20151111,707,58,818,975,124.28941133479537,145.39551303243306,705.3150756327716
20150908,9,77,689,640,34.819185789404436,55.929029249468236,549.2517849611273
20161215,77,51,813,336,27.907597144967074,35.050414040176285,273.0419888148566
20180405,339,41,139,383,46.03331864651426,39.35728145490021,297.60939989858554
20200625,796,70,256,159,20.79731734526133,17.201365375984086,121.00131727875458
20170422,648,88,67,282,19.044811733384265,42.079502096506765,220.87568617010896
20150408,191,81,906,506,18.710287564003693,45.4878673896196,441.8018450463767
20150502,968,45,897,731,30.275219332295457,83.85206974698431,616.8727109207202
20230723,66,60,349,579,42.639195652528734,40.41994924218605,495.9408551052852
20230729,447,13,849,332,45.62549234472073,38.8900435575337,247.48446409774556
20191118,86,73,314,536,50.13059453336656,49.51904381129764,436.3503616553358
20210517,200,84,351,106,13.714154269404263,11.33614568861534,80.94970004198039
20140828,178,28,648,883,74.07277587762552,91.73677346979359,717.1904506525809
20150805,766,2,580,538,57.87461665122448,27.89201790758683,452.2333654411887
20160618,176,72,339,899,99.84868171850778,50.15012699207942,749.0011912894129
20140606,850,55,222,578,18.743619703829104,77.53463466757833,481.72174562859254
20240707,484,18,840,706,70.77775319133943,36.03460421422912,599.1876425944315
20181010,301,73,532,307,9.571221768264323,36.46581783136813,260.96296040036754
20220103,615,32,336,516,43.64446930368833,48.61262694664339,423.74290374966824
20170916,844,93,423,978,68.60423472243754,145.8097610749375,763.586004202625
20161026,256,61,790,169,23.31828138975367,16.076894001615823,129.6048246086305
20160127,477,33,728,821,27.7028764882768,90.72964154585854,702.5674819658647
20200503,426,30,236,960,112.46259734856606,84.73961799067929,762.7977846607546
20210112,571,7,187,447,34.693174549086486,29.795094011194063,382.5117314397195
20160811,913,27,659,932,27.356032426591078,49.52321877571097,855.120748797698
20140302,56,15,776,283,35.06339018990004,37.06812307072508,210.86848673937487
20161013,390,91,967,444,24.710978152886717,57.36019946998068,361.92882237713263
20230304,768,97,355,235,33.9114918573016,15.23521759128478,185.85329055141364
20210417,823,41,303,152,7.4526237734624114,20.990572847874258,123.55680337866333
20170503,947,71,841,349,23.527233391693606,36.46731888761483,289.00544772069156
20161103,366,81,78,600,14.338900869789864,84.6895666341907,500.97153249601945
20171214,849,77,391,555,59.22256202992611,66.31302087663875,429.46441709343515
20160912,289,28,696,940,89.78146536367092,94.76053369739726,755.4580009389318
20210722,573,44,658,792,46.96143999811936,81.51643256802818,663.5221274338525
20160603,808,69,750,355,40.553752058960804,43.51083193943056,270.93541600160864
20240428,477,47,806,593,61.16523178678541,46.823879175141954,485.0108890380726
20180905,739,12,555,774,35.388630966289355,94.35792213969034,644.2534468940203
20180610,12,70,196,912,122.98215659476503,69.92504444023245,719.0927989650025
20230329,457,3,734,339,32.342311983134366,47.76800391525117,258.8896841016145
20200629,338,46,895,525,56.71731461845139,73.54397489252534,394.7387104890233
20141014,907,9,432,853,23.93090503329961,68.18155324835402,760.8875417183464
20170408,954,38,321,431,26.688251013391575,24.45459762757802,379.8571513590304
20220315,223,23,440,288,26.477796839352695,26.240584849651217,235.2816183109961
20210908,366,75,592,285,19.323735928574727,31.12086648766846,234.55539758375681
20220330,253,61,489,616,64.07735520793979,37.703842429201096,514.2188023628592
20200210,242,39,591,621,78.0509080518663,82.69478711954115,460.2543048285926
20230505,532,7,714,452,34.0584454537152,63.0448760999782,354.8966784463066
20210409,90,3,211,625,53.91946332370485,81.08833527737778,489.99220139891736
20190208,893,89,517,891,27.786563969836955,126.775284667249,736.438151362914
20170625,590,82,802,391,12.700809550574773,44.77743907448975,333.5217513749355
20220711,745,26,166,810,28.66590676344629,71.48943582371689,709.8446574128368
20220104,662,42,430,100,9.06553096348976,5.953283378052868,84.98118565845738
20190227,363,50,388,583,58.18737140228008,63.19190672252117,461.62072187519874
20230502,636,53,139,646,91.98672836271281,40.537789416187984,513.4754822210992
20220823,886,9,74,739,20.54852499036768,68.37535309917006,650.0761219104622
20180601,790,77,834,596,81.83830799040427,55.66676091167834,458.4949310979174
20171103,427,79,812,929,99.84151100870926,71.64206403261714,757.5164249586736
20180613,983,47,613,769,18.97682738489177,99.80832535320458,650.2148472619036
20140729,3,10,537,628,34.96690875628204,37.58532827888228,555.4477629648356
20181120,910,18,652,266,34.25862140766356,21.79099224682149,209.95038634551494
20211005,540,43,534,854,62.10653679388409,75.4405246604935,716.4529385456224
20200916,91,4,367,206,27.5790321573268,20.82953270252242,157.5914351401508
20190618,809,6,383,189,23.806224493561565,22.941003509344682,142.25277199709376
20230218,128,8,864,773,86.37623360423949,79.03924823008947,607.584518165671
20171113,271,62,581,949,110.68250776305858,77.4151420860424,760.902350150899
20220904,845,11,714,675,55.35128080690828,34.56547031949323,585.0832488735984
20190627,77,57,804,753,33.20270865100963,81.88091664327885,637.9163747057115
20220729,26,90,867,672,89.57933593291331,51.199902345931385,531.2207617211553
20190324,659,20,555,226,18.578191590871377,27.234094758820227,180.1877136503084
20181123,947,15,449,695,81.86970220198468,88.7721560657987,524.3581417322166
20180108,233,72,257,717,42.90826807849532,60.687376069259656,613.4043558522451
20220103,266,99,594,402,17.07987153849954,32.609592113041074,352.3105363484594
20210105,347,58,24,193,13.853114131583244,22.498268248935524,156.64861761948123
20230927,871,40,746,382,41.25141753260853,33.70827961184077,307.0403028555507
20170530,621,71,966,273,8.329189496551377,34.25623825014213,230.4145722533065
20181212,57,37,425,672,13.8648798834624,45.7542543239479,612.3808657925897
20150901,164,92,139,1000,53.67039096127237,89.02236366007776,857.3072453786499
20230120,188,72,520,373,20.469449929985586,31.825684238292908,320.7048658317215
20211109,394,94,485,963,124.14969498061711,112.33336687081972,726.5169381485632
20170215,787,56,204,139,12.09399728436052,19.800433380933324,107.10556933470616
20240620,839,69,534,422,30.550345189384906,23.08615526880569,368.3634995418094
20170318,532,68,67,240,17.592726780204767,19.716290158888054,202.69098306090717
20200725,454,59,618,824,33.10118341222525,66.22940122127132,724.6694153665035
20231217,364,65,243,183,26.712954851785145,25.904176372677863,130.382868775537
20191217,729,15,347,697,67.26434009302069,89.8134237617185,539.9222361452607
20200614,203,91,654,462,33.48551828249241,56.86384586556411,371.6506358519435
20160402,110,52,273,602,41.32974245865853,38.199965499904955,522.4702920414366
20180612,786,93,574,436,21.5307225091805,26.360647056950267,388.1086304338692
20180720,117,6,910,968,125.39520349779129,65.94049179991214,776.6643047022966
20161012,614,79,937,774,115.30130061997568,73.13976863442912,585.5589307455953
20221204,858,46,186,631,57.87826238841633,33.97836032600516,539.1433772855785
20170212,1,4,177,831,62.411865217558145,108.85717764283201,659.7309571396098
20140112,94,48,452,415,49.95803026318648,37.71148961019153,327.330480126622
20141103,450,70,185,776,60.653396165703604,69.42890862507014,645.9176952092263
20200601,320,73,316,479,36.55985718823922,58.048592073633266,384.39155073812753
20190429,992,12,324,719,36.02561379920592,58.7239125723563,624.2504736284378
20210918,855,26,533,855,125.32507977795419,85.53761891735186,644.1373013046939
20140819,387,53,663,465,50.02414844815115,27.194213503235087,387.7816380486138
20200125,893,75,764,199,19.143942171669735,18.628431994929098,161.22762583340116
20210221,651,47,539,744,63.52576558967294,63.24924474532564,617.2249896650014
20150318,225,26,950,944,137.09021665965201,132.38173441874952,674.5280489215985
20240418,345,16,469,732,107.38221782501064,71.4377006936686,553.1800814813207
20220403,336,13,246,539,56.07057539101251,69.46987400911948,413.459550599868
20160329,519,59,716,860,72.43421917446906,108.1572882555295,679.4084925700015
20211017,98,21,436,966,39.49372670350757,90.56513965202517,835.9411336444673
20191002,590,31,786,774,90.8137478270628,100.20201233415649,582.9842398387807
20210101,374,42,652,942,72.44475742566145,117.61116851634054,751.944074057998
20150602,548,90,398,987,24.70945065835717,96.40528289013155,865.8852664515113
20161123,235,65,12,467,59.08712258349287,25.275609557556013,382.63726785895113
20210907,118,2,180,289,30.15737770541885,25.80435792556375,233.03826436901738
20210318,289,33,528,764,44.245584843964195,80.57241758654273,639.1819975694931
20230127,702,4,401,908,117.00027212578,109.19369441782509,681.806033456395
20180307,239,79,536,830,31.923071190684933,60.502857203777204,737.5740716055378
20220313,483,19,562,210,19.34731402583473,28.080087560365985,162.57259841379928
20181121,626,67,299,656,69.56352084595059,96.57250860754058,489.8639705465088
20211108,198,67,189,832,59.88569455952555,55.59773701754613,716.5165684229283
20160519,893,36,383,260,21.206393501697764,24.8319673546603,213.96163914364195
20230202,704,39,890,833,86.14124222794531,70.56602923834417,676.2927285337105
20210523,907,100,214,765,29.630695245285384,112.61687909554429,622.7524256591703
20150313,950,33,330,157,13.313405400821631,18.274808569128293,125.41178603005008
20190121,922,93,351,710,58.33352915354878,94.52735448443988,557.1391163620114
20201205,95,5,518,544,15.702785567983875,79.91340209478035,448.3838123372358
20180310,848,80,820,363,9.87577626379478,29.713460565272683,323.41076317093257
20161123,294,68,355,646,36.13946251867466,34.082684772263796,575.7778527090616
20141118,982,48,853,778,16.628779634754185,94.08261705143487,667.288603313811
20230521,250,28,745,965,122.72415116061055,133.2330070854213,709.0428417539681
20190919,791,59,843,143,3.459034179558173,13.24263868484136,126.29832713560046
20191020,682,42,709,606,14.181536367596442,90.31921639749828,501.4992472349053
20210605,109,57,80,579,38.00611188423712,82.98719512052197,458.0066929952409
20231119,693,74,832,749,19.361756208968263,71.44451183667466,658.1937319543571
20180327,891,24,897,290,25.615720172752134,23.20132789953985,241.18295192770802
20180121,482,52,185,508,62.8892450071876,43.28316419203401,401.8275908007784
20141226,796,88,444,415,29.41385818023288,58.076334077717355,327.50980774204976
20151212,879,26,5,805,26.600871676179224,49.707935145263335,728.6911931785575
20240517,357,45,671,584,49.72800992573254,60.72199529556144,473.54999477870604
20220705,169,96,253,387,24.326945294603274,39.33988190239351,323.3331728030032
20170511,689,39,191,540,60.49483559468534,79.44971177388264,400.055452631432
20160713,364,49,967,217,14.450572142036927,11.097276690805904,191.45215116715718
20200918,117,46,301,541,65.33692647158495,51.78366000158217,423.8794135268329
20210419,744,48,344,464,12.189103801504105,47.680421872073296,404.1304743264226
20221228,681,42,412,628,90.6269782309424,85.27065552691367,452.10236624214394
20240406,573,28,37,857,30.585569950141423,70.81106736477606,755.6033626850825
20140312,555,31,583,566,74.78526192143995,67.28607101525192,423.9286670633081
20231217,349,62,79,353,50.69274871003664,46.72917296011115,255.57807832985222
20240207,201,57,760,448,62.43517853366084,64.99886054494011,320.56596092139904
20201026,754,60,761,213,14.640396670846387,29.756626490261507,168.60297683889212
20191225,648,48,543,874,127.99277696895533,45.27734016769668,700.7298828633479
20180112,784,82,976,162,3.871279208101373,12.194817556852245,145.9339032350464
20180107,827,16,553,336,41.70480403679165,36.28561792355768,258.0095780396507
20231022,901,34,162,969,35.650436400563045,90.11854875490135,843.2310148445356
20231122,550,83,450,537,27.193924061626856,53.592411273830955,456.2136646645422
20180209,894,52,420,895,57.64506521821479,77.17418786732671,760.1807469144585
20230126,323,79,60,562,69.66968405610403,75.43249002666208,416.8978259172339
20210615,566,85,62,260,9.703527328859668,25.16520677883709,225.13126589230325
20181202,795,50,882,531,60.960134726088405,27.151526495527158,442.8883387783844
20170112,154,2,761,395,58.85579248574384,28.365545133001365,307.7786623812548
20220205,744,23,943,884,52.40045147491079,51.400975970902756,780.1985725541865
20221203,736,9,530,372,32.525406766588226,47.812949551980054,291.6616436814317
20240523,527,77,917,115,2.5984122770009135,17.171413367425426,95.23017435557367
20141227,334,95,438,464,14.754841708959434,61.953356902308784,387.29180138873176
20220508,166,68,143,281,11.900018278509435,23.162626509416132,245.93735521207444
20210622,151,15,911,216,29.94628336075134,12.233784737683829,173.81993190156481
20240301,582,84,486,254,29.616700792528935,33.67453059682509,190.70876861064596
20180709,346,27,878,871,42.672201547824564,116.51316347570288,711.8146349764726
20210206,891,86,216,841,109.16467496678698,90.52133237281721,641.3139926603958
20230529,46,13,111,396,48.17674887554096,44.239462254535816,303.58378886992324
20231128,931,66,500,534,24.494221286613794,76.48367640646909,433.02210230691713
20150518,658,72,707,347,21.68529704988148,47.088632229550065,278.2260707205685
20210912,358,49,249,356,28.31293808236891,32.7051888743533,294.9818730432778
20150409,60,77,357,963,98.12594645394653,142.7526901822672,722.1213633637863
20191115,949,9,127,676,21.928065286597107,87.61862144253017,566.4533132708727
20240124,820,74,859,683,88.55865280012318,49.755179783639534,544.6861674162373
20220320,956,13,375,308,42.70189521381246,21.178282445342997,244.11982234084454
20201031,688,66,294,694,72.1114501586147,63.56088892132987,558.3276609200555
20200910,547,94,893,519,13.895265321504652,74.9529693250122,430.15176535348314
20150121,116,73,483,527,27.944356938561135,58.33963705365016,440.7160060077887
20170810,32,92,141,792,62.54784292543751,63.713959160925505,665.738197913637
20190321,245,47,733,325,36.61719968903575,21.51544158783902,266.8673587231252
20231115,108,80,759,144,12.707016731694882,9.132341998474304,122.16064126983082
20150903,488,3,509,787,90.08441823528635,53.805216345204684,643.110365419509
20160824,998,47,152,573,40.13608196506111,48.03420024763515,484.8297177873037
20231012,919,74,709,308,35.51405197653751,19.853327520331945,252.63262050313054
20141014,633,89,212,566,46.4320758032537,46.92564153319349,472.6422826635528
20161111,557,27,258,486,32.33830388223089,60.20907665079479,393.4526194669743
20230509,749,93,323,298,7.007472821007367,43.13998434642956,247.85254283256307
20150831,152,69,886,811,94.42232776355657,103.0515392271193,613.5261330093241
20220131,149,85,752,610,72.96063676669509,66.87492220565977,470.1644410276451
20180702,443,93,195,202,11.641919145971844,29.324384432101365,161.03369642192678
20201114,586,77,313,606,82.6711747749406,33.72678683839735,489.60203838666206
20170719,651,30,955,483,23.749439361141764,43.70766304260299,415.5428975962552
20220313,402,95,709,486,11.613768940335678,51.92425544268974,422.4619756169746
20240406,35,17,878,278,14.228973283513266,29.529172477472937,234.2418542390138
20150109,211,59,972,168,19.96993453375261,18.981787979490353,129.04827748675703
20140703,391,57,446,851,79.3361041087853,73.27056645707452,698.3933294341402
20150208,325,34,645,102,7.423049862313333,13.35837119870848,81.21857893897818
20230205,804,91,941,534,43.11389955375741,68.66589552499512,422.2202049212475
20240609,226,86,638,626,65.46880836769503,71.67136432325047,488.8598273090545
20190304,435,37,467,278,25.89549014836796,32.96480378641839,219.13970606521366
20201109,126,89,805,177,4.538897331837381,16.051055858869354,156.41004680929325
20190104,908,26,613,419,46.42134506128096,37.25802581568063,335.32062912303843
20160421,521,68,140,783,84.83994940389348,46.4238619752683,651.7361886208382
20140717,785,46,682,696,78.95661020829277,98.61688476499951,518.4265050267077
20200823,360,10,720,613,48.16182339862006,34.283263807260404,530.5549127941196
20140701,175,50,710,301,44.00899034231793,18.43008545955655,238.56092419812552
20210206,473,10,303,988,82.9844038876736,66.4099875254385,838.6056085868879
20141208,314,49,599,386,28.049921323194777,27.46193189634623,330.488146780459
20160207,996,69,242,393,16.33580406705049,31.026292855369448,345.63790307758006
20151024,557,33,860,959,139.22803718167083,141.2455004871139,678.5264623312153
20180724,730,76,926,412,33.537135346140865,34.06317564602978,344.39968900782935
20220616,313,17,657,146,16.21255757191848,19.712293534510955,110.07514889357057
20170302,215,48,18,135,6.817299489206373,18.223558511626656,109.95914199916697
20190326,821,56,252,857,102.3503716216041,93.69414247077985,660.9554859076161
20190827,64,67,404,813,72.28300895475645,79.05626971554024,661.6607213297033
20140304,393,76,3,460,48.224940852730846,56.52368806947317,355.25137107779597
20240624,515,62,839,571,67.90477958459819,55.94753023613769,447.14769017926415
20190522,95,79,157,674,22.494248749920484,81.90540455217665,569.6003466979029
20201207,444,39,337,764,27.581392261013924,84.08250655074629,652.3361011882398
20211116,66,6,74,902,95.82696332000744,82.00105251565795,724.1719841643346
20200908,155,21,291,997,41.83835162621052,96.23191241430742,858.9297359594821
20180217,553,25,77,362,52.12127442348298,47.00824817852318,262.87047739799385
20210619,576,33,814,897,36.30123816686474,70.41610413201522,790.28265770112
20240615,63,77,28,935,85.29258140657932,116.26174560940795,733.4456729840127
20170108,272,36,688,701,28.329761802353286,58.88501069116234,613.7852275064844
20190117,522,77,509,357,31.73650305457762,18.11911394398597,307.1443830014364
20200319,770,23,438,844,67.55828467525322,99.13848788232312,677.3032274424237
20230313,179,24,716,644,72.54708163269375,35.617863571137384,535.8350547961688
20240701,483,26,496,270,38.20403351712457,24.194282386345158,207.60168409653028
20200905,683,63,658,737,108.48877396452099,51.44122345039886,577.0700025850801
20180801,417,17,112,940,92.18739246372314,73.4990124198574,774.3135951164195
20151226,948,32,533,954,142.18759312298943,139.19131660934752,672.621090267663
20230317,689,35,348,325,29.490531156264506,40.27947952914199,255.22998931459352
20190903,168,8,179,136,6.062124475378243,9.157845215027042,120.78003030959471
20191111,429,12,932,421,32.02775894264761,56.052392614742615,332.9198484426098
20200128,409,78,140,403,15.96127504564362,56.649901017190125,330.38882393716625
20200707,899,64,344,893,108.0410359975095,58.54448613590232,726.4144778665882
20210329,923,23,457,808,39.52194512507622,68.85351258242233,699.6245422925015
20140109,105,81,445,262,37.10761563791098,22.333389413435782,202.55899494865324
20180413,969,95,90,898,118.58278478388314,55.567427211931076,723.8497880041857
20140306,800,56,623,643,19.82657798552895,77.74378660814939,545.4296354063217
20181003,552,68,672,639,75.39909522500432,58.9396345643413,504.6612702106544
20151205,381,61,337,494,23.725928625774774,60.160552753024064,410.11351862120114
20170422,114,39,506,174,24.08019680089922,25.890878609979495,124.02892458912129
20191011,960,61,192,812,82.60903719838866,101.95827422502364,627.4326885765877
20221122,192,75,159,868,89.24636531378218,101.3749885966863,677.3786460895315
20210307,277,50,236,568,62.54019671518686,82.98640688250713,422.473396402306
20230427,616,14,276,956,27.93925227869901,53.29313517576553,874.7676125455355
20210122,222,68,808,380,29.2613199974811,51.22131597795137,299.51736402456754
20170601,755,92,718,936,19.939253315952246,116.31975925558766,799.7409874284601
20200607,327,65,587,819,103.12073623846214,104.54440708255119,611.3348566789866
20240117,368,35,884,794,42.26674732022719,53.34701483082638,698.3862378489464
20150828,731,6,841,696,65.6017271074919,88.71130946139004,541.6869634311181
20230212,823,75,53,798,74.12967652624151,95.23430034189151,628.636023131867
20160513,251,65,250,691,61.32975734950796,83.74430170117343,545.9259409493186
20220826,771,44,611,504,13.963610028006887,40.9356252516925,449.1007647203006
20221229,76,42,220,634,71.40491375340851,32.54447061748273,530.0506156291087
20171101,690,41,349,364,23.387303442094797,46.10810080779815,294.50459575010706
20201126,102,83,821,203,5.27142794352232,22.57187062085593,175.15670143562176
20200602,159,51,183,204,28.97191532351299,13.867294770290536,161.16078990619647
20230508,654,27,389,247,35.16093099608202,16.42388650858193,195.41518249533604
20170126,21,81,614,999,62.33839958639242,99.23238754250849,837.429212871099
20141209,996,87,255,969,84.2454347557661,139.4397564894034,745.3148087548304
20220511,713,96,670,684,66.97494525633215,68.82843922970795,548.1966155139598
20200817,410,52,483,654,54.348411380820956,92.64112530117994,507.0104633179991
20150802,385,30,511,126,17.806265612531774,10.032793408516898,98.16094097895133
20150715,811,62,315,625,14.802136205698476,34.6276602926737,575.5702035016278
20220302,399,34,185,351,34.04150201366366,18.23990404250797,298.71859394382835
20180706,384,25,901,700,81.01095664750659,58.16921935257135,560.819823999922
20170424,690,7,68,953,102.80124300079743,104.46106783413359,745.737689165069
20140614,421,25,400,815,101.67047354332468,116.28271856444464,597.0468078922306
20181107,186,52,669,537,24.779504550759455,54.2002731599751,458.02022228926546
20200701,727,23,407,171,16.09359787421007,12.515147871800783,142.39125425398913
20201008,960,100,114,110,5.9872815198371265,15.490617762977575,88.5221007171853
20150620,328,11,654,758,110.39378751584857,41.092611738474865,606.5136007456765
20190515,50,80,323,237,31.029129633693252,32.680442985395636,173.29042738091113
20190422,983,57,694,867,44.67169702296606,81.10644485219956,741.2218581248344
20210505,1,74,58,490,67.87443367367268,52.969871654259364,369.15569467206797
20220427,426,7,452,173,6.372081753419337,22.670198758543016,143.95771948803764
20220626,552,74,405,325,38.707578442833864,37.663008194308965,248.62941336285718
20240229,701,46,179,726,81.52784598821677,74.92346566146675,569.5486883503165
20150107,687,34,666,936,31.036976668618884,95.3708910862053,809.5921322451758
20210713,448,23,608,591,33.80929743745127,46.36239143482819,510.82831112772055
20191116,641,41,64,198,21.577992031542934,28.14704949445096,148.2749584740061
20220413,125,21,662,752,93.20475247832609,43.30058653679116,615.4946609848828
20190704,913,45,344,362,31.45556928837231,50.74485779190136,279.7995729197263
20220106,622,26,475,873,57.339262850509996,89.37737546124247,726.2833616882475
20230330,749,9,947,508,28.474280107850316,30.283504719403506,449.24221517274617
20211101,345,18,512,874,129.8802195155497,89.70136556674176,654.4184149177086
20170114,21,78,573,354,24.31832036799812,24.25803768362597,305.4236419483759
20170730,258,56,551,561,41.78011040079797,40.359535598444474,478.8603540007575
20220205,353,94,569,215,20.79294762204432,21.10056786083721,173.10648451711847
20141124,834,2,497,680,82.21172709056958,47.75081636950781,550.0374565399226
20160121,695,96,376,819,122.16942467458271,122.45422119126337,574.3763541341539
20200515,867,33,890,260,12.237084965365305,36.906274826865776,210.85664020776892
20180612,98,2,678,576,59.21783939815002,57.55634924010178,459.2258113617482
20170116,92,35,417,222,24.873893109120836,17.058244405514664,180.06786248536451
20161220,742,35,379,177,20.45964960875583,20.89582348177827,135.6445269094659
20230917,14,100,281,900,126.71147457197011,101.49365293859009,671.7948724894397
20150419,643,68,608,289,26.78117046348293,22.613757884255165,239.6050716522619
20220606,633,79,512,121,8.965265677033887,16.877577941166415,95.1571563817997
20230226,110,74,123,963,74.44461510223984,49.95950843176788,838.5958764659923
20200212,550,36,807,137,5.661419159219804,14.677302813124296,116.6612780276559
20160712,400,85,335,420,27.625737495018576,38.04942054632748,354.3248419586539
20150618,445,78,50,644,83.31885823946983,63.42461216391503,497.2565295966151
20220926,806,45,633,374,23.303534392086174,40.71551688048868,309.98094872742513
20170224,781,77,383,330,26.55954683381307,43.772206352547556,259.66824681363937
20230415,205,6,785,111,6.177968119519311,7.245197714337523,97.57683416614317
20230907,907,43,432,750,111.85045567891117,73.64393960273574,564.5056047183531
20140328,169,37,679,598,47.26380482871493,52.842051362768586,497.89414380851645
20161017,761,43,153,383,51.99125460597753,48.79500310024416,282.2137422937783
20141021,580,16,803,582,48.22178879605417,33.19933147682208,500.57887972712376
20191115,221,77,460,596,25.272877850731426,61.85161147321909,508.8755106760495
20191008,834,85,881,585,14.419677774601983,35.5163738879286,535.0639483374694
20191121,754,32,475,277,35.630201472332985,34.56740689488485,206.80239163278216
20210307,1000,7,483,899,68.34901012799425,73.38473700037878,757.266252871627
20220816,723,19,803,197,25.268434193534347,25.350005885194545,146.3815599212711
20220121,564,26,152,175,20.706721902873735,25.379051441367338,128.9142266557589
20150209,471,58,131,863,123.84102422409775,80.37270697302914,658.7862688028731
20220824,597,28,465,859,69.01466871560888,90.16878999576826,699.8165412886228
20140106,292,84,246,708,27.08680801505349,47.16071223644506,633.7524797485014
20210604,35,63,672,185,18.46398714959681,10.61078316523898,155.9252296851642
20240227,894,27,192,308,21.60993494057683,29.754227787283412,256.6358372721397
20141222,152,41,466,629,88.24703884770048,91.35034551027097,449.40261564202854
20161220,819,44,621,403,57.13080041827012,26.787114443179238,319.0820851385506
20231028,728,43,654,315,8.652541500708079,16.55869350856917,289.78876499072277
20200312,729,73,130,612,15.705404532699761,64.7646094454737,531.5299860218265
20230916,915,7,674,716,29.325565052598797,105.78318616766384,580.8912487797373
20161126,237,13,800,907,135.89363257654443,80.52401523177677,690.5823521916789
20210225,287,83,830,544,43.77956035321685,68.09489042115742,432.1255492256257
20211117,884,84,637,763,42.02359759613684,76.81226440828614,644.164137995577
20141006,486,4,840,460,25.72313364004559,43.88703356300287,390.3898327969515
20180721,480,77,606,118,16.13187899550645,12.156876240388657,89.71124476410489
20240622,537,71,611,260,38.20479536682228,14.247671261550416,207.5475333716273
20230824,190,66,733,224,13.197776143629506,30.826088222184218,179.97613563418628
20191212,803,26,218,201,27.604808140305902,14.367009027888281,159.02818283180582
20150616,245,85,145,498,51.423513073697976,55.75799494657021,390.8184919797318
20190722,369,17,806,374,21.218512427487862,22.509129754422904,330.27235781808923
20140403,202,97,765,149,10.304591781104266,17.42547489606414,121.26993332283159
20181220,18,78,344,856,35.572989685381906,98.48783862708673,721.9391716875314
20140225,780,34,917,612,40.05876526064574,80.92319550626715,491.0180392330871
20160416,917,89,685,443,15.604827210898842,63.09017339724958,364.3049993918516
20160313,766,1,646,599,45.15127860196477,73.91988550048181,479.9288358975534
20141115,155,71,496,849,50.23860963978255,102.42126348401378,696.3401268762036
20170519,101,46,672,405,27.782880053103558,35.50446867761627,341.7126512692802
20201129,12,60,696,597,54.69226176819901,79.91451834019858,462.39321989160237
20191103,295,71,724,796,109.17487457922653,76.91644514590847,609.908680274865
20190424,404,36,32,969,24.97629871308773,88.39302331551667,855.6306779713956
20150303,997,15,106,752,63.72744581498425,57.65899277000279,630.613561415013
20151121,416,97,949,190,21.237384444977845,10.337206679061234,158.42540887596093
20210113,281,32,346,795,55.58748945343712,64.71602887272162,674.6964816738413
20170111,210,49,305,963,138.28905990464074,83.03412946972821,741.6768106256311
20240219,190,16,906,499,19.835631946002213,27.865576685936237,451.29879136806153
20141121,165,42,973,331,20.182347323588054,16.73567423259439,294.08197844381755
20150611,175,97,762,660,20.88932003428163,78.24535299984443,560.8653269658739
20140125,624,67,778,178,7.468183158946642,9.237910542813129,161.29390629824024
20170821,265,85,932,831,61.82553054141363,122.88447596617614,646.2899934924103
20180616,836,71,899,733,107.39529909703829,59.9340819912424,565.6706189117193
20160320,227,100,308,185,20.374476736565388,21.205733002602067,143.41979026083254
20161019,743,49,643,455,47.36218859644852,25.001879018898627,382.63593238465285
20190414,190,56,826,348,13.901181589021789,21.368587435942022,312.7302309750362
20210712,936,80,609,631,45.33459423931306,89.69774781201652,495.9676579486704
20160807,94,71,661,577,61.19010300680385,29.802491894060505,486.00740509913567
20190604,881,59,77,378,14.471587503298005,40.641791616546904,322.8866208801551
20240220,522,84,644,742,111.02449316439579,106.64300963477616,524.332497200828
20151205,437,59,249,814,24.85411763063143,96.97523582377816,692.1706465455904
20160313,435,32,195,834,51.862347730919296,62.12913210614222,720.0085201629385
20180731,76,79,598,377,51.6618948851532,28.600203331741298,296.7379017831055
20140802,866,48,363,159,22.89554104271404,15.842085422664276,120.26237353462169
20180713,655,27,47,620,54.51026660369328,62.95660696319111,502.5331264331156
20210321,666,52,344,844,98.56494279066848,91.52099879311193,653.9140584162196
20161205,64,7,242,797,112.03753605205922,61.562520410504135,623.3999435374367
20220723,514,65,618,723,64.83211832902447,54.85051239378682,603.3173692771887
20151207,188,98,389,249,16.10160138369238,28.990417682016954,203.90798093429066
20211208,258,97,875,227,6.0469511516640795,18.068399388966604,202.8846494593693
20211122,485,22,692,283,25.723879611799926,31.509073402097222,225.76704698610286
20181121,213,90,270,359,43.924466181498964,37.29601676482989,277.77951705367116
20160220,677,59,387,117,6.262617736515829,14.32998039819004,96.40740186529413
20190325,934,52,777,953,109.03836580094904,139.21795144551058,704.7436827535404
20210128,444,14,556,716,22.49835518900783,88.18358930865467,605.3180555023375
20151202,204,100,792,382,48.77681471666711,32.20581014461597,301.01737513871694
20210705,715,24,524,807,75.2452354420919,105.79796592801512,625.956798629893
20170701,667,59,704,118,5.6635982502481195,6.483018019491534,105.85338373026035
20151218,974,10,15,489,53.64625896897565,40.258584985020384,395.095156046004
20210508,746,80,234,258,23.583725681742553,36.936824298727494,197.47945001952996
20211112,961,74,321,929,124.35833571171592,114.94720656692373,689.6944577213603
20190727,62,47,89,310,45.77577700031552,38.93654221678202,225.28768078290244
20180211,984,40,912,946,76.28710112533615,99.21101092531391,770.5018879493499
20220711,942,66,751,926,106.68261386551754,122.86523297665504,696.4521531578274
20201028,766,70,67,215,26.717679431362395,29.68998278539185,158.59233778324574
20210314,737,49,309,831,62.85600731977668,102.71390733823084,665.4300853419925
20141224,258,46,856,776,26.31571615467122,69.80549698224145,679.8787868630873
20190505,922,9,973,689,66.38730376749187,85.98564004606595,536.6270561864421
20161205,986,10,665,121,17.09930332755059,7.267935863665089,96.63276080878433
20221014,993,7,267,469,20.083917349847226,30.510259140619496,418.40582350953326
20180328,695,82,953,939,137.93951345416784,133.5916720492873,667.4688144965448
20180612,190,21,845,330,31.29062539360966,30.842306571977804,267.86706803441257
20181017,416,78,517,480,41.19608636550285,32.5984593792468,406.20545425525034
20190802,516,19,25,680,76.10217342891882,71.71608346264637,532.1817431084348
20180301,55,44,829,545,49.083879254718326,67.89215715257795,428.0239635927037
20160601,104,13,36,129,16.83793645441706,18.367222105198014,93.79484144038493
20180824,66,18,618,972,118.98773500197022,126.47086874918254,726.5413962488473
20180812,792,28,332,885,61.63565919861521,54.87525627024415,768.4890845311406
20180723,595,18,858,123,16.946978463559724,15.168518702178103,90.88450283426218
20220205,296,95,724,587,31.506266673822086,55.3822541760164,500.11147915016153
20181011,36,93,428,785,19.388867329738208,53.025508653110975,712.5856240171508
20210803,716,13,934,294,7.718535398058204,27.754445888822502,258.5270187131193
20230620,51,33,716,722,62.90205296029808,42.96339230828498,616.134554731417
20190427,851,80,37,108,8.896370192263385,12.890594639128834,86.21303516860777
20231014,282,85,558,504,28.014628879221757,33.677155054664844,442.3082160661134
20190108,27,49,584,471,24.7462301049594,37.34240198148009,408.9113679135605
20150629,326,8,74,894,113.61300249027063,74.11790057563452,706.2690969340948
20210102,942,22,49,386,48.28163006492871,53.99263417332906,283.7257357617422
20190215,793,94,582,148,12.143434947159767,15.70621491377301,120.15035013906723
20240704,609,1,581,561,55.45815653792841,34.79535198946021,470.7464914726114
20150324,410,30,593,621,18.630704566629408,83.7234234612531,518.6458719721174
20240402,461,36,101,623,30.95011303550384,55.09398462346625,536.95590234103
20200504,327,85,225,848,52.988067580230165,48.012637915335915,746.9992945044339
20150214,607,15,295,577,68.79995830778601,41.656221533654126,466.54382015855987
20211217,945,84,297,239,11.130236625614096,34.29593346496101,193.5738299094249
20200204,881,6,23,544,51.71844903363589,79.52361780390603,412.7579331624581
20201228,783,95,710,354,13.366686273345064,41.414277127644425,299.2190365990105
20190128,562,13,135,688,23.86793974125292,64.80807090010754,599.3239893586396
20190601,741,36,496,655,37.50751955810882,33.9830672277039,583.5094132141872
20170121,672,94,400,284,18.0136438599529,29.173041851113407,236.8133142889337
20180428,710,25,317,818,87.54246627463576,42.75145155495444,687.7060821704098
20160228,623,5,649,238,31.36175708352493,33.09981803883265,173.5384248776424
20151028,36,52,483,167,7.075098298042992,13.157133117926046,146.76776858403096
20150930,980,82,825,365,16.573067576930836,21.532149561399894,326.8947828616693
20230803,824,20,431,356,40.25819701908496,24.182266195660674,291.55953678525435
20161022,170,71,502,788,92.30128080611671,97.3115929691461,598.3871262247371
20161125,112,73,616,228,16.888068268034928,21.328014705606797,189.78391702635827
20151229,649,67,922,824,114.59650631433452,49.81245235653,659.5910413291355
20210203,557,80,445,371,33.91834455078058,25.261584476582694,311.8200709726367
20211202,416,29,68,948,63.95004735790246,74.79080493370334,809.2591477083943
20240715,359,14,538,816,17.177117545740046,102.60096627670427,696.2219161775557
20231230,944,11,152,118,9.806776456599607,11.80026014404653,96.39296339935386
20151125,364,28,134,255,29.941594185998223,22.802716633588066,202.2556891804137
20240302,96,49,573,603,78.40023436211416,68.37841167170815,456.2213539661777
20181126,627,92,928,242,7.6950616428499465,21.771637443437594,212.53330091371245
20240613,333,21,36,547,80.02661186137573,80.03926206072212,386.93412607790214
20190116,600,47,687,106,5.594260352353594,7.595442838739505,92.8102968089069
20181030,40,68,180,229,26.936956924068618,32.05000063961366,170.01304243631773
20190409,552,41,951,339,17.016828010303655,39.698731199957955,282.28444078973837
20190307,398,69,129,873,101.62692632614103,92.16606634277413,679.2070073310848
20200702,778,43,518,969,90.32216918052661,79.72695459028385,798.9508762291896
20220315,832,33,420,661,58.449656712956575,87.46072972734953,515.0896135596939
20180227,731,73,791,337,25.41633972985269,30.611955336588593,280.9717049335587
20230801,566,27,372,884,21.97285159038015,111.44779398925003,750.5793544203698
20160319,979,87,676,454,58.429601291956295,31.617072640774236,363.9533260672695
20210816,768,1,54,775,65.81347017572516,70.54229402564881,638.644235798626
20201118,601,37,351,856,54.455151925855155,56.82346257251416,744.7213855016307
20200507,487,75,599,701,49.96001216588007,98.25944089234854,552.7805469417714
20230114,162,52,716,605,85.96818255043328,32.841571125370905,486.1902463241958
20190923,417,56,951,601,65.7385950063624,55.03682352862206,480.22458146501555
20140121,980,38,312,382,38.78155459680024,28.93530471771331,314.28314068548644
20200610,453,97,996,453,11.03999255977359,65.89451622845763,376.06549121176874
20191217,712,33,884,708,52.00040046427525,86.50387890949166,569.4957206262332
20230214,297,18,403,191,25.282241453848787,19.607164486148385,146.11059406000282
20150706,19,54,370,980,117.71226581770144,110.59917684497067,751.6885573373279
20201205,746,19,188,669,75.60248345220211,48.45955787979973,544.9379586679981
20140627,996,32,954,328,42.57139148468627,29.314510287040374,256.11409822827335
20230313,474,20,34,347,39.53433539040209,43.30079022278554,264.16487438681236
20230603,505,88,63,591,61.934147351281744,33.877204930471855,495.1886477182464
20200511,24,83,30,183,26.759290111873256,17.340495541972555,138.9002143461542
20150121,378,57,825,624,47.257331726420816,64.21053590394892,512.5321323696303
20150908,246,82,57,142,20.023128032758237,10.72681404120324,111.25005792603852
20231028,241,26,760,727,38.1096589650711,108.37142963948658,580.5189113954423
20180418,522,52,688,881,123.16709513394672,85.22713399927974,672.6057708667736
20160211,842,95,327,638,76.02228741965254,42.06821272574864,519.9094998545988
20150524,824,3,983,228,19.283575225280007,22.3779859689676,186.3384388057524
20190131,881,46,922,655,17.546744378522988,67.04614110461704,570.40711451686
20141029,832,38,806,937,101.67759916384985,54.39259464069485,780.9298061954553
20200119,263,21,579,747,24.956916237291004,110.12398275235842,611.9191010103506
20161001,254,55,565,403,56.4243916412864,22.51331705121579,324.06229130749784
20141225,475,6,842,227,11.987746937873364,26.881782928755726,188.13047013337092
20140912,908,92,410,338,48.789152915331556,50.12878372197683,239.0820633626916
20141011,986,7,61,698,26.064220676115717,36.02683446373751,635.9089448601468
20190120,331,65,108,908,82.46944360329678,78.93517510804668,746.5953812886565
20230924,243,63,704,640,74.4081988812774,90.98774777951824,474.60405333920437
20140421,153,49,591,948,118.08905182106969,95.36220548089508,734.5487426980352
20240214,655,66,6,479,62.88788248866234,56.427238698702176,359.6848788126355
20231202,761,2,377,691,93.3632154602893,84.05395832030193,513.5828262194088
20220328,562,14,998,654,50.83938704138097,38.77446400950648,564.3861489491126
20190507,548,70,765,648,74.6958115709256,89.29906192586809,484.0051265032063
20160823,564,63,679,390,41.51161894740492,46.69769792125199,301.7906831313431
20200721,274,55,805,117,16.316537969005463,11.730532392308922,88.95292963868562
20201124,442,94,470,834,37.72996865521674,79.69508634589202,716.5749449988913
20150507,903,23,211,544,37.737344436951304,46.11371314302733,460.1489424200214
20220316,379,69,704,781,17.06356571996823,84.78487264623325,679.1515616337986
20210407,931,78,990,160,16.88691858267634,14.617675203085437,128.49540621423822
20150606,550,78,953,275,12.698570358320888,30.05218560281558,232.24924403886354
20170216,439,57,771,513,18.386723516195655,69.82837250384075,424.7849039799636
20180412,902,26,735,738,43.94428228077794,109.38575899340354,584.6699587258186
20170731,446,67,658,317,46.98707810726277,43.394855576183005,226.61806631655423
20190515,604,96,477,888,54.00229750367216,62.65022367357424,771.3474788227536
20221122,101,77,852,502,64.98510427196014,73.99915959434605,363.0157361336938
20170922,162,73,99,148,21.942856299701255,11.225406692020975,114.83173700827777
20230727,763,8,29,229,31.302594831032685,12.756233641621344,184.94117152734597
20230228,902,99,816,694,83.42632209733095,68.91976091380398,541.653916988865
20180905,239,25,922,408,46.641607200195565,47.891599859660154,313.4667929401443
20201213,443,52,702,418,58.36216899062454,36.3078678990446,323.3299631103308
20230218,769,25,723,438,14.42718642174315,30.322558379028184,393.25025519922866
20150716,508,57,957,612,62.13063093510259,56.268057093490114,493.6013119714073
20180127,980,81,555,544,48.97447051489489,44.253855518329196,450.7716739667759
20140321,902,73,79,478,14.853382707383378,31.656831442320573,431.489785850296
20240302,156,28,202,590,57.2979526194968,36.459153306250066,496.2428940742532
20221209,535,74,598,810,28.58721126314614,93.9579563924533,687.4548323444005
20240406,569,58,708,656,27.788094533902477,92.85098224621161,535.3609232198859
20181016,654,73,240,329,30.291420321336098,28.46600471418324,270.2425749644807
20160610,261,12,54,677,16.50456319067135,40.43012030370295,620.0653165056257
20180214,410,2,204,900,101.33374443019547,92.36668241673365,706.2995731530709
20240709,864,56,188,948,99.74642017549526,128.50981346070952,719.7437663637952
20160413,449,30,206,411,16.087170335077126,35.2589078622364,359.65392180268645
20211021,657,35,724,392,8.7280555808283,31.987858737483425,351.2840856816883
20230507,144,92,108,836,88.25656666237472,86.04945004611564,661.6939832915097
20200918,213,3,282,838,79.72039341950233,111.2037753624657,647.0758312180319
20210509,451,70,577,773,88.78895600760913,41.582576499284194,642.6284674931067
20240611,143,81,794,771,26.564409315984406,70.99186336690812,673.4437273171075
20230803,991,31,761,766,64.9597517494182,86.51903622596951,614.5212120246123
20190730,418,40,986,799,45.01912880064953,111.10908511046155,642.8717860888889
20180425,166,48,561,613,21.564786994155803,89.76661954496545,501.66859346087875
20190902,333,2,31,590,74.79605041847653,53.08755154866267,462.11639803286084
20200214,568,6,119,536,40.65745045370692,51.31579720149341,444.02675234479966
20220315,840,85,956,130,10.215694176301021,9.194959329727343,110.58934649397163
20240604,283,86,742,353,40.5954440744536,42.76296158877379,269.64159433677264
20181029,837,71,183,236,26.203018489642997,26.704809066487392,183.09217244386963
20150829,121,47,350,514,58.61953620056447,70.57458980420033,384.8058739952352
20140523,698,15,392,528,15.729680524327165,27.460838132191196,484.80948134348165
20150118,510,35,65,487,67.43668368563935,48.259865178205395,371.3034511361552
20211129,24,1,569,748,19.637239395064366,54.93078063897829,673.4319799659573
20191122,480,42,470,786,31.343612153487896,117.24928704427339,637.4071008022387
20140309,972,70,127,817,90.43267014387824,71.22259384715274,655.344736008969
20180312,945,63,238,361,48.33291769295293,41.715855645645505,270.95122666140156
20160209,128,58,911,966,133.67747240434372,134.1668937710288,698.1556338246274
20160211,142,42,250,216,30.200072146584315,23.646132940275717,162.15379491313996
20160102,290,83,887,757,109.5312577966882,87.68383821605099,559.7849039872608
20220802,913,6,674,882,25.205246682027795,128.64195548652975,728.1527978314425
20230906,906,34,440,215,19.91291502597069,28.373555873437816,166.7135291005915
20150308,800,97,72,365,52.4283333486449,53.43515423427937,259.1365124170757
20150630,445,87,231,999,127.88540960166871,101.81277849838071,769.3018118999505
20150921,538,56,227,978,123.37741613231053,141.40685716392952,713.21572670376
20210709,29,13,618,504,26.814550501423305,40.998508919285705,436.186940579291
20180211,905,15,715,327,11.419941936809318,44.660120396139384,270.9199376670513
20150111,236,77,831,958,28.15198007630167,115.90981993047112,813.9381999932273
20160925,311,24,879,458,50.083412669868515,24.909953090976025,383.00663423915546
20221212,323,9,437,658,93.39583136642209,55.08655102572733,509.5176176078506
20220727,198,60,122,566,60.79872906677666,51.1888125313123,454.01245840191103
20231102,231,8,592,396,35.02101195173453,48.70934618609377,312.26964186217174
20220701,696,52,526,810,54.0767219492461,72.4555785781919,683.467699472562
20210729,907,100,36,276,30.648716087968342,39.76004527753836,205.5912386344933
20220329,685,95,849,773,77.37067979962096,68.942550186767,626.686770013612
20141204,250,6,378,250,9.517018606186353,33.97535073610726,206.5076306577064
20190129,443,16,958,919,92.74017941004676,112.36724184925482,713.8925787406984
20141201,789,59,26,352,45.67456414979983,34.00534074329318,272.320095106907
20220331,77,51,499,664,17.218177769000306,85.05665578037109,561.7251664506286
20200818,617,89,357,365,35.43829848030745,53.5082961784896,276.05340534120296
20140209,959,95,940,104,4.458370780132324,10.931721936405042,88.60990728346263
20151123,69,87,2,983,93.02454829787793,62.40709745925753,827.5683542428645
20240402,367,27,895,216,20.658280734975644,16.56750617321343,178.7742130918109
20210102,226,48,762,670,25.209623283856367,50.60737138830072,594.1830053278429
20211003,4,33,353,678,95.43039784257948,46.630068059110314,535.9395340983102
20141231,616,50,285,540,12.436259516217445,30.466645464624573,497.09709501915796
20160114,385,90,245,247,7.792288669815418,19.27074459072861,219.93696673945595
20180811,249,4,758,431,64.41537246737911,35.1722849949552,331.4123425376657
20140617,241,12,893,953,40.3242269269419,105.27285594111197,807.4029171319462
20140122,308,87,886,167,24.756344825887965,12.223163361293352,130.02049181281868
20240528,616,94,503,458,59.13192165873729,50.963779010039865,347.90429933122283
20220912,58,4,350,974,26.619929793606875,86.15598951436606,861.2240806920271
20240706,278,44,181,400,41.79661009739112,57.217083890864394,300.9863060117445
20230313,515,93,696,533,17.93706530307048,52.739409117637706,462.3235255792918
20230608,100,67,698,657,49.73063768542935,38.26649614466583,569.0028661699048
20211222,579,94,620,451,64.44054125587094,41.92753759173052,344.63192115239855
20200713,912,20,106,768,59.44577302034202,97.54463123303053,611.0095957466274
20170413,713,73,631,143,15.992634288949526,18.7218642645703,108.28550144648017
20240412,296,25,657,396,39.01644191948353,37.09823636028242,319.88532172023406
20190730,376,48,881,140,15.740248202765823,19.38494881615508,104.8748029810791
20211018,826,96,150,904,96.0742141070442,73.8684781872505,734.0573077057053
20160729,762,47,406,187,9.909416344462255,16.646472630583432,160.4441110249543
20181113,790,87,845,245,16.778433533927576,24.90494787845895,203.31661858761348
20200727,505,27,129,263,9.349010331565232,20.818877425730953,232.83211224270383
20141030,227,81,334,369,45.51996236476296,27.35866170352738,296.1213759317097
20220403,264,57,454,672,23.968878214858847,66.94210329583241,581.0890184893087
20230724,357,25,570,150,9.542463854654955,13.821215867347853,126.63632027799719
20201213,504,18,284,127,11.195002680762277,10.781698455276203,105.02329886396151
20210319,591,75,739,189,7.657123189200287,24.608204872337126,156.73467193846258
20150130,582,68,727,354,20.24369198407317,25.248411531994343,308.5078964839325
20180211,354,83,481,296,24.61814766685344,39.98975088439688,231.39210144874968
20170927,179,8,679,797,30.189775752257276,78.39511297622903,688.4151112715138
20220430,223,27,489,312,26.962339677364966,25.551888383757852,259.4857719388772
20141207,705,37,737,588,62.411372441913876,83.91888536360803,441.6697421944781
20140721,280,64,655,919,130.28048857877783,68.95087271710524,719.7686387041169
20150220,629,3,709,331,37.62387434052848,35.01749714201276,258.3586285174588
20220429,188,65,999,512,50.36257453781393,46.583850828945444,415.0535746332406
20141115,59,17,968,657,23.270369213437256,89.04030357811219,544.6893272084505
20220205,64,24,734,789,59.15942335379543,70.99323993882741,658.8473367073772
20180325,244,76,48,522,29.47978721903597,77.00771240167637,415.51250037928764
20180814,822,91,28,684,90.93166715444899,93.93868692345687,499.12964592209414
20191204,317,46,658,454,67.04536153123135,50.81379273950932,336.14084572925935
20150830,304,36,257,215,20.404208410636492,29.82035892265332,164.77543266671017
20140513,545,61,81,524,16.806907530666273,44.548964655576825,462.6441278137569
20160729,566,42,198,905,89.38952302837389,74.10712383886361,741.5033531327625
20200402,374,87,570,450,52.98433121527715,37.300011101894725,359.7156576828281
20141117,41,84,438,216,6.104499194923081,23.89033348501122,186.0051673200657
20230809,460,41,388,440,14.459287675345065,50.863980628178275,374.6767316964767
20170524,475,41,817,539,63.13462342519111,62.96301578336747,412.9023607914414
20190727,695,72,314,620,78.6774910892334,54.5853502787702,486.7371586319964
20190120,330,45,486,173,3.7022475530435335,19.04125411144783,150.25649833550864
20190103,797,56,867,612,33.50098240187511,72.53950775414211,505.9595098439828
20210710,596,5,815,104,3.8786814667845597,6.982364437372768,93.13895409584268
20231104,453,95,778,898,75.7999468502465,110.5315219938983,711.6685311558551
20210517,313,72,34,385,17.39905484107514,28.17967194761837,339.42127321130647
20220331,229,75,821,340,9.058860050767962,21.613884046768522,309.3272559024635
20200401,59,32,347,398,29.826398690812447,53.54638244231342,314.62721886687416
20150525,694,7,677,613,64.52891147343833,54.25158324840636,494.21950527815534
20200530,430,30,794,889,128.8319853858546,114.93892173112984,645.2290928830155
20140214,882,82,235,340,17.863905867440987,37.57107348393583,284.5650206486232
20201111,492,5,744,439,48.45354781702745,34.70027151595348,355.8461806670191
20140425,625,84,448,704,44.01847091179557,59.62666912201793,600.3548599661865
20140726,138,25,433,979,52.146587638285006,82.19057484776697,844.662837513948
20210120,649,53,460,138,3.762511233300644,18.347430525209578,115.89005824148978
20210921,348,82,54,376,47.60534266000476,47.503193594285705,280.89146374570953
20170922,154,68,115,125,14.008682155956214,14.110086049463323,96.88123179458046
20181023,121,81,713,469,26.97251701377551,58.288577132591904,383.73890585363256
20161125,385,50,246,227,20.302746995695387,32.25923241370798,174.43802059059664
20220315,77,98,958,357,45.8527954733636,22.155982022113058,288.9912225045233
20201015,570,3,574,268,38.21360720847933,32.056894817475396,197.72949797404527
20210803,133,44,256,1000,124.34970478384373,81.14229855524893,794.5079966609073
20160712,916,80,535,881,122.99408247618025,112.45579953990696,645.5501179839127
20170831,634,91,152,765,70.11448032938871,92.71431192735062,602.1712077432607
20220416,353,30,119,156,23.039887744329246,17.981830348392016,114.97828190727874
20191223,499,83,471,207,28.10648470375552,24.141414499258595,154.75210079698587
20210307,363,22,17,733,98.87895878922397,37.663883432954776,596.4571577778213
20180824,795,25,691,716,29.148772629397836,88.21449533674652,598.6367320338557
20160321,432,56,336,440,29.084419765024425,59.413706898106945,351.50187333686864
20141230,947,25,808,657,92.9614361568756,48.13355442313362,515.9050094199908
20210219,854,41,475,829,100.59266704592072,71.37552286116363,657.0318100929156
20240123,39,5,765,722,89.86227389986082,39.755885397591804,592.3818407025474
20200621,462,42,945,166,18.46199624009244,16.6646560844641,130.87334767544345
20150515,795,42,382,665,55.66718334599203,61.113893421411085,548.2189232325969
20160226,847,94,44,614,89.37699575112447,41.861453741538874,482.76155050733666
20140211,791,34,601,404,19.181145544443865,42.84928709254325,341.96956736301286
20200825,245,22,632,649,81.42373654995411,39.451024856470404,528.1252385935754
20171015,689,45,745,329,28.560223544797434,35.434157849497794,265.00561860570474
20190624,755,76,555,432,27.252662947003415,42.85250960600795,361.89482744698864
20240406,963,80,757,821,77.80286512115198,59.26834406690062,683.9287908119475
20230109,558,48,692,471,56.355194839453894,60.75073863012187,353.8940665304242
20240307,148,53,172,817,79.48748084753413,110.09061647853692,627.421902673929
20140117,819,91,992,672,42.6781035285796,81.85971323668637,547.4621832347341
20150715,271,72,368,335,33.205706619911865,41.89847467996197,259.89581870012614
20170508,229,29,732,830,75.08888342835628,86.13041390351596,668.7807026681278
20220702,725,27,643,360,46.101384387230155,29.577766982257195,284.3208486305126
20171124,316,91,655,397,25.01357272530302,33.142820330611094,338.8436069440859
20140713,600,77,667,140,5.177597300875551,18.590698415424665,116.23170428369978
20150616,33,3,543,491,26.23080429608609,66.04972591101773,398.7194697928962
20160722,664,84,687,887,46.56022768174045,131.97062053617628,708.4691517820833
20170328,726,97,537,231,13.613679432679103,17.41771203527731,199.9686085320436
20240223,301,25,389,569,81.97417247751247,57.81284408406643,429.21298343842113
20240212,449,72,528,828,109.36374485531357,119.88429913196892,598.7519560127175
20210522,695,5,581,614,49.07193248127369,37.70390082680176,527.2241666919246
20240517,51,29,685,943,28.16024942359149,90.38460680460885,824.4551437717996
20170522,591,68,435,531,42.26252435720142,52.12491424881242,436.61256139398614
20231103,518,79,636,711,57.011904247547285,87.92362503909942,566.0644707133533
20200429,102,68,506,661,31.669834591168073,36.797964381290775,592.5322010275412
20150318,767,13,848,115,11.442806452348975,15.510394863640355,88.04679868401067
20210321,385,25,801,711,59.861740605422085,58.84927756104717,592.2889818335308
20160610,441,4,650,369,35.622529334448124,21.431590262502343,311.9458804030495
20181022,991,46,657,806,62.899967250183145,46.13838599580794,696.9616467540089
20220405,682,93,851,206,23.965797758453544,28.890458138663266,153.1437441028832
20221002,522,6,894,370,19.494512306790597,50.8670293552227,299.6384583379867
20160309,25,36,823,242,35.37509256722291,15.616490612525846,191.00841682025126
20171108,720,61,11,817,116.84421941803808,43.259823271812785,656.8959573101491
20151009,671,40,661,822,27.70868593187301,68.2878776669901,726.0034364011369
20180511,622,88,212,267,11.056915034405288,21.627962261576382,234.31512270401834
20211219,76,87,291,322,14.490827796445933,32.67280767954702,274.836364524007
20140215,160,64,693,935,56.31956138159208,59.81430266018773,818.8661359582202
20160824,426,51,686,160,11.135985787733723,23.80327269315255,125.06074151911372
20220925,608,64,368,398,34.84590489237287,19.92943615036831,343.22465895725884
20180525,636,59,687,500,55.91361198234956,26.78350292120554,417.3028850964449
20201219,706,24,279,735,94.0446133060237,102.682442928003,538.2729437659733
20160808,256,19,966,901,28.825744707849598,91.66506495344119,780.5091903387092
20210512,154,47,590,639,53.723826727543326,33.287403480814284,551.9887697916424
20190518,876,79,802,178,26.00940966161479,9.662440755682987,142.32814958270222
20150205,297,100,567,155,12.026826132797751,14.012365167475371,128.96080869972687
20220830,904,68,598,497,24.24697682466385,49.76559202931086,422.9874311460253
20210210,878,8,791,237,23.360812229227413,27.858309186900012,185.78087858387258
20190307,35,69,497,987,101.0353942990134,81.85109891987524,804.1135067811114
20200330,565,53,921,155,22.575503618700733,11.183316188156336,121.24118019314292
20220131,729,10,359,631,52.596052856066585,67.27133602561806,511.13261111831537
20150301,236,9,336,305,37.154819552846014,25.804725870455943,242.04045457669804
20160524,802,30,39,612,20.107701163977122,50.436128600306176,541.4561702357167
20160529,115,32,286,200,18.885360478859276,24.68073987669554,156.43389964444518
20150826,118,62,623,173,20.37695526324882,11.125439102919087,141.4976056338321
20180411,24,2,674,811,20.74361237063458,108.22403500701552,682.0323526223499
20150330,334,80,875,473,17.601910437911897,43.32743006347331,412.0706594986148
20151105,745,92,758,755,99.21669768036062,53.83267868770962,601.9506236319298
20240708,379,40,57,413,46.9870298983048,59.01374979968887,306.99922030200634
20160609,491,3,888,307,22.29610512707972,27.522130126762455,257.1817647461578
20140113,762,32,273,769,39.32191799762829,67.66263212809672,662.015449874275
20181027,661,45,942,699,54.48679782052198,60.17664019528944,584.3365619841886
20210515,971,22,190,784,67.22867541260712,71.79913527038524,644.9721893170076
20190316,189,24,744,112,8.724733404069834,10.779644592079627,92.49562200385054
20161107,686,100,845,960,72.40505399588125,104.66595533213837,782.9289906719804
20240623,618,48,903,172,12.158662462928454,10.320788214099736,149.52054932297182
20170926,360,30,662,972,28.842087657005198,66.46865095713494,876.6892613858598
20211124,263,93,172,677,61.9762795358116,41.1910641604731,573.8326563037153
20170410,471,21,684,887,100.20838111850614,91.974700605452,694.8169182760419
20180421,94,76,616,892,60.453447017495165,124.10308846507652,707.4434645174283
20240510,677,75,617,145,20.31178595495631,20.79503271157672,103.89318133346697
20160226,523,13,565,513,11.768219063480194,54.81336251551895,446.41841842100087
20200306,868,51,419,928,97.15837826544144,76.46588714129823,754.3757345932604
20200716,597,73,527,822,66.58272359516185,91.68498411153547,663.7322922933026
20181002,250,40,33,933,89.1804914891545,95.09923181028434,748.7202767005612
20190501,738,31,815,166,10.233368330366991,19.39664240821909,136.36998926141393
20160204,818,34,167,654,48.314473980860335,94.8958539429032,510.78967207623646
20210724,116,38,434,845,123.82074196278747,125.97832112375787,595.2009369134546
20150915,39,68,429,123,7.5937736685970885,9.22599131654758,106.18023501485533
20220105,763,15,657,800,20.20755830328935,71.61334123324814,708.1791004634625
20210520,931,77,797,775,26.427043497688196,68.67311370347691,679.8998427988349
20211229,476,1,784,101,10.041483337160058,13.87309793981454,77.0854187230254
20220816,690,12,267,230,34.03478984784839,34.40628250629815,161.55892764585346
20240103,638,56,169,830,61.63071107424032,55.19186640216701,713.1774225235927
20140608,170,83,591,537,48.90582905550305,47.848576876299816,440.24559406819714
20230228,395,80,952,679,49.28647244621495,93.0038519833455,536.7096755704396
20140610,531,23,507,584,13.282741581633003,53.60571734608733,517.1115410722797
20180708,269,25,60,489,67.58295208330966,45.97687562136508,375.4401722953253
20150514,686,98,154,138,7.190282640468494,10.2716452023923,120.5380721571392
20200128,38,95,796,545,23.493464330396346,73.7633161049602,447.7432195646435
20160725,629,34,320,288,13.40077992726279,31.735062336263077,242.86415773647414
20170730,847,70,505,875,17.65146778291994,66.32287398849863,791.0256582285814
20230822,519,6,852,724,47.44869095455878,104.39724683338055,572.1540622120607
20150727,214,96,289,105,11.645445068100548,7.546217047826914,85.80833788407253
20200103,764,84,253,322,14.122785176912078,31.87911947869782,275.9980953443901
20201122,883,31,10,135,11.348489733844906,7.573265709944328,116.07824455621076
20210109,496,71,149,964,43.74066710951241,78.41533571738721,841.8439971731004
20211005,643,66,162,309,44.423597177917635,20.66916380300691,243.90723901907546
20200605,982,15,170,715,22.423494287501512,54.69328630835554,637.8832194041429
20220705,489,21,517,444,61.67451517226176,49.38596807416192,332.9395167535763
20180121,399,69,234,592,54.31069213412425,74.5953239208977,463.09398394497805
20220516,188,51,603,672,27.75869729231431,73.4175294629005,570.8237732447852
20201109,209,6,580,111,10.833726425804093,6.625463165625495,93.54081040857041
20191104,232,26,507,172,23.960821605895863,22.683758547859163,125.35541984624497
20140724,473,79,982,615,63.29334063877033,79.74994270947455,471.95671665175513
20171021,946,8,639,928,67.18558904134855,76.5348931125447,784.2795178461067
20220103,292,62,55,568,54.785213235874835,77.13195494662696,436.08283181749823
20200507,451,62,154,494,29.075273343373063,42.134377474643,422.79034918198397
20161031,349,13,152,500,73.43338639922959,33.59928022162039,392.96733337915003
20210223,297,70,630,132,17.70312727736481,15.828601108047556,98.46827161458764
20220606,935,75,109,490,54.64634639938207,30.61972676449144,404.7339268361265
20160502,931,6,642,465,9.775657430349863,45.06745024769417,410.156892321956
20140514,860,2,205,165,7.112368458622076,16.272399156887833,141.6152323844901
20190922,494,50,340,717,39.86168045650685,80.12406452739333,597.0142550160998
20210620,573,59,579,704,51.64173048344347,55.200342562948705,597.1579269536078
20231124,685,34,822,735,93.36667061870706,67.2292298534444,574.4040995278485
20190420,714,13,797,644,68.2158443575602,41.727815523812794,534.056340118627
20160428,407,75,154,120,10.754082453802852,17.967850308544936,91.27806723765221
20230625,986,70,778,380,11.982189898403346,27.479810116070546,340.5379999855261
20210616,721,40,713,566,63.37414453886164,71.8752559229742,430.7505995381641
20190604,9,14,658,631,30.13032073392834,87.80582676069236,513.0638525053793
20151010,98,72,705,206,24.857350836363985,14.104966735832342,167.03768242780367
20150416,466,37,590,560,15.79572779661827,31.09932830859384,513.1049438947879
20181026,67,11,573,714,78.9449592210967,78.58677750105552,556.4682632778478
20240424,373,85,1,107,5.588845782123697,15.75888108573941,85.65227313213688
20231002,104,85,558,563,70.43461989007027,77.32989664520454,415.2354834647252
20170320,514,33,128,852,96.33906054865217,47.69751392427624,707.9634255270716
20190622,103,13,865,684,56.440945539358175,74.2656875565425,553.2933669040993
20210318,855,29,757,337,8.715418625889988,23.147444644192333,305.1371367299177
20151024,395,55,556,361,14.669295124980135,45.22846708182738,301.1022377931925
20151123,402,49,483,378,9.023264615909062,21.953205797472105,347.02352958661885
20180318,76,77,966,445,19.13772593778866,57.753019488611976,368.1092545735994
20151116,207,57,634,222,31.047105675866163,31.90816710422197,159.04472721991186
20231003,99,34,386,178,13.876253198503914,9.71731765386091,154.40642914763518
20200922,350,100,728,406,20.330841293970117,52.14865035106871,333.5205083549612
20170627,141,5,586,726,25.112275694110124,75.4802139173546,625.4075103885352
20240108,582,31,675,723,60.14717051863094,74.37263266966104,588.4801968117081
20170219,622,77,697,833,38.590026280394326,98.86336500668332,695.5466087129223
20211227,727,1,136,717,65.03517046344211,103.9330195599282,548.0318099766297
20150611,244,95,744,242,14.620145170035242,14.70694346095675,212.672911369008
20170829,183,98,532,275,20.017484814687425,31.425696963694058,223.55681822161853
20211017,16,87,569,754,75.62158336765222,75.82977471847813,602.5486419138697
20161003,390,28,313,586,39.223765676929986,62.5559816486245,484.22025267444553
20190924,476,62,918,702,66.8775770953634,75.38786365384723,559.7345592507893
20221219,507,59,70,633,82.8297684919409,80.83329912803312,469.336932380026
20190118,63,18,917,693,99.1210353294301,56.811666489127084,537.0672981814428
20221016,923,75,678,832,81.19902181204682,49.2084927003183,701.5924854876348
20170215,346,39,633,607,80.24260292092339,50.77151881187342,475.9858782672032
20140903,611,83,508,456,57.21344769486584,61.36646653621028,337.42008576892385
20211120,54,32,785,660,28.69177144773573,65.33651969474333,565.971708857521
20160529,363,23,708,445,25.729351831342214,45.96370080950935,373.30694735914847
20240216,622,99,892,192,21.655353765497235,11.69043862458037,158.6542076099224
20191023,727,93,225,906,59.65587093392204,68.15729949828732,778.1868295677907
20141123,814,17,45,565,41.9988877812291,43.880557992546336,479.12055422622456
20240210,933,2,850,595,29.868057349476206,44.04708507107584,521.084857579448
20140130,509,20,158,965,131.28097124065434,61.37427845678962,772.344750302556
20220614,104,21,871,531,58.75476218088098,75.53688923887358,396.70834858024546
20221122,330,90,609,434,10.027279680630786,34.82325013966423,389.14947017970496
20180416,924,46,857,666,99.1770812509804,85.23064332450166,481.59227542451794
20161215,722,44,854,336,41.4341092984164,42.27066011931355,252.29523058227005
20200421,472,82,648,298,24.13246316912307,20.29413516395583,253.5734016669211
20200624,182,77,254,187,10.061336339828893,23.7838539111321,153.154809749039
20220406,802,27,854,960,79.74274223744332,112.25111335925747,768.0061444032992
20170703,101,77,917,699,38.075779987824845,82.15593339633455,578.7682866158406
20160106,722,21,920,655,73.03049713221574,85.44068615428571,496.52881671349854
20150924,579,19,916,435,37.72540491553171,46.390145549804735,350.88444953466353
20190818,856,48,767,185,14.12727182854297,11.950006029058095,158.92272214239892
20240619,69,63,245,346,12.991043010018243,42.95976824412455,290.04918874585724
20220311,597,46,37,759,98.63683693949476,95.89255238409844,564.4706106764067
20140905,545,35,856,737,55.549604916474294,57.45899591464129,623.9913991688844
20210720,326,10,821,956,66.3741263265313,51.90608228299003,837.7197913904787
20140814,17,80,347,781,104.71994435883843,112.57516340529216,563.7048922358695
20180311,403,39,812,842,104.33806574864616,84.08268446590948,653.5792497854443
20200607,402,13,311,993,52.936427136512286,68.65793016523003,871.4056426982577
20171127,599,55,118,643,88.5548403079342,61.8056977277248,492.63946196434097
20190430,626,43,694,727,97.67554972690908,59.62470264443798,569.699747628653
20140119,226,24,866,695,39.10839283378036,70.6507544783556,585.240852687864
20190820,85,59,23,676,33.60299650980404,37.43544424680287,604.9615592433931
20210412,160,71,324,214,13.230821750695767,30.553178247413605,170.21600000189062
20160511,297,57,110,954,33.801988695079956,76.68025014503894,843.517761159881
20141029,537,48,732,759,16.897273957924963,87.95600283316662,654.1467232089084
20200709,428,60,943,691,25.61449567465674,93.11162628732255,572.2738780380207
20151002,655,78,193,647,65.74109704144279,49.56143142049364,531.6974715380636
20200726,931,65,867,493,15.519451874514328,63.537194354490794,413.94335377099486
20170630,583,51,400,153,22.62439076374091,17.489201348270047,112.88640788798904
20180511,838,98,685,520,34.67662105381838,33.29048619149696,452.03289275468467
20220106,659,90,295,521,61.68541576230211,43.16950837329264,416.14507586440527
20200319,438,34,926,907,71.91845851232996,116.63000699119164,718.4515344964784
20211007,478,28,103,207,11.832188959069502,21.085183043074046,174.08262799785643
20150119,710,80,22,595,52.56739921506539,54.246222261273005,488.1863785236616
20190904,325,37,625,505,42.9531167906481,39.21448270893072,422.83240050042116
20141111,552,64,347,135,11.32685233699719,15.751436786190176,107.92171087681263
20170629,744,22,266,951,127.30214250792692,95.94409257894652,727.7537649131266
20200114,557,27,784,786,41.84816505214968,79.76332871924832,664.388506228602
20210731,664,97,461,931,45.66754591453854,98.9021362189205,786.4303178665409
20160703,228,85,745,864,82.42176679748191,110.81035063922756,670.7678825632905
20141003,949,47,581,821,121.5416196454673,101.11152121373267,598.3468591408
20210120,769,45,614,707,56.04801510222878,87.10107454297098,563.8509103548002
20201111,437,59,655,379,44.71028799647443,21.734796601418008,312.55491540210755
20161207,263,59,371,405,24.96916557818944,36.38069088982818,343.6501435319824
20191113,255,55,770,891,90.39737444663058,55.24561119481294,745.3570143585565
20211105,960,79,638,626,33.19458052613433,31.40456394648779,561.4008555273779
20160104,273,43,542,674,58.41692119490363,94.02496464718672,521.5581141579096
20240614,446,36,560,246,36.37923207922158,32.10863381199072,177.5121341087877
20201110,689,26,189,617,46.687288721386054,74.88660013490015,495.4261111437138
20200924,733,10,430,537,59.53416093947068,64.17176567628596,413.29407338424335
20190104,773,87,789,520,34.984038060337745,76.7303275597591,408.2856343799032
20190625,519,27,737,980,72.07883660268519,53.6340360763213,854.2871273209935
20240224,14,20,500,169,23.145292182258892,24.423315659412335,121.43139215832878
20190320,408,19,60,451,64.42097987076575,60.28878093028818,326.2902391989461
20211128,401,84,81,991,47.36919591720522,146.98867774626984,796.6421263365249
20190119,73,28,694,297,25.13978673253341,25.768303464334014,246.09190980313258
20220130,750,58,98,140,16.59987033923705,18.104220706344037,105.2959089544189
20180819,601,94,497,703,96.86876145221548,94.77376025124173,511.3574782965428
20180817,929,59,666,816,79.08954068790375,66.42988737276472,670.4805719393315
20140911,350,61,683,264,37.215048275404,26.759111777384714,200.0258399472113
20220114,953,93,254,861,107.25832178972873,73.96593156628069,679.7757466439906
20150224,68,82,424,107,8.327252123935805,9.060967690854936,89.61178018520926
20200702,347,92,248,664,69.92857020036865,67.53318160738398,526.5382481922474
20170802,258,29,101,206,7.872764182055926,15.808838910573158,182.31839690737092
20210915,240,21,19,116,10.03137112999859,12.132095320790322,93.83653354921108
20211108,756,85,729,979,27.012045230321533,94.34323834855891,857.6447164211196
20220202,806,63,190,603,16.962674447816784,81.09191876074766,504.9454067914356
20170705,511,28,942,590,34.640228965859436,34.51100800464309,520.8487630294975
20190612,146,8,542,131,6.137797173299103,15.081425027332497,109.7807777993684
20210223,999,37,814,773,66.4391313406802,96.7878192743225,609.7730493849973
20180321,538,43,424,755,28.86778319564462,76.52358412609927,649.6086326782561
20140807,633,77,74,996,149.3633312197349,82.31056333136392,764.3261054489012
20151103,87,27,621,486,43.59921976912143,60.900968403068305,381.4998118278103
20210212,517,58,672,539,16.317102400819575,63.17212439857921,459.5107732006012
20221023,846,60,339,435,29.294398984814997,62.73148302551248,342.97411798967255
20211110,414,81,628,310,29.483240066837144,30.86863659532933,249.6481233378335
20170721,423,99,9,825,122.60317828155782,119.30315791315181,583.0936638052904
20140823,424,1,45,467,59.006264131177005,57.86890005334881,350.12483581547417
20210429,260,99,705,676,54.76375980020825,98.64269299125597,522.5935472085357
20240502,912,25,591,598,68.86618982892519,46.22666504225131,482.9071451288235
20190720,905,19,976,963,80.862192005019,85.79438932595379,796.3434186690272
20140128,50,40,218,154,12.87473801767453,18.07047120004291,123.05479078228257
20210528,611,4,960,391,54.267060997853804,23.737078602340468,312.99586039980574
20230914,895,32,21,668,72.90718062865986,78.33614206838784,516.7566773029523
20240210,401,16,683,886,79.39008953395188,107.37165422256074,699.2382562434874
20160827,854,29,444,367,8.273071996263603,49.59088473279676,309.13604327093964
20200514,845,73,948,962,128.94314429465416,72.55609787933467,760.5007578260112
20211114,653,64,782,243,31.98153492145303,32.63153530409722,178.38692977444975
20151218,129,34,39,728,70.63709059416622,80.32909874592103,577.0338106599128
20180806,582,55,57,770,53.92462057685465,45.70119091471477,670.3741885084306
20210530,165,56,12,635,61.01785092027987,32.127477367114274,541.8546717126059
20171013,944,36,522,847,93.14808247616342,104.65109924911788,649.2008182747187
20171206,933,62,127,946,125.35185575280715,65.8407070223165,754.8074372248764
20140521,687,49,453,262,17.432486831504217,33.36904597453025,211.19846719396554
20200311,114,100,102,299,35.13648979717487,18.020484425093546,245.84302577773158
20220312,667,100,221,743,78.03014271039585,75.40385682535738,589.5660004642468
20230101,333,20,134,889,46.72787107703004,49.014142471897486,793.2579864510725
20190413,153,90,924,544,47.56197348156249,43.77818134958648,452.659845168851
20231202,362,47,99,413,9.914627036302521,28.94363325445614,374.14173970924134
20201201,727,76,432,159,13.424695889029133,10.57735263682312,134.99795147414775
20150611,431,3,623,278,21.451829130521677,30.839658353461672,225.70851251601664
20140414,712,7,542,713,91.84447865207616,88.44578954818395,532.7097317997399
20141109,289,96,655,867,87.35921393039719,66.37617249496144,713.2646135746413
20190329,121,14,591,648,63.64276993864526,83.92299199095068,500.43423807040404
20171015,122,41,936,133,12.468249198597146,10.207931166629528,110.32381963477333
20220317,894,91,857,651,73.37942851432376,36.25049310782104,541.3700783778552
20191009,673,82,716,478,63.12937966282719,38.86899427328666,376.00162606388614
20171228,970,53,267,195,12.734244946785054,28.962215141799298,153.30353991141564
20170516,344,66,559,314,26.504626103816037,44.54073647521193,242.95463742097203
20170113,682,51,999,302,6.2643130934113875,22.187134305080512,273.5485526015081
20230622,185,65,365,516,46.86814172956462,29.047639187660298,440.08421908277506
20240526,584,70,77,975,54.3200452618883,136.60957466078494,784.0703800773267
20211228,940,94,598,136,5.775886643688384,13.342671503101919,116.8814418532097
20150711,638,64,525,785,42.55573772521261,116.49278982675415,625.9514724480332
20180630,71,80,446,410,50.46647784898148,45.89882258148144,313.6346995695371
20200403,356,55,634,674,92.80021251306013,56.677148514893425,524.5226389720465
20160201,781,60,99,931,93.5503621606214,129.03449636515953,708.4151414742191
20140220,930,66,21,225,12.467809526857819,28.353501095980643,184.17868937716153
20231120,40,94,980,529,52.0466633460668,45.04259430058448,431.9107423533487
20190218,961,2,33,968,53.24464953940056,63.415079367575586,851.3402710930238
20220428,407,21,332,982,44.97216127312544,73.68913260409013,863.3387061227844
20200427,45,34,320,196,23.174424109013614,23.855490460958915,148.97008543002747
20220214,645,76,651,135,15.154004503372079,17.750236784323764,102.09575871230416
20150913,849,86,387,329,39.22047198066849,36.06345468995842,253.7160733293731
20151007,66,86,781,519,66.65503580807072,56.85539352746275,395.48957066446656
20140514,16,98,643,333,13.154255431260728,46.01580668848676,273.8299378802525
20240216,591,74,157,165,3.8230522298134484,19.853794160112432,141.32315361007412
20170722,973,78,942,352,36.81866940476274,51.2522836564137,263.92904693882355
20210519,914,1,920,423,36.89387303331641,54.01855821250225,332.08756875418135
20140315,932,78,946,508,42.10223224767864,27.89993638186163,437.9978313704597
20220509,702,99,984,980,43.1933324089317,83.09452251782841,853.7121450732399
20180118,461,45,764,369,24.47174454112493,38.45263233304654,306.07562312582854
20160701,947,88,10,400,18.934207921317842,34.70176191213131,346.36403016655083
20150518,519,92,562,553,24.59836826202385,54.683579855402904,473.71805188257326
20160720,313,64,905,707,80.4063125170593,46.26332110274682,580.3303663801939
20170906,222,80,26,572,14.228342710754893,84.60211152277547,473.16954576646964
20210212,6,2,364,393,27.66468722955751,41.79214529383809,323.54316747660437
20200316,740,57,783,814,26.363434213209192,104.31587010561563,683.3206956811752
20170911,363,72,883,964,27.036932001403724,95.67087273079616,841.2921952678001
20180628,897,53,631,785,86.91702976402681,71.63319849682206,626.4497717391512
20161212,639,7,93,157,20.51178801367002,13.86913074199752,122.61908124433246
20171209,781,15,215,592,17.584254516904778,55.422190610273375,518.9935548728218
20150306,729,100,196,928,56.932220589064926,105.68787135689078,765.3799080540443
20160908,404,34,564,751,41.25249393241926,68.92604583218963,640.8214602353911
20200815,827,1,857,738,42.40826496148881,95.07004783369528,600.5216872048159
20150710,237,80,451,595,41.00745896482232,88.66255578596827,465.3299852492094
20160712,368,94,379,142,12.687898329901419,14.625881429392257,114.68622024070632
20210213,614,86,206,860,94.76208022761581,81.93289218520022,683.305027587184
20160707,340,60,677,827,62.56270683636782,119.11170850478425,645.3255846588479
20230419,255,99,993,123,7.733081510792839,7.9128288267177735,107.35408966248939
20170217,561,25,523,155,16.391588058622503,21.69095445867796,116.91745748269953
20160227,23,14,631,737,102.68884243065135,62.90128456054849,571.4098730088001
20161210,985,29,398,655,91.79507695087403,76.26353922831439,486.94138382081155
20170809,416,97,877,207,19.140408799170906,26.056506005165605,161.80308519566347
20220713,880,91,58,845,91.00655543377515,43.586719659487144,710.4067249067377
20180323,346,93,406,341,23.60402969138597,26.892254310116684,290.50371599849734
20180205,396,39,70,540,20.31214398692561,76.535948323412,443.1519076896624
20201228,704,7,869,335,44.514679303968954,28.39913731311101,262.08618338292
20190719,779,4,925,517,73.5259773612856,38.24898509185303,405.22503754686136
20210713,786,95,439,956,22.645052158227433,116.3146939639753,817.0402538777972
20161012,576,98,923,637,87.41763385950964,71.35413381059688,478.2282323298935
20240726,398,97,475,215,14.586932834967897,20.714127798182837,179.69893936684926
20220309,969,38,409,586,76.8127522963287,39.56952067111695,469.61772703255434
20210822,802,93,515,149,18.703909952618037,17.16962678883537,113.1264632585466
20161129,557,89,25,239,11.523567940277877,32.418936717506426,195.0574953422157
20201202,901,21,349,257,7.237497501149294,32.778418292636935,216.98408420621377
20190203,853,22,719,557,38.74798314415323,53.61527950594988,464.63673734989686
20191015,877,47,504,836,31.331983388849977,93.26552067188311,711.4024959392669
20180205,706,77,899,899,85.74019159316506,122.82268091496091,690.437127491874
20180918,223,66,235,688,62.42225163363019,79.14178572912346,546.4359626372463
20190305,434,11,841,900,107.5113805425882,46.30732133957765,746.1812981178341
20150729,207,78,628,153,16.160084302986355,18.171226880064776,118.66868881694887
20210718,988,81,370,426,30.077565805283978,27.558390712507922,368.3640434822081
20230414,539,70,450,632,28.57861935143271,42.09167525085954,561.3297053977078
20140304,752,48,110,593,84.44026501986811,41.74999557325358,466.8097394068783
20160623,391,36,200,241,17.991755440119903,33.93005320655515,189.07819135332494
20221104,186,43,190,417,45.63608328597826,27.553711955223072,343.8102047587987
20140105,688,31,134,532,69.37167386255467,38.769589598954134,423.8587365384912
20230914,142,83,575,298,31.794341819831686,30.646752200839437,235.55890597932887
20221229,1000,59,878,325,25.39223238926434,25.693634450426483,273.9141331603092
20230721,400,100,892,373,40.48775846480417,31.19037153978482,301.321869995411
20180214,79,34,901,539,17.720282641233823,40.84647366088936,480.43324369787683
20160321,453,12,465,367,16.705735735487906,51.02428287731063,299.2699813872015
20230913,132,83,105,890,119.73579695704755,86.80506743879073,683.4591356041617
20230619,983,11,738,483,51.68730557739119,57.71889561041427,373.59379881219456
20141215,479,21,758,495,65.18098440113785,71.09267488381158,358.7263407150506
20160119,972,86,479,933,90.17714389549376,49.461042859890455,793.3618132446159
20190724,67,74,890,812,78.16936734609178,75.88428719543735,657.9463454584709
20170325,220,87,381,871,38.6793103562149,90.07298831604807,742.2477013277371
20161009,607,50,504,299,19.902836862090215,18.133738903928787,260.963424233981
20181012,405,79,760,863,126.42995377586298,77.38753941590782,659.1825068082292
20140414,718,13,564,272,32.28001976033267,19.26967588279357,220.45030435687374
20170123,575,76,249,718,96.40510728365433,51.4524040455011,570.1424886708446
20200810,197,11,211,425,63.40132473140316,40.57744863332409,321.02122663527274
20220604,87,34,222,728,102.55720939357515,59.13947212230163,566.3033184841232
20230321,713,64,353,920,36.3871149570898,67.453018744755,816.1598662981552
20180407,862,29,422,949,82.03159036944352,103.88775222293543,763.0806574076211
20190408,833,16,57,261,33.397468297817674,14.186635057102047,213.4158966450803
20180621,462,46,925,745,59.59743781946681,84.9658841188566,600.4366780616766
20170812,440,43,557,638,18.27616918398472,43.81634776482677,575.9074830511885
20191128,27,52,820,380,34.034174160331396,48.8076212288265,297.1582046108421
20211115,995,56,252,769,85.8664828334937,115.22899137859513,567.9045257879111
20170623,145,79,162,698,24.477645508010042,38.119085520397014,635.403268971593
20170813,463,38,764,829,117.04451094865765,44.112756275012046,667.8427327763303
20200229,339,11,176,713,31.303827260761047,82.80599479828858,598.8901779409504
20190611,106,78,790,509,40.260909201684875,26.448445366047817,442.2906454322673
20180811,804,18,824,295,17.09593178189415,36.508123056235625,241.39594516187023
20180410,445,79,676,772,45.549873315171666,110.21910141014891,616.2310252746795
20170816,603,54,534,721,23.059664651116005,81.35093619811134,616.5893991507727
20230602,345,91,409,500,65.22370499539981,60.693333137803734,374.08296186679644
20140820,15,12,611,932,57.58685121882859,79.09216194629643,795.3209868348749
20151201,830,89,743,862,37.97372717796939,45.013212218169656,779.0130606038609
20151208,799,2,734,398,50.951129976653434,28.745063866761516,318.30380615658504
20190826,363,97,569,701,41.849719315451836,74.95563546660094,584.1946452179473
20160205,813,100,185,535,75.28451705525268,59.82809923154841,399.8873837131989
20180612,394,72,18,120,8.511983488429498,15.525997639869198,95.9620188717013
20220912,598,26,600,322,31.501325056202614,34.64650006266896,255.8521748811284
20190415,240,41,166,788,16.832198752924523,112.06528646180755,659.1025147852679
20230426,333,96,558,486,39.982387354695604,41.435402648671946,404.58220999663246
20210817,106,11,909,723,21.10047454727214,45.87241317313715,656.0271122795907
20171031,335,1,174,519,26.740980124482476,63.62558951236784,428.63343036314967
20230816,360,83,972,796,96.91087447921227,105.29645125593906,593.7926742648486
20210817,755,38,860,777,59.089984965765964,87.94702072495154,629.9629943092825
20150526,438,41,626,716,85.37269451170157,47.74469410390234,582.8826113843961
20180317,568,95,664,543,12.227832914782688,69.52996481157204,461.24220227364526
20191119,762,71,837,917,46.969290981529255,124.00920143984253,746.0215075786282
20220327,589,25,816,571,55.73313718142207,43.46681820695186,471.80004461162605
20211123,755,79,174,620,75.49006431842223,38.67122146576649,505.83871421581125
20181223,480,72,205,156,17.158391415994824,11.67456286782493,127.16704571618024
20161124,410,89,245,655,63.68421111396867,70.98435839797749,520.3314304880539
20161219,946,29,939,857,54.08308416919815,43.608366186173704,759.3085496446281
20200806,257,58,326,678,18.990653367838505,48.78973226134634,610.2196143708152
20200207,591,81,510,632,77.8199117559075,60.5806154709268,493.5994727731657
20230112,977,42,421,530,19.259288198061526,64.14522781313002,446.59548398880844
20200115,24,30,123,435,27.257327895660517,38.915332592521125,368.82733951181837
20150206,359,44,507,218,5.336084214719541,13.056339076417531,199.60757670886292
20190223,983,59,907,164,8.791998669081016,9.096349084947907,146.11165224597107
20190901,57,35,806,385,52.17215232871949,43.11648240177704,289.71136526950346
20151018,168,36,144,855,66.92339690676772,89.1910629176495,698.8855401755827
20151201,414,53,788,164,12.11982936306236,17.36057570330779,134.51959493362983
20200619,977,5,307,647,39.451913877733254,37.1814187817057,570.366667340561
20160819,809,97,675,144,17.746511623573078,11.280366303959022,114.9731220724679
20201109,954,43,441,134,3.4996199020743086,16.50487674834718,113.99550334957851
20170601,412,28,540,585,41.553675358738595,29.502249655369045,513.9440749858924
20180520,984,23,843,527,70.91088831474164,35.06979471245493,421.01931697280344
20180814,957,64,761,588,80.06447876937423,79.86733429867016,428.0681869319556
20181211,583,76,652,375,50.787880107319886,29.055001494516237,295.1571183981639
20220618,338,43,970,245,20.571517153307603,25.439748514048894,198.9887343326435
20210629,290,27,730,219,7.212582632029145,30.598203373348376,181.1892139946225
20180202,484,9,457,541,54.12763742309344,41.155711743657704,445.7166508332489
20160603,589,100,705,679,47.71655626790725,94.46845202820802,536.8149917038847
20181023,706,9,936,560,53.84538040847632,57.345699481892325,448.80892010963134
20160113,271,27,29,966,70.26165194208676,89.9274504845738,805.8108975733394
20180322,249,89,624,177,25.502419880308207,14.914091918078492,136.5834882016133
20200217,320,77,665,413,35.096010159125186,31.470508335583006,346.4334815052918
20230510,834,91,229,753,69.16918825368982,45.35144818540362,638.4793635609066
20221126,493,19,373,543,68.62886246033531,56.5982989051554,417.7728386345093
20140112,67,62,374,482,16.74230743612249,54.61561175350592,410.64208081037157
20140625,212,23,327,756,17.45082022683812,57.23413094490784,681.315048828254
20201018,942,33,29,213,14.556603291127649,14.397869414503218,184.04552729436912
20230912,159,96,328,717,79.15021104671207,67.57732437425268,570.2724645790353
20240110,883,60,4,593,74.91671783121504,30.117254383343976,487.966027785441
20180920,369,18,615,349,18.99584042033452,47.78461968054243,282.21953989912305
20140624,961,34,771,971,34.23221325551886,79.70791433890764,857.0598724055735
20191210,483,48,401,657,17.397584650136668,54.24883011028561,585.3535852395777
20221128,359,3,533,974,129.9656268419044,69.92068621920961,774.113686938886
20170201,318,47,625,277,7.047428881916045,30.156359630686477,239.79621148739747
20191208,88,74,740,998,100.50492980946521,128.11073672214047,769.3843334683943
20170624,725,57,677,619,74.6928360502404,41.18701197199104,503.12015197776856
20141015,800,83,482,977,54.75542002756946,117.25667803538785,804.9879019370427
20160407,414,35,410,581,60.428948273054935,70.53032538263088,450.0407263443142
20240317,865,99,384,900,62.24582276429365,62.126791516695135,775.6273857190113
20161025,734,90,628,813,118.01916929604633,103.24494969805333,591.7358810059004
20170513,266,80,636,269,20.123539972928363,36.00469110468347,212.87176892238818
20230920,416,15,161,862,61.57103492567409,95.50208393074186,704.9268811435841
20190603,910,45,832,132,18.000907326170054,15.098525201635034,98.90056747219491
20160107,163,42,677,606,30.547615482190967,38.90241118612716,536.5499733316818
20191228,594,30,682,444,43.34091418239636,47.65565737077383,353.00342844682984
20180626,952,59,532,799,108.64731244831816,47.08661416128023,643.2660733904016
20191016,62,88,192,122,3.2387098743741203,15.767327583881698,102.99396254174418
20220207,808,59,684,698,31.825169476621916,35.350563655886965,630.8242668674911
20150723,230,100,133,380,8.526060663172986,48.97327838971467,322.50066094711235
20170731,746,60,190,848,99.76910890337105,125.19199022916806,623.0389008674608
20210406,74,68,31,547,27.18675256298419,71.22994244215552,448.5833049948603
20240110,78,17,912,791,82.87115307537334,94.48283627976559,613.646010644861
20200401,442,3,998,636,73.37467625402043,41.23802303017864,521.387300715801
20200602,703,78,790,828,110.07973564199122,101.02542951515076,616.894834842858
20150625,960,1,833,841,17.223731921979542,112.26659201996972,711.5096760580507
20210819,832,41,368,754,90.98390920728905,105.41047272405837,557.6056180686526
20220330,573,6,918,849,80.04522346350029,107.7904178935697,661.16435864293
20240705,338,38,161,682,82.55515496456614,84.7429532381427,514.7018917972912
20150218,818,34,668,318,39.55109406942541,43.27597314169241,235.17293278888218
20230127,287,29,673,616,44.37545984471478,64.82676869622603,506.79777145905916
20210521,933,54,603,154,9.298405147688989,20.111722883020093,124.58987196929093
20180420,415,89,461,122,8.742924255702437,16.622795576819296,96.63428016747827
20240226,174,46,896,180,8.56593023730597,13.124829525649425,158.3092402370446
20180723,78,66,300,747,41.7503755701096,47.767080087384386,657.482544342506
20210830,134,61,785,426,33.017058552716954,55.50803870370644,337.4749027435766
20171214,300,26,204,239,34.37272670407889,25.200883745420576,179.42638955050052
20180316,103,55,690,799,67.30221253281933,83.11798422155871,648.579803245622
20220423,749,11,663,487,37.26532557828466,47.18224785347484,402.5524265682405
20140226,132,64,747,226,15.485724131869585,20.95318119486814,189.5610946732623
20220713,303,72,955,198,26.027124477013835,25.098767096824155,146.87410842616202
20180822,917,21,739,573,35.694998585690804,60.32190022097538,476.9831011933338
20140504,179,82,4,639,56.54626302087224,40.80105507106262,541.6526819080651
20170828,556,78,818,118,5.879753589019163,7.409176704225504,104.71106970675532
20180806,140,3,245,151,13.693181174509316,10.128691979541168,127.17812684594952
20210204,692,51,320,383,18.692433043131437,50.31783993483705,313.9897270220315
20190709,511,68,679,444,41.90565101008683,27.415727312606094,374.6786216773071
20220312,763,4,456,233,30.082004099114666,17.651870234731103,185.26612566615424
20170625,41,85,252,312,6.437650234758906,22.087946459816177,283.4744033054249
20160801,733,68,722,155,10.850235143355226,21.503573913554938,122.64619094308983
20140228,619,89,817,175,23.882561247948626,20.382075020776462,130.7353637312749
20170608,459,79,417,267,6.559756614536281,24.67301891344196,235.76722447202175
20160920,876,61,683,389,7.813879052201225,19.977651708204334,361.2084692395944
20160218,307,83,357,502,34.243138506442875,39.481664965031825,428.27519652852527
20141109,65,45,740,166,18.88785436857077,9.810206677549004,137.3019389538802
20240517,111,80,181,140,13.67609011526598,11.546346673115838,114.77756321161817
20220710,63,80,67,911,93.5392989028476,114.9333452029263,702.527355894226
20221114,731,48,856,446,65.13253419872544,30.682124077539353,350.1853417237352
20180722,581,98,602,577,28.422267190372413,40.77965882536297,507.79807398426465
20220422,27,75,555,744,34.44556959768422,61.3443040219377,648.2101263803781
20200118,801,96,41,923,31.68001300696483,78.06431675074579,813.2556702422894
20240122,187,77,581,549,66.93485218504772,71.06682877848338,410.9983190364689
20160304,976,12,262,914,97.05965445828473,129.94514566871774,686.9951998729975
20180419,242,50,752,766,18.85802070873837,45.818386672062516,701.3235926191991
20171111,770,84,766,828,82.15111911195278,44.60610300454918,701.2427778834981
20180809,843,45,605,289,7.1859802156193515,22.52752628740139,259.28649349697923
20180301,781,76,363,839,55.22670668720716,62.508005475423026,721.2652878373698
20171210,285,73,880,912,52.15752250128577,88.08425440047407,771.7582230982401
20230826,327,46,804,798,111.0148071703209,86.68270223204733,600.3024905976317
20170129,122,14,612,186,7.364276818029298,16.3142482851909,162.32147489677982
20190625,714,56,915,792,92.28405287048037,106.07981858282473,593.6361285466949
20230721,237,93,795,673,78.2179471202744,64.01468880995172,530.7673640697739
20210426,971,31,390,630,21.99338540909145,55.94841048740041,552.0582041035082
20170822,633,64,287,702,52.34397597088707,99.20738270889738,550.4486413202155
20161123,585,96,452,367,15.918285663911693,22.47566027828702,328.6060540578013
20220221,582,50,318,211,30.374870755306464,19.08356834201997,161.54156090267355
20220130,748,35,735,234,16.649385222701483,33.28837888614541,184.0622358911531
20220420,241,30,37,459,12.353025638958307,42.676867949527384,403.9701064115143
20150616,906,25,511,807,73.38721435549449,47.509695371278454,686.103090273227
20230405,66,86,555,912,42.69453453061526,114.33301515847417,754.9724503109105
20160921,245,99,183,421,16.67410179654028,47.298645643519016,357.02725255994073
20150622,789,66,102,394,56.67514699263259,57.410776298939986,279.9140767084274
20180225,690,18,150,196,20.235262340961558,13.818483398605853,161.9462542604326
20240328,458,69,478,231,22.565832201197825,14.586753549933865,193.84741424886832
20240329,795,10,736,378,44.81648779110656,33.66033688312861,299.52317532576484
20191221,527,53,247,311,43.38830330201955,44.75474206400749,222.85695463397298
20190205,399,34,433,161,18.051278467283183,14.05280586160457,128.89591567111225
20210326,583,63,853,128,12.58234109550729,16.896145822008094,98.52151308248462
20180913,66,26,925,592,36.977824278690264,86.92010923156779,468.10206648974196
20140831,950,36,953,368,18.292102141582642,53.00468446539414,296.70321339302325
20240312,148,87,106,620,36.05735619690287,45.65422618985788,538.2884176132393
20180519,686,24,987,814,117.6222280149987,45.767063504731276,650.61070848027
20140829,285,73,620,334,23.117509818851527,26.954549514235556,283.92794066691295
20230209,698,57,833,516,25.313632967030674,53.41882636084323,437.2675406721261
20240520,91,4,739,209,11.851550193738921,18.761453742975057,178.386996063286
20151230,120,19,356,665,23.659738829582437,91.56935642397313,549.7709047464444
20140704,817,38,449,120,2.6023357751359573,14.344917700655975,103.05274652420806
20240701,342,58,808,256,8.263339341477309,26.198343834623454,221.53831682389924
20190728,478,62,214,916,37.01421052782794,79.33539119779009,799.6503982743819
20160514,672,96,7,668,54.34156284909675,89.45049549241257,524.2079416584907
20210518,327,63,242,708,16.804681589980014,64.10465098261513,627.0906674274049
20191228,124,15,785,206,28.453011062066,19.26107374057156,158.28591519736244
20140304,542,11,621,247,22.716642754928014,21.4036828068891,202.8796744381829
20210119,307,23,99,975,24.27871153277711,55.35205219867404,895.3692362685489
20240314,669,43,197,154,9.503657224566552,10.923025934366086,133.57331684106737
20221027,934,97,975,968,42.348088981875314,66.84697386086548,858.8049371572592
20180507,999,35,391,628,13.958646894214311,53.161186095320225,560.8801670104655
20170510,49,25,141,862,120.58181518187367,97.44285258073735,643.975332237389
20170315,651,32,747,354,22.957309927465474,49.226035692395385,281.81665438013914
20141119,727,43,525,715,52.94228663218423,82.4109549196021,579.6467584482136
20201222,635,99,590,432,32.123056911108456,38.881970596941144,360.9949724919504
20160107,372,89,501,277,15.698835566761455,16.188733164368355,245.11243126887018
20140531,502,24,786,896,30.811585593296392,104.94855898387468,760.2398554228289
20160804,1,100,320,657,58.65669398037718,35.71713003033037,562.6261759892925
20180520,806,56,916,117,4.78605686079999,6.1302133288992815,106.08372981030072
20140210,534,54,145,309,39.6873362925125,32.033620498495466,237.27904320899205
20220908,149,68,211,651,92.26549677451835,62.834497716481856,495.9000055089998
20210816,135,12,179,637,88.85703246060707,62.25214774997022,485.8908197894227
20220523,375,93,815,259,35.853490705995426,19.30519075901964,203.84131853498494
20210405,831,29,460,171,9.235934493403253,19.233550221504206,142.53051528509255
20220418,567,6,859,859,65.47545225990551,119.68191986603426,673.8426278740602
20200116,686,59,319,234,32.56449275591516,25.83921793171748,175.59628931236736
20220723,728,9,207,306,20.78829593908919,35.755452980309265,249.45625108060153
20160516,226,85,984,557,13.955670409428693,39.490642262890844,503.55368732768045
20181009,356,88,398,317,44.17390872855413,20.51758578201051,252.30850548943536
20240705,873,25,390,429,41.12014593110546,63.839518224593995,324.04033584430056
20180301,735,33,370,566,79.68573588991968,79.37993592540197,406.93432818467835
20200620,633,41,653,892,131.32643571844454,99.023726373525,661.6498379080305
20240609,717,20,834,446,45.094003153836184,31.039285789843085,369.8667110563207
20200216,85,58,907,382,24.62595562869063,19.589091117863134,337.78495325344625
20161017,490,64,576,935,50.215002672174684,71.36037662236457,813.4246207054607
20160904,718,66,784,868,86.87063814896759,71.03410481610284,710.0952570349295
20140324,154,25,668,970,75.103291314201,142.63605169160053,752.2606569941985
20240107,889,36,589,782,112.510045261025,84.16008018938594,585.329874549589
20210512,978,46,864,970,123.67401695732936,111.1028310821536,735.223151960517
20150127,952,35,256,905,71.61250007276695,88.99544494079912,744.392054986434
20211103,393,18,949,620,53.399017990987026,67.32057765348819,499.28040435552475
20201231,719,69,219,300,13.005463296761564,40.42749575917422,246.56704094406422
20200226,19,58,625,734,59.882988097950864,59.725430388351754,614.3915815136974
20240406,203,42,40,394,31.944602029755515,57.159820108207136,304.8955778620374
20221106,293,7,60,697,91.7172298181474,99.69459015862707,505.5881800232255
20141103,961,46,427,691,96.95058959305098,35.32371343169261,558.7256969752564
20200424,535,39,269,632,90.85688597696752,41.42782849998133,499.71528552305114
20161102,423,77,213,719,45.66645935931505,88.65757434963757,584.6759662910474
20240226,410,24,518,649,55.17765306151167,70.49930908577996,523.3230378527084
20221127,909,37,514,656,65.69819595783835,42.60873242597658,547.6930716161851
20160128,804,63,721,197,18.06550997891275,20.46817935169853,158.46631066938872
20190831,749,7,53,347,30.222585155092016,24.505477263840284,292.27193758106773
20200911,288,12,752,270,8.365376552047552,21.73530481721925,239.8993186307332
20240423,917,33,859,929,36.16559927641867,56.94321853153284,835.8911821920485
20201117,154,28,408,783,64.88295889093476,44.44101221865314,673.6760288904121
20140521,215,100,354,241,22.38578232326814,34.28209021931568,184.3321274574162
20181017,181,50,132,758,35.58208090490549,42.32866980688926,680.0892492882052
20200714,246,10,796,532,56.544025300201994,34.75323610867411,440.7027385911239
20150513,660,41,26,707,78.69893277315818,103.7916374582927,524.5094297685491
20180918,876,95,998,835,45.25148693622432,71.57170596813042,718.1768070956452
20160605,585,76,514,761,35.013055226181066,50.4280896736512,675.5588551001678
20141124,338,6,542,770,75.9124786913932,114.58902263592044,579.4984986726863
20140512,268,61,580,860,125.93754098223528,90.69628357773931,643.3661754400255
20141227,430,94,228,955,68.34973310863066,65.60192276885805,821.0483441225113
20150910,42,39,981,676,48.338167326060706,35.50844974822512,592.1533829257141
20201230,862,17,271,959,73.4387758261337,90.189351713419,795.3718724604473
20200325,647,11,685,776,113.06976482594841,81.30045580184027,581.6297793722113
20150404,790,43,476,313,10.568665246075398,25.831416324201168,276.5999184297234
20210423,510,91,883,950,71.56071797383646,60.41769551629068,818.0215865098728
20190410,807,30,176,861,55.46242722528943,84.12756514748703,721.4100076272235
20240419,786,93,273,699,23.618112656228327,68.64274616965417,606.7391411741175
20230321,330,1,203,157,5.816347609855561,8.100427428283425,143.08322496186102
20210620,133,54,392,827,41.28381256854563,76.02398236820292,709.6922050632514
20151002,257,40,183,889,77.89624275361773,72.73517698918924,738.368580257193
20200906,230,23,684,491,50.226695841861456,72.3052938922005,368.46801026593806
20220406,110,82,74,904,65.2754795043391,115.0132613697003,723.7112591259606
20160930,615,80,445,956,121.09700863908436,79.86058828681337,755.0424030741023
20180330,638,50,998,120,10.410066023118262,11.545826818427015,98.04410715845472
20160321,689,74,428,947,84.7932899138783,100.44779712909374,761.758912957028
20230807,670,91,956,955,130.6568895244441,134.82606816841502,689.5170423071409
20220626,511,2,763,279,15.965803916847705,20.655718199581994,242.3784778835703
20171017,171,49,406,823,89.5389699605159,43.52216223250224,689.9388678069819
20201120,768,76,908,367,35.34915855569628,23.33470337074965,308.31613807355404
20210828,138,27,274,673,42.38622508817783,36.40016764364905,594.2136072681731
20160827,89,32,449,516,69.44006535366691,53.332910930009234,393.22702371632386
20170617,817,85,705,619,73.41869703473837,48.77192314759742,496.8093798176642
20210209,778,77,786,733,67.098472020488,73.70723391145201,592.19429406806
20210511,202,75,710,695,61.38615574860969,77.61894697817942,555.9948972732109
20211021,433,83,781,550,56.679757655960124,57.5147047653194,435.8055375787205
20210419,479,15,850,579,50.952521173828416,83.30129121470573,444.74618761146587
20150509,322,29,954,526,44.84699983386867,26.64178823603759,454.51121193009374
20190326,947,31,589,706,64.83161336768981,65.56677779959088,575.6016088327193
20151110,395,26,665,723,85.55034576905652,79.98679382877476,557.4628604021686
20161231,692,49,735,166,9.012423549872068,17.09423921602107,139.89333723410687
20151026,220,86,51,978,25.26750426932591,146.5138400743184,806.2186556563556
20181212,551,22,985,682,56.577523043124486,59.35007765234056,566.072399304535
20151110,603,58,841,340,13.993553418412468,19.568890984896644,306.4375555966909
20180627,856,29,795,414,15.435239101269834,61.90166932280292,336.66309157592724
20231129,495,92,777,815,36.79562688181468,71.59933091273182,706.6050422054535
20200204,958,14,446,137,20.404178645097748,19.76843027938608,96.82739107551618
20220129,767,90,304,468,32.42755203244632,50.92483814907695,384.6476098184767
20231023,277,11,230,879,74.56019060320034,105.1040519803753,699.3357574164244
20200119,720,31,551,386,29.81603959912006,20.243617844313896,335.94034255656607
20230922,614,74,587,207,9.824467794815883,25.907523143880137,171.26800906130399
20230828,11,34,562,197,8.96493599493775,23.957925008353754,164.0771389967085
20200828,312,45,747,701,65.81791380729777,64.27759018336339,570.9044960093388
20211201,854,47,585,745,22.958702153455327,73.33931158297408,648.7019862635706
20160530,227,27,744,952,69.02668102682233,71.5634284532195,811.4098905199581
20240406,941,3,575,627,58.77463972340124,75.1315672076016,493.0937930689971
20170809,395,89,644,589,34.01480887843732,56.82735864974942,498.15783247181326
20240103,266,55,438,540,74.75919120036427,76.4813092433735,388.7594995562622
20230912,217,65,535,956,88.05038122744946,115.48369976021269,752.4659190123378
20191020,261,100,944,248,31.72573741952331,36.22831537135662,180.04594720912007
20170706,821,76,885,111,2.3949882476344904,9.650305761642189,98.95470599072333
20170505,673,33,921,180,15.864756561894813,19.96632126410893,144.16892217399626
20170426,78,35,34,311,21.416874815228326,23.57044784214743,266.0126773426242
20220924,332,13,562,502,19.698338597468965,42.368177539046236,439.9334838634848
20180323,21,46,730,968,45.93429101538738,68.20688025625752,853.8588287283551
20231209,7,71,528,886,57.508784408046175,73.92988721069455,754.5613283812593
20160401,979,92,653,712,18.259683021648137,36.63748837690351,657.1028286014483
20230214,549,33,616,574,77.31593902357216,34.499572675722064,462.18448830070577
20150929,997,31,269,781,104.84431465779328,105.81468854461195,570.3409967975947
20161009,548,79,421,204,23.414932379326192,11.46863285725072,169.1164347634231
20160416,821,78,898,545,26.06184190927355,59.518800385154755,459.4193577055717
20140306,562,45,112,186,18.571677595550046,20.39264633449347,147.03567606995648
20180517,519,99,521,325,36.37756179748886,36.46488656106278,252.15755164144838
20170309,252,44,200,676,55.14250341852656,67.09955086322896,553.7579457182445
20230416,641,21,626,687,90.37994065615024,50.305922184184354,546.3141371596654
20140226,595,91,548,583,34.79868706332642,80.3035497550607,467.89776318161285
20180805,573,32,310,702,71.48909053000992,39.577186254640274,590.9337232153498
20150531,735,80,211,608,72.09230440636134,38.959565746167414,496.94812984747125
20190519,894,92,119,249,34.61438167904549,27.004775172571755,187.38084314838275
20231013,216,88,841,381,52.033388157741186,35.974657153173034,292.9919546890858
20210821,818,86,826,192,19.42483571790445,13.600473589948596,158.97469069214696
20210323,50,6,229,778,84.23478757290125,99.7093902962048,594.055822130894
20160817,667,98,184,741,26.383027866946982,39.55918635596606,675.057785777087
20210714,507,68,74,253,33.081859951804745,12.951877414185965,206.9662626340093
20191227,497,24,886,782,99.80995392428952,105.44656298446047,576.74348309125
20220922,194,5,725,233,16.83628167320909,34.1957076233185,181.96801070347243
20240615,482,93,226,208,8.024771030158961,19.9873173370445,179.98791163279654
20190902,734,33,575,444,47.70639993069709,37.386773701100445,358.9068263682025
20221231,399,67,594,546,33.14422781530174,50.16961181070623,462.68616037399204
20201012,685,57,52,542,73.92018599300646,57.004865120546995,411.0749488864466
20180904,562,94,583,890,105.02797380590674,53.41897440980144,731.5530517842918
20230903,996,19,406,944,31.362873078075623,78.01825732386938,834.618869598055
20231106,457,31,282,496,19.380060906742635,65.55498407075093,411.0649550225064
20231119,133,6,929,386,48.04034241589223,29.733115928087113,308.2265416560207
20161227,966,61,871,980,77.7326605264946,125.28075347879802,776.9865859947074
20211023,831,32,618,657,88.87230156530808,62.39828038128214,505.72941805340974
20150207,833,43,245,463,47.018405139399846,66.02572585625148,349.95586900434864
20190101,553,92,823,696,84.13452736906821,89.10890671947323,522.7565659114586
20221006,147,71,707,768,104.4443493945785,43.85572635529744,619.699924250124
20200726,738,15,58,671,40.351052520904496,53.004269418897955,577.6446780601975
20230912,213,73,6,938,51.322830595430396,86.40560754740014,800.2715618571694
20150709,93,65,602,125,10.384025907992505,9.455884625824627,105.16008946618287
20210113,369,60,693,855,119.5505106200634,59.20081342876001,676.2486759511766
20151110,907,60,607,383,20.348952142037668,54.307482466536605,308.3435653914257
20230716,955,29,594,335,26.30892147496507,29.77222013057877,278.91885839445615
20150606,193,97,906,774,36.30744250300175,57.803278876554465,679.8892786204437
20210515,345,94,227,647,37.110793840726785,85.46654085022193,524.4226653090512
20171126,546,40,36,818,54.1767653708554,41.961161057506985,721.8620735716377
20160130,669,56,435,467,48.72412393115937,62.28659622110914,355.9892798477315
20190731,143,10,486,459,29.908045940799703,38.21011726803354,390.88183679116673
20200219,839,72,166,145,16.17004374372139,8.213295288243623,120.61666096803498
20151022,795,26,742,127,13.73223871659585,7.057113185305411,106.21064809809874
20150706,703,35,409,128,7.673657383196064,13.046372762335634,107.2799698544683
20180712,407,12,114,509,41.30664846883473,58.245219615542794,409.44813191562247
20220606,837,12,2,303,9.679434343500718,22.274550143607883,271.0460155128914
20210303,837,36,45,287,31.71627843623583,21.480048877627336,233.80367268613685
20140129,311,84,402,937,69.21153535798425,86.87069553633792,780.9177691056778
20180122,537,87,546,898,21.45708742637077,119.10257252767425,757.4403400459549
20200807,843,37,183,928,39.50164765386707,62.53450108892981,825.9638512572031
20201111,871,48,810,974,39.2751704396403,60.81774233125657,873.9070872291031
20141023,286,93,363,473,30.666504083480305,52.68484932566847,389.64864659085123
20220122,671,25,414,758,81.4845426793702,66.7584318567614,609.7570254638683
20230629,931,12,59,131,16.09049663547443,7.694210480309624,107.21529288421594
20140106,828,83,564,708,72.94921695146793,86.0797042650137,548.9710787835184
20240414,70,25,622,384,56.59281827754987,22.50378013048542,304.9034015919647
20190901,662,41,157,236,10.811271718682578,30.489357225250686,194.69937105606675
20160430,948,35,529,491,35.28802485622195,62.31492418230926,393.3970509614688
20240217,201,7,912,264,34.24341984212006,18.849531050335656,210.90704910754428
20210918,208,26,665,815,94.56554433642027,44.308631021325866,676.1258246422539
20210422,913,23,47,242,12.401455863957537,25.519780659191824,204.07876347685064
20150805,434,77,237,547,51.33854206590955,81.62886645264012,414.0325914814503
20200621,155,85,320,120,3.4389057868525414,12.539817371353186,104.02127684179428
20220828,913,81,111,377,44.66796960343055,33.60958124914776,298.7224491474217
20190905,848,22,745,114,11.025422204120824,12.77116879239044,90.20340900348873
20170626,341,76,555,849,98.44509212988656,82.10681614565202,668.4480917244614
20220701,291,17,264,250,28.074586196726806,30.45972064905297,191.46569315422022
20141111,915,57,508,313,39.67947200213146,32.28566951856631,241.03485847930222
20190414,156,19,58,760,49.07352491784512,63.296363424711515,647.6301116574434
20220209,927,43,690,438,18.194605974066196,45.719940791793526,374.0854532341403
20170802,566,74,402,459,68.06477731245032,49.50888241843719,341.42634026911253
20230720,906,36,739,447,64.64919554371767,24.51796865295289,357.83283580332943
20200403,498,60,215,291,26.842236433422247,25.29248017552168,238.86528339105607
20160412,450,22,847,860,85.14727898697525,76.97218345048094,697.8805375625439
20160216,407,3,259,410,57.5033314608306,28.700871816126153,323.7957967230433
20160508,951,48,3,299,34.26659503682316,21.757601531942896,242.97580343123394
20231209,25,46,257,242,35.6868504355714,14.097739717708482,192.21540984672012
20200413,431,13,940,127,18.37048851607394,11.52336625572036,97.10614522820569
20220406,909,5,868,538,75.72098777607658,44.51165235519234,417.7673598687311
20230107,354,20,499,463,64.12129614927893,41.50324927591797,357.3754545748031
20151228,356,34,458,372,42.05110613592805,37.903049272384344,292.04584459168757
20150401,465,12,287,101,14.1073780718809,15.024513947781568,71.86810798033753
20230111,436,89,602,523,45.21838373808367,31.84568505210154,445.9359312098148
20191102,413,99,205,707,41.648240408162,55.31727096692177,610.0344886249162
20220226,987,39,223,865,82.92740589587622,125.05478855938362,657.0178055447402
20180511,992,49,926,902,31.345216272234417,108.03172592447206,762.6230578032935
20150827,736,22,206,832,16.897546952903877,86.09246983998763,729.0099832071085
20151023,424,54,144,569,36.27766485963997,50.42154830508713,482.3007868352729
20160107,786,88,450,657,77.15804958097878,73.32847928557823,506.513471133443
20220908,124,66,742,843,26.096283970007697,107.60766649137408,709.2960495386183
20160608,414,95,205,254,6.30901905956653,21.946349164874515,225.74463177555896
20201215,962,59,209,669,30.688833792778034,72.51207237861011,565.7990938286118
20190625,718,22,883,373,16.92847421515042,50.28398982782048,305.7875359570291
20200731,152,84,498,806,96.59578003406259,52.45266893900412,656.9515510269333
20230310,521,32,255,733,20.195834603906754,39.86592848130579,672.9382369147875
20220614,945,14,186,184,5.429165776924294,11.234920674933807,167.3359135481419
20140417,248,73,956,457,38.36274535345481,42.5842483648176,376.05300628172756
20160209,955,95,89,820,21.73642236837727,93.12534657460733,705.1382310570154
20240115,625,97,355,654,40.894853216304796,72.25709774509134,540.8480490386039
20191002,536,62,475,396,54.14802380487337,54.1395607460708,287.7124154490558
20171105,581,78,185,558,59.99139814552119,57.40139075753819,440.60721109694066
20150829,882,7,837,405,42.04947570229253,30.190620840879085,332.7599034568284
20180513,149,94,726,119,7.786814784595981,13.108082984828135,98.10510223057588
20231006,604,20,249,305,25.841803735476386,40.90520139969186,238.25299486483175
20220213,361,60,567,683,100.29891890016552,91.95991970303754,490.74116139679694
20230715,904,91,733,696,57.98923650002209,54.586604674499256,583.4241588254787
20150304,359,77,771,826,100.6090868417672,93.67636872954084,631.714544428692
20210114,131,74,714,404,15.864464947154026,47.091452111332906,341.04408294151307
20150603,573,53,924,732,72.31073577273959,57.48795264701071,602.2013115802497
20220114,499,41,399,736,64.92868054993492,47.3013175363723,623.7700019136928
20170614,700,38,237,413,56.67194965332338,28.65670020308828,327.67135014358837
20200105,709,6,386,859,91.78507879431058,101.90137027158539,665.313550934104
20141219,37,94,875,947,42.24341979816995,105.71878224634227,799.0377979554878
20190922,761,17,263,239,31.452977895088193,33.30174963694716,174.24527246796464
20240624,331,29,37,897,111.88294338071033,129.4029522909408,655.7141043283489
20240512,184,66,794,634,77.13619957460419,44.942977028187556,511.92082339720827
20170831,361,31,44,311,10.44989536596336,36.22752999049005,264.3225746435466
20220411,269,30,713,158,7.9435415199595,15.011879981426764,135.04457849861373
20240325,992,100,523,947,52.61190493477043,124.93985053889713,769.4482445263325
20231211,541,93,752,760,54.053991460564546,108.80741345708019,597.1385950823553
20211015,786,42,8,463,36.733528598720966,25.03441304875495,401.23205835252406
20230628,545,91,529,731,95.60571290817708,65.32985105110669,570.0644360407163
20231227,166,9,2,708,80.30772000914958,46.498992933635755,581.1932870572147
20240701,410,17,889,550,22.26999411635985,42.46288928962455,485.2671165940156
20190905,570,10,234,267,27.525191833228426,14.910151006796834,224.56465715997473
20160307,762,62,873,135,16.30991189856854,17.45484245074308,101.23524565068838
20210424,302,79,251,707,72.83837841311842,36.88976455404142,597.2718570328402
20150626,694,38,98,297,33.68491782775616,43.76752208188303,219.5475600903608
20181104,70,74,165,790,28.783800771782303,102.98228959062395,658.2339096375938
20200326,292,41,324,247,23.081418147494713,26.6682672490374,197.25031460346787
20170629,99,9,335,716,71.54965102491346,101.40008316996283,543.0502658051237
20161028,62,84,253,488,27.123752468123623,35.891212393474156,424.9850351384022
20240717,346,21,820,119,12.044245592592864,10.605788531769694,96.34996587563745
20171110,319,99,170,280,10.04844018524603,20.305462359066787,249.6460974556872
20160504,398,71,44,144,14.108283820669245,7.956774626256445,121.93494155307431
20230919,851,41,705,549,72.75453512038689,34.4832341457438,441.7622307338693
20160104,398,55,547,573,20.321775885573757,75.40131786390565,477.2769062505206
20151110,190,31,409,196,21.29486973274023,21.943369827586235,152.76176043967354
20211209,729,87,935,610,66.63593631067923,77.09437862682286,466.2696850624979
20180703,196,64,61,363,34.28031981274393,44.17524574655344,284.5444344407026
20151008,638,63,393,911,78.39159354746043,97.99826072086711,734.6101457316724
20170527,122,81,142,932,101.63433001158077,55.44576781654951,774.9199021718697
20220801,205,57,786,578,68.18670280206065,48.02841678310861,461.78488041483075
20160915,590,97,712,491,48.652826934543356,73.18394205445233,369.1632310110043
20170301,587,61,295,379,34.992876122078314,48.100287158607365,295.90683671931436
20210511,595,26,370,889,38.86838557670663,116.83735982240577,733.2942546008876
20170520,687,88,466,179,17.903978966525653,22.56744219225577,138.52857884121858
20210805,62,41,642,459,55.25600536553113,60.096326453905725,343.64766818056313
20200323,466,17,354,673,52.920530071385826,53.61588719917051,566.4635827294437
20190522,540,23,242,216,11.180217536924149,21.490034947110505,183.32974751596535
20211124,275,51,410,145,8.507045807427762,9.065908087329982,127.42704610524225
20150314,892,48,844,315,21.37566935215424,32.3048740891116,261.31945655873415
20240406,967,81,789,443,9.645573602721717,44.31644462204749,389.0379817752308
20200530,790,35,521,611,19.388363473268768,86.5412323149541,505.07040421177715
20200930,779,3,810,202,22.797737180280823,13.396026819336457,165.8062360003827
20220123,944,73,325,809,35.57593659952028,84.47954900240832,688.9445143980714
20140610,36,29,678,472,44.48864993262971,52.86395099852853,374.64739906884176
20181203,89,12,590,924,25.014970454285162,111.67511475319246,787.3099147925224
20181124,529,69,65,431,18.697067987048637,61.51011400071154,350.7928180122398
20210510,54,33,409,240,15.941839866664088,22.22136356563176,201.83679656770414
20240121,919,8,732,894,104.22101245856773,105.05978219858362,684.7192053428487
20180126,356,57,668,721,97.06047022958522,54.98323545511209,568.9562943153027
20151223,832,58,459,984,100.0103242369896,62.489228850180744,821.5004469128296
20191218,470,12,347,927,75.85527166195766,66.57224482855315,784.5724835094892
20170204,361,68,683,499,21.81923463691796,42.04773088348948,435.13303447959254
20180125,664,11,373,937,41.12804687158225,129.44840904799224,766.4235440804255
20140120,571,21,35,908,62.197663841068334,95.35236580689231,750.4499703520394
20180616,902,60,353,659,63.816069450188095,37.96047768600075,557.2234528638112
20141024,441,27,312,577,15.76071518322005,48.29848469095422,512.9408001258257
20210618,593,67,408,504,11.871032383848528,61.524822193367136,430.6041454227843
20230714,717,7,125,211,4.538935460616924,11.709491691801254,194.75157284758183
20170414,550,58,862,198,8.961972038534839,23.782350006215797,165.25567795524938
20210223,258,64,788,327,19.848576250962132,20.60853089762445,286.5428928514134
20160602,361,6,34,983,59.845587084122506,86.97746785268913,836.1769450631883
20240110,28,41,21,705,58.07080808347748,77.42805029939265,569.5011416171299
20240522,355,53,789,923,25.14009520255025,83.93416299779568,813.9257417996541
20210421,695,60,561,851,31.211147314070672,50.46328682384755,769.3255658620818
20221205,690,89,823,897,67.43527584444007,64.73035153142223,764.8343726241377
20170919,466,68,46,772,93.59094265895199,80.23818542790664,598.1708719131414
20180924,36,43,462,940,128.86156761811125,76.71081298557766,734.4276193963111
20141219,608,50,588,958,71.80475116970514,53.714774658971955,832.4804741713228
20200130,990,27,656,118,12.05790601782544,12.779169887231683,93.16292409494288
20140210,441,54,437,627,21.154705002368416,68.6958534011148,537.1494415965168
20180529,140,2,279,738,84.51578230450687,38.60712821651865,614.8770894789745
20150205,544,42,792,227,14.452851614915614,19.470878267485027,193.07627011759936
20161128,999,33,180,224,25.470271940293276,12.240499999662402,186.2892280600443
20161123,213,60,268,142,7.352346547456671,14.5801717869174,120.06748166562593
20200415,140,40,775,712,64.33320892703277,43.55829707702004,604.1084939959471
20221027,852,94,142,585,66.56530221989823,80.76589440642286,437.6688033736789
20150908,593,31,221,839,120.66235329321184,114.95673070767273,603.3809159991154
20190210,395,48,157,154,4.129661819248277,16.165150412796674,133.70518776795504
20140623,269,11,319,352,12.198898823149706,38.42498647551092,301.37611470133936
20200815,308,83,636,573,33.15507811564742,84.42952546162643,455.4153964227262
20240110,934,9,712,212,23.101702660386124,22.32058873929477,166.5777086003191
20150224,975,86,968,126,11.877264055976571,11.174400757488705,102.94833518653472
20181018,575,25,388,975,55.34753009519734,74.26423238793782,845.3882375168648
20140618,612,52,92,680,76.0871739641232,68.07744168643667,535.8353843494401
20240229,229,73,109,683,81.09831974748882,54.2026150764214,547.6990651760898
20170409,687,97,534,480,52.11039021422073,32.18628747612315,395.70332230965613
20200930,227,4,19,249,36.678797630334266,22.037304067490737,190.283898302175
20220924,595,67,708,262,32.30142555098457,36.110008067847765,193.58856638116765
20150130,619,30,251,410,30.693715963379045,56.22307286498625,323.08321117163473
20210919,679,93,785,144,20.97394987582281,8.993662363008335,114.03238776116885
20230421,83,21,471,919,64.37192194035929,91.22409246008304,763.4039855995577
20180222,635,33,19,834,97.18945940038951,93.61686970059559,643.1936708990149
20151109,883,75,820,606,21.956617333409856,86.70860833864253,497.3347743279476
20181205,248,2,220,705,35.33924058744776,81.93033599244194,587.7304234201104
20200814,55,95,372,692,38.47612393885291,93.0157263532932,560.5081497078538
20240605,198,44,616,637,33.016122016660695,68.66586771763207,535.3180102657072
20220613,703,13,242,669,37.49692383020928,34.286744478765286,597.2163316910254
20221027,507,76,361,261,11.816786265083602,17.25166451215902,231.93154922275738
20200511,796,2,865,611,54.25442581608692,32.566429680738196,524.1791445031749
20180927,28,73,678,695,39.3396282540203,61.01412279342128,594.6462489525584
20180708,200,55,973,944,99.11629192262048,137.93279899602285,706.9509090813567
20140714,611,60,593,182,4.237004802431187,16.404322981399115,161.3586722161697
20140203,343,38,25,739,44.74887189427177,52.04315017123127,642.207977934497
20230306,484,96,835,713,36.236904750420145,101.33762708888845,575.4254681606914
20200104,47,31,509,983,128.77629338188828,72.61827968793109,781.6054269301806
20230427,75,41,295,496,35.98881459832285,37.21862240358578,422.7925629980914
20231229,301,23,817,676,76.78294032305187,79.3866732657701,519.8303864111781
20210329,872,60,130,440,51.099324745851426,49.03464562108363,339.86602963306495
20171018,381,57,219,356,45.80194242858522,22.44554637565279,287.752511195762
20190429,386,57,802,268,21.503543042827857,39.10149522523325,207.3949617319389
20170511,851,81,388,886,66.01299143634519,45.99497992409194,773.9920286395629
20220915,486,60,214,695,72.26143939352058,91.731277707037,531.0072828994424
20220123,367,65,701,251,10.087426676269839,18.491930636833597,222.42064268689657
20140912,134,13,269,234,26.85239081158375,16.65554280570448,190.49206638271176
20220103,998,15,197,504,42.333945499931495,66.59558242716466,395.07047207290384
20210227,873,27,924,423,36.27926290556437,22.892752956441942,363.82798413799367
20190331,793,23,440,143,12.104720000100912,13.516564525907066,117.37871547399203
20160127,609,88,597,857,52.99388966310584,105.64584288598867,698.3602674509054
20221021,776,31,788,818,43.27470952201432,54.02251822502788,720.7027722529579
20200303,951,12,986,398,26.064040209711028,25.464089221192044,346.47187056909695
20230619,440,74,798,871,101.52406322046033,105.98093172208226,663.4950050574574
20160615,700,95,323,492,52.29376797011261,36.242865593077255,403.46336643681013
20230225,859,74,87,381,24.51630152844964,28.90338560961375,327.5803128619366
20180105,388,10,416,690,77.23893447454634,81.18463769411629,531.5764278313374
20181128,208,97,116,708,37.11370305322024,94.6104249540149,576.2758719927649
20190625,377,59,540,387,48.083588480305814,32.88566260865395,306.03074891104023
20140402,474,10,526,248,33.3640280531509,27.989792222310314,186.6461797245388
20221219,305,58,861,453,41.06202031817614,63.65068459684338,348.2872950849805
20190709,430,95,659,561,58.975039232921155,82.80794408683965,419.2170166802392
20160107,463,37,955,430,45.84692147325922,29.31864540604381,354.834433120697
20230327,431,32,838,288,16.012121339957428,24.558482803236288,247.42939585680628
20190814,432,12,910,416,18.908100969314454,32.462879244037566,364.629019786648
20161012,938,30,333,492,56.51774431501876,63.88961858699729,371.5926370979839
20180519,436,25,802,627,52.289876353103786,49.19816616625173,525.5119574806445
20220708,43,25,225,211,28.030556522911102,25.128680246448802,157.8407632306401
20141108,16,82,347,432,34.15855862605833,48.396405871025266,349.4450355029164
20240220,152,3,577,326,25.80186929430814,37.104669875903,263.09346082978885
20200525,575,57,953,178,23.508578119248885,19.81336993237536,134.67805194837575
20190206,858,47,777,194,4.965972200377517,13.030162988565335,176.00386481105716
20140724,174,25,994,809,21.029207869744006,109.93510562687334,678.0356865033826
20151102,390,31,189,737,64.07711861350424,61.002070680397026,611.9208107060988
20210531,795,61,767,588,28.212130728827614,84.35506340873472,475.43280586243765
20180327,918,16,986,113,13.758590393778187,13.704106316031284,85.53730329019052
20210604,662,23,495,611,75.18737193415792,60.11951492625912,475.6931131395829
20150727,923,1,621,743,70.8220196378137,74.8846446399556,597.2933357222307
20160105,335,61,364,640,39.81991779103594,50.277604270789084,549.902477938175
20210909,995,94,991,540,63.63581352274239,44.551965496592345,431.8122209806653
20170706,110,62,81,902,29.251923609411552,45.823229658933315,826.9248467316552
20151127,632,18,670,100,12.22752803466004,6.028144159427258,81.7443278059127
20140917,630,39,856,837,90.30896021920795,64.02753776434074,682.6635020164513
20230608,52,93,110,491,72.76570438419127,34.56540105029604,383.6688945655127
20151016,430,15,956,609,74.75923171246525,75.0341796315536,459.20658865598114
20210813,874,43,74,563,50.877081586631306,66.66674600374527,445.45617240962343
20141005,611,44,499,205,5.533766165845675,11.070993147890926,188.3952406862634
20221026,37,75,736,832,34.23631681512013,55.42097983456431,742.3427033503156
20211030,71,47,853,699,74.09420807904495,47.20885324732341,577.6969386736316
20170609,137,10,127,544,16.70791916934778,65.16561009619973,462.1264707344525
20170125,233,51,513,668,26.30520885796229,88.37900477770103,553.3157863643366
20231107,592,94,232,953,71.83706077368814,77.2989584768045,803.8639807495074
20180915,776,86,438,1000,76.12355446116896,144.98038515968432,778.8960603791468
20170426,266,1,589,898,84.8276541816393,77.2021751887387,735.970170629622
20190929,690,19,836,912,62.22547624452965,103.67008012527947,746.1044436301909
20150113,848,39,351,790,85.96088713440957,116.29172921281068,587.7473836527797
20180312,216,33,332,861,128.24066786728068,72.49918659549043,660.2601455372289
20220302,776,90,610,701,18.053913099256402,90.44415304707515,592.5019338536684
20211118,387,49,592,953,72.13691835837821,90.46306930395038,790.4000123376713
20201117,149,89,949,258,11.563513635197523,21.528809562395868,224.90767680240663
20220909,73,54,974,238,7.779748960579466,14.16893202176764,216.0513190176529
20231201,843,60,359,146,4.6809149585697725,10.70595719084242,130.6131278505878
20200214,14,10,247,700,87.3745392025936,43.24892163473331,569.3765391626731
20150120,55,83,420,259,23.565834599696093,35.70743623033934,199.72672916996459
20180418,794,88,463,362,17.038736143579975,46.71827790636212,298.2429859500579
20200807,864,80,214,410,26.434390738024103,55.561241230726864,328.00436803124904
20170813,264,4,638,792,51.461297637773306,74.37760273796215,666.1610996242646
20180522,793,20,858,914,86.09943949083414,117.45493357631331,710.4456269328525
20170323,59,4,47,341,21.96644036521595,49.18671080711359,269.84684882767044
20240110,945,6,636,733,41.96716993382319,67.90266459581933,623.1301654703575
20210530,466,6,33,908,104.350194468834,98.25635322331179,705.3934523078542
20210512,112,88,916,862,36.10485246691326,57.05771942987179,768.837428103215
20230822,917,95,771,987,37.16150036684497,62.12356276149317,887.7149368716618
20151125,606,96,397,940,64.46828549602455,52.2973104603089,823.2344040436666
20191203,532,30,323,144,5.786278420433462,13.55436838434777,124.65935319521877
20230330,86,94,137,362,18.66252757243793,51.9135461146094,291.42392631295263
20210216,524,49,65,203,16.602170601459108,27.083534577034005,159.3142948215069
20140726,768,4,72,451,53.081412176345914,59.776417870276056,338.142169953378
20150416,295,1,79,711,46.44472764937122,59.291673728220104,605.2635986224087
20190110,173,72,784,973,107.53959831116727,119.2961609913689,746.1642406974638
20160921,364,36,494,172,24.996134734996367,19.038556938589014,127.96530832641461
20221016,266,10,734,855,33.34253027674618,73.16938520658951,748.4880845166643
20150307,275,59,595,321,19.596462105519354,28.024539978125283,273.3789979163554
20161108,770,33,478,993,125.6446488221185,79.06298327304033,788.2923679048412
20230518,403,27,629,731,107.75256881978092,51.68828580089244,571.5591453793267
20240523,57,79,403,354,26.70207000997436,51.8834572046529,275.4144727853727
20160121,73,74,93,635,70.70483421900025,32.71915327561502,531.5760125053847
20160206,898,100,750,376,46.08853647350097,23.805831289414414,306.1056322370846
20210808,974,45,892,860,33.397002222870256,52.8110528550214,773.7919449221083
20190127,529,99,834,195,6.531530652738289,13.912645899671512,174.5558234475902
20220227,147,6,924,734,40.66046863712197,46.54092283534996,646.7986085275281
20230413,381,14,376,598,29.57007316773323,30.59381673417337,537.8361100980934
20161225,125,36,436,358,40.150233994366126,18.65935864941984,299.19040735621405
20150202,932,12,533,248,13.867586342216542,22.413598659548374,211.71881499823508
20200213,305,10,614,924,64.57332717889973,101.86833647664855,757.5583363444517
20150525,811,83,338,594,24.923294375336184,41.25979650038723,527.8169091242765
20240523,284,71,662,585,13.750210610813113,39.08713763034065,532.1626517588462
20200519,235,59,462,247,25.0913904246242,16.815625695071525,205.09298388030427
20161001,466,61,924,982,62.43161530305889,49.687077626479564,869.8813070704615
20190418,778,62,859,220,29.36360844287416,28.54467223894912,162.09171931817673
20140604,861,5,705,279,33.93674639301412,29.796451541591512,215.26680206539436
20181005,271,94,698,434,31.39719333823803,64.10066555883746,338.5021411029245
20141223,880,10,66,498,42.253840592106414,27.146990276623793,428.5991691312698
20230115,396,51,987,555,76.31716683986252,75.31796747581124,403.3648656843262
20190202,631,77,659,825,62.94850403634229,52.20572377116486,709.8457721924929
20240606,66,21,942,286,15.341246952216668,37.165577590712445,233.4931754570709
20171226,583,35,574,238,25.733923353958286,20.901780957419078,191.36429568862263
20191112,973,81,39,402,52.316239843227265,20.298689896277995,329.38507026049473
20240531,335,49,267,427,57.03857533265915,59.89727428700141,310.06415038033947
20191009,812,18,416,468,20.312147473577987,53.312696788656694,394.37515573776534
20140702,940,34,697,604,12.975809762859354,56.49549923932241,534.5286909978182
20161114,624,51,634,991,23.11626513861692,90.4401910400706,877.4435438213125
20190702,711,100,211,942,34.906406420389196,114.96436182473505,792.1292317548757
20240411,3,82,430,432,42.163168294184096,46.60433800012875,343.23249370568715
20190729,105,29,116,137,13.344680566762763,14.111246614139171,109.54407281909806
20240613,607,54,32,581,25.584181738965775,62.367749366924734,493.0480688941095
20171222,455,62,272,444,39.44372052839662,64.77371780088126,339.7825616707221
20140210,633,56,384,226,12.553641865912319,21.46345858830979,191.98289954577788
20220122,663,99,535,253,36.84451237674243,27.105431345069935,189.05005627818764
20220308,437,25,349,482,36.38223399592108,62.79384128613248,382.82392471794645
20150204,427,99,539,869,41.48432376566695,73.85138688962269,753.6642893447104
20230517,513,15,158,734,89.74207469306914,50.39826019917692,593.8596651077539
20220531,694,63,37,445,60.26247952148058,52.97743814638107,331.7600823321384
20180208,693,4,251,904,125.70106430392859,113.31010135275784,664.9888343433136
20161020,802,38,650,864,112.07027260551126,68.84811821866084,683.0816091758279
20220630,284,13,946,796,30.327508116277038,93.60088763354364,672.0716042501793
20170622,840,84,336,193,5.9164523804076845,21.06093685070927,166.02261076888306
20231030,907,42,25,497,25.45594277933969,52.34390173120441,419.2001554894559
20220618,407,11,902,641,23.37302829542037,61.62979860499475,555.9971730995849
20210402,373,22,567,729,108.34117157610896,46.67475478604168,573.9840736378494
20230105,657,20,400,640,71.80718328524564,66.53445280384256,501.6583639109118
20160430,600,92,961,722,62.19327573150625,88.98877371872535,570.8179505497684
20180203,353,89,659,286,40.96060135239547,23.539320775797965,221.50007787180658
20180312,510,54,88,822,70.12865448644429,97.09762528345338,654.7737202301023
20220915,717,43,765,130,2.980818866103538,17.795259850635503,109.22392128326096
20230803,344,28,778,560,73.48561006500273,70.04361231078437,416.47077762421293
20201205,398,77,370,402,20.075129361004063,25.223555945282307,356.70131469371364
20220410,356,39,856,775,90.85368054784117,61.92717329364906,622.2191461585098
20150528,856,10,453,184,3.8836724356059986,10.759445713362842,169.35688185103115
20240101,155,58,299,520,49.91031969525,65.97556977942962,404.11411052532037
20190625,752,95,917,795,76.75765227236364,104.46257737033811,613.7797703572983
20230518,384,20,502,185,7.3564498700139564,14.86812144253255,162.77542868745348
20230713,703,9,825,223,26.19771646917746,30.845433961002055,165.9568495698205
20190215,253,61,892,779,107.0454820548392,45.19695112666162,626.7575668184992
20220903,440,94,904,351,36.81045241957946,46.996325171070616,267.1932224093499
20220125,709,5,737,553,71.00496808223406,64.13849988906613,417.8565320286998
20170702,270,71,448,218,20.136527280934306,15.069536676671511,182.7939360423942
20140815,797,50,184,771,108.90113246215357,64.15366194077893,597.9452055970676
20211017,938,40,140,889,131.04436366377274,112.54242315532538,645.413213180902
20180205,261,16,184,149,11.553538859941035,20.177178968781575,117.26928217127738
20181029,993,45,478,429,25.135645935165993,61.66653894490267,342.1978151199313
20190323,474,65,224,974,54.91648765076988,68.6074257876423,850.4760865615879
20200118,341,31,201,216,18.51283306897354,13.248678517832413,184.23848841319403
20201213,852,46,182,614,43.16614864866669,31.006684509733898,539.8271668415994
20180302,357,71,320,222,26.169638210724646,15.708314116773906,180.12204767250145
20240111,465,63,400,111,6.086453587251398,12.74000256580426,92.17354384694434
20201115,873,84,90,210,23.158291807353173,21.09860238837706,165.74310580426976
20190524,43,50,217,286,26.606171361785883,30.05277434397584,229.3410542942383
20170519,623,72,203,636,24.398828959844767,90.38616449806113,521.2150065420941
20190410,267,71,15,729,34.145649725978686,91.40545815535847,603.4488921186628
20141009,459,98,47,483,71.12401421903436,62.021139449409525,349.85484633155613
20220214,753,37,769,839,31.653599790972997,96.29413525396313,711.0522649550638
20180718,407,65,225,353,51.28830121163533,17.995363490953373,283.7163352974113
20141205,126,71,919,864,72.02308185041522,47.82683185680495,744.1500862927799
20140523,508,86,253,712,19.685221240401248,43.8264652094528,648.4883135501459
20190329,756,95,440,430,58.79295980206445,59.250893599806346,311.9561465981292
20180919,746,68,292,442,47.0522263914895,53.06832091243144,341.87945269607906
20210622,810,36,47,252,26.888824337210263,28.693900864373507,196.41727479841623
20150112,632,44,636,337,39.52587267868284,18.944749902421922,278.52937741889525
20240610,137,77,725,960,130.58010608980132,57.05830511413479,772.3615887960639
20140627,27,8,209,240,15.49848608089066,31.11720714597984,193.3843067731295
20150730,815,46,264,557,19.997464593725944,76.81786886408015,460.1846665421939
20220731,879,19,18,880,115.5854835399674,66.43529709306459,697.979219366968
20180605,123,94,739,275,23.65499728640357,22.718599214989272,228.62640349860715
20190223,683,60,89,699,52.889546203445924,104.76288694067806,541.347566855876
20220302,670,67,673,932,92.34842004416609,67.77603033758979,771.8755496182441
20160402,453,14,476,103,3.011120461441931,13.813697972215333,86.17518156634273
20180703,862,80,124,177,10.019465503443662,19.912227246059253,147.06830725049707
20191105,253,63,845,224,10.192217068146872,22.681416738240014,191.1263661936131
20180829,1000,86,804,764,17.763816076131818,86.72271453733843,659.5134693865298
20240420,241,21,536,787,113.62611326831293,78.14014035986885,595.2337463718181
20230912,624,55,950,927,124.87825336170891,68.6686216928359,733.4531249454552
20210611,618,41,309,417,57.58114658267563,30.173197703671725,329.24565571365264
20151126,663,9,294,773,16.80819328202097,104.22900037810001,651.9628063398791
20140210,680,76,701,373,9.38958541259889,26.322615369239895,337.28779921816124
20240207,785,17,950,429,54.3793630709847,42.3534614740137,332.2671754550016
20210306,137,96,330,473,39.85770265647556,48.04477309614348,385.097524247381
20230127,692,26,43,307,18.51216842779993,30.537493284600604,257.9503382875995
20220214,286,90,449,636,25.771055669863795,62.56888773869907,547.6600565914372
20230113,5,17,306,962,82.71655122131101,55.01529027359363,824.2681585050954
20140702,356,66,306,419,31.421239558453173,22.272869766842835,365.30589067470396
20140325,102,95,409,783,38.733311311286336,50.802586328249824,693.4641023604638
20151029,872,59,173,293,14.831357802408366,43.17219208588574,234.99645011170588
20170423,587,5,251,520,37.627469356214995,69.42932052956235,412.94321011422267
20200907,551,8,37,759,103.78946104549131,78.72649238718637,576.4840465673224
20150316,671,7,582,843,46.911417750812795,56.544788598866894,739.5437936503204
20210212,831,84,37,952,79.86501979407275,76.72140852914772,795.4135716767795
20170908,432,91,365,474,23.16134105448388,37.142857428125225,413.6958015173909
20190111,882,61,48,319,10.618185423188589,20.92591630137206,287.4558982754394
20171129,152,30,509,578,86.61081150632272,58.46511160304207,432.9240768906352
20170214,561,83,56,158,3.4945241453609994,22.045911533199224,132.45956432143979
20170410,688,72,941,713,69.03525990426238,86.52344869393245,557.4412914018052
20161018,270,85,134,280,31.277532885847048,21.326287605398935,227.39617950875402
20240619,481,32,812,647,91.87813353646793,36.38343584708651,518.7384306164456
20220913,210,20,688,909,20.633750717408287,135.42495447877056,752.9412948038212
20161121,713,8,264,708,54.17694794825947,83.64665000067832,570.1764020510623
20230114,715,34,255,871,81.30552556410593,51.4013934475587,738.2930809883353
20220118,484,67,238,364,33.573569857341106,33.50021443574878,296.9262157069101
20220603,737,73,574,381,24.481544408384273,24.00626737544545,332.5121882161703
20140117,565,66,363,365,17.091830821376632,46.37665255096794,301.53151662765544
20140519,449,74,629,387,48.91574393277759,44.63665751538154,293.4475985518409
20210528,393,79,268,261,25.035295409490747,22.96008650149596,213.0046180890133
20140505,518,86,664,677,99.0102218629151,99.56850138040866,478.4212767566762
20200723,429,85,911,499,73.26042288760063,32.759630021816115,392.97994709058327
20210109,183,25,359,336,20.707927704980463,50.332965706520774,264.9591065884988
20170528,430,42,835,533,25.00619705417352,28.287134652510552,479.70666829331594
20160715,196,80,336,552,44.17599308119996,55.755759835624644,452.0682470831754
20151127,630,14,793,581,44.63903171675439,34.687036284876875,501.67393199836874
20140413,862,54,378,130,4.216554026706037,16.11816905031828,109.66527692297569
20191203,553,58,378,931,103.95740311092837,64.28267093964251,762.7599259494291
20190508,177,84,261,676,100.20262725566664,87.95979919269564,487.8375735516377
20220425,772,55,393,405,22.044821192461775,20.385109999282236,362.570068808256
20140721,155,28,995,890,46.632325760176045,79.61584996033551,763.7518242794885
20180703,145,43,574,306,24.16226164498041,23.08062065540687,258.7571176996127
20180814,104,2,394,615,74.95568196117374,34.06082209708906,505.9834959417372
20140330,128,11,281,651,54.02863463874087,76.80598341730051,520.1653819439587
20220219,689,90,663,779,68.86984948661564,75.47740337481486,634.6527471385696
20201007,438,12,726,363,9.366501093697199,45.71404432759053,307.91945457871225
20150516,741,4,986,656,45.77230268934287,37.271695971964704,572.9560013386924
20200427,900,60,804,184,12.081028307648303,16.4129666040703,155.5060050882814
20150612,82,75,159,559,52.36094278204368,53.08954248972213,453.54951472823416
20200928,790,58,65,961,69.662016459561,61.98721907426243,829.3507644661765
20190208,505,71,86,254,37.30842470345474,24.346001396467198,192.34557390007808
20181212,472,84,482,148,2.9907388428196113,11.711091435202285,133.2981697219781
20231216,513,40,129,220,25.7094975036984,16.414882326186703,177.8756201701149
20190302,717,49,671,986,92.35362139932003,80.36987587720188,813.2765027234781
20231119,685,82,788,311,26.0102046637173,26.693696745737185,258.2960985905455
20160702,465,57,165,371,32.477554603714495,26.84126291104229,311.6811824852432
20191103,528,88,990,193,12.401275984741497,20.09698492891047,160.50173908634804
20170303,490,79,636,427,42.351796945813085,42.07180115626745,342.5764018979195
20161021,154,83,21,165,14.242427203204725,12.503720692655742,138.25385210413953
20141006,357,73,677,865,101.51555611702113,78.26476114397973,685.2196827389992
20150305,686,56,871,357,26.42406774726456,39.07771176120038,291.49822049153505
20210101,382,28,419,184,24.169358047658996,12.264638441875803,147.5660035104652
20150818,849,3,161,378,17.485883669595914,41.714149549285466,318.7999667811186
20170630,624,85,184,481,24.09980492257948,40.703501546936984,416.19669353048357
20150802,794,89,792,413,29.16438614662832,54.434043252534906,329.40157060083675
20220128,35,57,761,352,16.550570698646787,44.62538359723944,290.82404570411376
20200206,632,44,320,385,42.16641590915968,54.388957225888376,288.44462686495194
20170415,510,96,402,719,26.155085581176905,40.61671059493473,652.2282038238884
20230216,4,8,567,186,14.462911573457113,21.411199993427825,150.12588843311505
20180630,654,69,875,163,24.162141616990986,21.3000341812608,117.53782420174821
20140215,955,74,212,650,15.20713283445764,83.96538859754195,550.8274785680004
20190302,387,41,904,714,102.0097294349224,89.54421317744568,522.446057387632
20170917,559,49,660,883,75.44672459834919,99.66713263311337,707.8861427685374
20230930,946,96,38,659,54.57570117568264,73.97683544086553,530.4474633834518
20200430,386,26,628,173,4.3339871248250885,19.112306622293822,149.55370625288108
20170220,916,23,372,935,79.33676616975674,101.93310847022163,753.7301253600217
20210410,62,44,423,206,19.762599482179684,16.06085281695316,170.17654770086716
20150712,773,16,391,584,56.57494225098586,40.0776665710728,487.34739117794135
20230912,566,53,132,746,96.93571905316382,62.46960244730471,586.5946784995315
20191122,252,85,427,554,51.23272597743786,38.611170545381775,464.15610347718035
20220208,402,99,213,710,76.89674240657394,97.88138190747418,535.2218756859519
20230108,458,15,967,389,25.01647828966621,53.88365466517854,310.09986704515524
20160429,154,49,694,577,85.58387746032366,55.540563586698916,435.8755589529774
20140807,436,49,879,969,44.15288583127043,109.02660084436212,815.8205133243674
20190804,760,100,247,647,36.655632911715465,54.56477120593482,555.7795958823497
20160610,357,30,668,378,18.4620665525933,18.912776945818337,340.6251565015884
20211209,804,87,757,153,17.764224587985016,10.26611302281854,124.96966238919644
20180313,651,13,720,813,108.95427429420931,106.18107294173325,597.8646527640574
20141205,838,41,563,208,28.43845287760966,18.467560841114537,161.09398628127582
20240307,904,20,104,602,46.68270469106784,77.08950270617942,478.22779260275274
20220928,733,76,556,430,22.428110600437662,37.2306784488419,370.34121095072044
20150816,632,12,829,535,56.88973717039659,38.15041873815802,439.9598440914454
20160301,904,79,407,895,52.19556882705042,53.43316034366793,789.3712708292817
20140730,731,76,817,984,146.14598766868585,59.034584760890304,778.8194275704238
20221015,419,45,391,174,10.212604908362724,8.88927491832746,154.89812017330982
20170123,15,35,254,886,61.573884482999816,92.75339572343974,731.6727197935604
20231230,568,1,535,573,40.60529686717639,64.10134111935938,468.2933620134642
20240702,598,12,248,152,19.934797328854955,13.521020166728555,118.54418250441648
20150602,610,93,378,528,13.231481382664292,34.33852357679175,480.429995040544
20210405,95,85,310,939,131.23982388601783,136.94655536258526,670.8136207513969
20180520,29,11,272,835,41.3658266902519,79.76017995802125,713.8739933517269
20211222,668,53,847,875,20.729201161724315,78.70882264149711,775.5619761967786
20181116,547,38,378,713,85.48247081519808,76.30939283897109,551.2081363458308
20210101,505,70,180,107,15.247169983402667,5.763141147463344,85.98968886913399
20180803,164,69,781,960,79.19156264443274,113.18829977005949,767.6201375855078
20191027,942,15,626,875,84.45196692871328,45.415132413602485,745.1329006576842
20211224,273,7,183,910,114.56265156563043,99.87950432418135,695.5578441101882
20140113,635,11,942,643,85.22782502023828,55.343043407329816,502.4291315724319
20230410,109,38,154,904,85.12996907332074,54.49688047372556,764.3731504529537
20160103,464,63,905,630,36.272893570796846,32.34692090077805,561.380185528425
20150321,953,5,535,597,66.55525259695787,60.37288151661486,470.0718658864273
20200505,465,6,762,640,77.2086205142797,89.61958417294873,473.17179531277156
20150522,517,64,820,682,48.11012341207884,39.645749542539626,594.2441270453816
20161028,269,61,684,357,37.009129003655694,30.426345302649054,289.56452569369526
20150901,337,57,119,756,16.855496210639462,69.695219952679,669.4492838366815
20221002,974,35,940,909,18.45906958208334,96.45312836985339,794.0878020480633
20170728,216,37,345,264,19.623090227447797,13.990642741322471,230.38626703122975
20240308,508,15,983,152,5.659732434915635,14.54843362207613,131.79183394300824
20210826,874,28,430,459,33.066712102556544,53.72935875807799,372.20392913936547
20161115,43,11,209,449,57.63193866622828,39.80177375282744,351.5662875809443
20211213,358,15,893,841,32.73724694057525,98.43451111860358,709.8282419408212
20140331,925,82,845,733,29.679426718936625,46.47972118916598,656.8408520918974
20231026,870,69,238,661,32.180988632233266,53.66708521335729,575.1519261544095
20200221,974,81,110,171,7.043667950409748,21.391897862233193,142.56443418735705
20150427,199,24,740,138,8.20387481464684,19.12585564957978,110.67026953577337
20140807,55,64,296,304,7.830201861917303,19.945010245673725,276.224787892409
20221018,892,52,734,559,27.881314839852617,30.801987840787785,500.3166973193596
20150730,750,17,817,283,9.283997912487852,18.30770998387769,255.40829210363447
20140107,586,5,578,636,33.2550752788907,47.72709401846023,555.017830702649
20190211,383,29,872,797,62.198446570246844,73.82399962803596,660.9775538017172
20160831,763,36,228,184,26.06602828490159,23.16661560209907,134.76735611299932
20190911,694,24,475,870,45.748064658504596,112.15603646093317,712.0958988805622
20170226,605,57,320,822,44.784012547517726,121.57492541369062,655.6410620387917
20240225,136,89,789,316,38.28949223542546,32.48488133812764,245.2256264264469
20191006,636,91,936,430,58.6690507097961,43.17092374248474,328.16002554771916
20161123,425,30,792,284,29.534171778912892,27.855746240057876,226.61008198102923
20230223,720,53,485,569,27.866860744164068,45.65142139939897,495.48171785643694
20190725,976,99,213,516,73.32807769913124,44.54990708900891,398.12201521185983
20180719,240,37,887,856,97.42491902152568,77.45828456421064,681.1167964142637
20140918,719,66,339,708,50.915257774669186,93.76712478015345,563.3176174451773
20200315,70,94,633,761,63.00252250145011,38.86475895354656,659.1327185450033
20240522,884,61,391,815,43.85181342483412,103.05151285479683,668.096673720369
20180419,545,87,125,167,16.402748942135744,17.588076195205343,133.0091748626589
20200819,329,71,304,326,30.18856326182083,45.67886766453277,250.1325690736464
20211022,600,23,546,741,33.00313110202606,48.47231058122786,659.524558316746
20181201,337,15,533,379,41.5337187130352,28.166967932159285,309.2993133548055
20151130,428,73,230,660,31.236851788552997,56.279974949907825,572.4831732615392
20190810,682,98,104,188,11.384946410160879,26.596403173507817,150.0186504163313
20150221,350,9,128,866,98.4896894602946,120.55652896563289,646.9537815740725
20150216,139,23,406,915,120.8625768969104,103.24207021111211,690.8953528919775
20190518,944,91,161,342,42.059932582697094,21.847484380879298,278.0925830364236
20181017,347,100,366,206,22.418296701801445,25.083656838277054,158.4980464599215
20181018,14,18,309,643,82.82550697566653,92.04130896568371,468.13318405864976
20211110,512,40,267,903,30.888042445521517,60.77451987901534,811.3374376754632
20151116,80,75,950,708,17.335042262626203,101.60263080896884,589.0623269284049
20200915,877,97,324,205,25.934504472620844,27.428542561626923,151.63695296575224
20190812,994,39,148,276,11.93413744787422,22.338061996812677,241.7278005553131
20210418,226,56,712,213,19.442595789218085,15.357432265662743,178.19997194511916
20220121,169,9,610,491,56.54618707404514,62.34446342108269,372.10934950487217
20221106,863,15,387,827,93.44556330671553,68.67209253936105,664.8823441539234
20190816,834,8,250,123,14.230757454085674,15.119048585178442,93.65019396073589
20210105,854,57,527,666,70.03808680175646,90.77522025898449,505.18669293925905
20160101,567,93,795,227,21.78556566776908,16.233369376217915,188.981064956013
20220210,458,81,750,286,12.207184311958912,31.017335753776607,242.77547993426447
20230619,437,78,554,909,81.75863990284208,124.17726822751005,703.0640918696479
20180827,361,56,399,620,50.493269805407415,55.931169324030186,513.5755608705624
20180816,657,84,571,579,43.66742345074092,45.74509990665377,489.58747664260534
20211121,103,33,173,280,30.27543512261504,29.332643606120996,220.39192127126398
20140331,746,69,422,999,104.88136276974896,132.91393381818742,761.2047034120636
20230928,597,37,818,211,17.311140257748107,16.194403851187896,177.49445589106398
20160817,142,16,704,740,96.08548192063184,82.4320973126337,561.4824207667344
20141222,693,51,377,919,36.839858913397975,72.89883919888436,809.2613018877177
20191205,449,4,93,348,48.43836018332902,27.00265685839698,272.558982958274
20221007,300,5,925,792,57.93336404118081,41.37737514556061,692.6892608132586
20160706,889,18,21,150,10.25279942254697,13.598921534616997,126.14827904283604
20160407,544,87,600,711,106.2770317932834,99.03052388178695,505.6924443249296
20180611,556,66,897,533,54.4627216691242,58.893725145187716,419.6435531856881
20210802,679,9,835,417,22.827429744374964,59.998339588327276,334.17423066729776
20191129,339,90,583,467,65.83425804101817,38.33740014349003,362.8283418154918
20180403,756,9,785,844,22.76027485341082,97.8231874406738,723.4165377059154
20170821,467,72,188,276,26.973303194688675,31.303900106381043,217.72279669893027
20201119,433,88,63,125,10.61621547230542,12.094140068104705,102.28964445958988
20170516,65,15,208,186,23.48563884939276,23.812455343830187,138.70190580677706
20160811,648,78,560,223,6.512210612355515,26.654731428474783,189.8330579591697
20231007,974,4,937,392,56.183286797038896,45.56943721586349,290.2472759870976
20140807,460,12,824,382,16.128136470638715,40.910072414409086,324.9617911149522
20140106,645,72,634,852,104.21250955621669,79.92079964731363,667.8666907964697
20150906,376,6,626,480,43.85604491884445,54.92672554696922,381.21722953418634
20220623,999,4,664,704,63.24497074298362,66.33989050497252,574.4151387520438
20170131,416,48,653,338,49.66628728988013,49.386703263080115,238.94700944703976
20200206,135,85,281,845,45.42962148897884,68.91323732779428,730.6571411832269
20180213,842,99,809,161,6.769156552752781,18.203952384980642,136.02689106226657
20211206,435,24,736,344,24.68723050410979,29.762348299348726,289.5504211965415
20230403,188,46,417,628,31.625114383743757,40.24155608222269,556.1333295340336
20181207,876,99,868,355,45.002025937519534,33.67940347556575,276.3185705869147
20160725,460,22,72,890,97.84468860363405,107.6511669880211,684.5041444083448
20140528,614,74,530,925,27.537367088496325,59.41072132043472,838.0519115910689
20220102,67,100,234,491,33.42046319544147,33.65536043454957,423.9241763700089
20220716,991,80,517,872,58.5190741327657,109.7646697360263,703.716256131208
20200909,818,62,18,379,49.450026675616556,31.080028989653986,298.46994433472946
20220205,303,28,317,761,101.7935583840292,39.05539698504784,620.151044630923
20180723,73,2,314,606,43.41552751882149,76.42959865490532,486.15487382627316
20240314,508,8,380,985,118.6156165029509,97.50981955846365,768.8745639385854
20161112,577,63,637,750,96.78121631976713,98.3721705135205,554.8466131667124
20220409,717,64,708,161,13.188291986221712,16.221389602339325,131.59031841143897
20190606,218,68,293,247,5.568839791658868,29.15333512679244,212.27782508154868
20180414,759,86,598,615,90.2226133724993,85.00915363214344,439.76823299535727
20170117,767,16,639,639,70.36818444311244,80.86463205655059,487.76718350033696
20230317,534,100,88,852,102.7432374498759,44.589960340107645,704.6668022100164
20240522,36,21,125,985,58.96340924253722,77.77221039387808,848.2643803635847
20180928,260,40,493,467,39.74902144951542,39.10799365863433,388.14298489185023
20171017,18,3,614,115,12.60321566774358,6.808219108350309,95.5885652239061
20210201,980,59,923,136,4.122638750259543,16.313665149024086,115.56369610071637
20201230,469,10,38,428,47.302784106297956,32.94997466217872,347.74724123152333
20181010,787,50,107,706,37.01957408360145,101.19198303639045,567.7884428800081
20230916,194,35,108,765,59.095440564767856,112.04315472617719,593.861404709055
20140810,512,5,808,757,90.84555260963872,45.35561504999071,620.7988323403706
20220110,905,90,293,793,51.30875176541034,66.03522245721184,675.6560257773779
20151219,619,65,68,858,69.54904360817827,100.2570483117949,688.1939080800269
20140202,96,70,57,320,9.952376400796819,42.10383623321025,267.94378736599293
20211123,192,78,542,769,110.2123992734257,61.0252338584862,597.7623668680881
20190207,303,17,22,304,41.392873580121254,15.524332312197506,247.08279410768125
20230427,885,80,421,438,20.46491613449713,30.524733011078002,387.01035085442487
20200518,52,35,375,337,30.05974112846017,34.73260355304563,272.2076553184942
20230918,931,42,829,886,100.68089652906181,76.31489414593227,709.004209325006
20180613,883,63,669,181,6.675568188684348,16.350439455971927,157.97399235534374
20140702,910,63,185,955,114.40369238407911,131.33031885660753,709.2659887593134
20191019,916,6,425,289,24.152099554748673,15.307382612552125,249.5405178326992
20190611,453,34,228,501,15.071098751975143,50.87681440381791,435.05208684420694
20181116,160,28,298,404,26.16485740156807,23.629249153402906,354.205893445029
20231213,218,46,726,580,52.7916941078971,81.45551046019065,445.75279543191226
20230413,246,14,82,526,59.44809259185118,31.22551692326301,435.3263904848858
20240107,639,99,756,869,87.86117844448987,94.76845566616036,686.3703658893498
20220122,575,90,545,699,78.8712943746825,94.7417153639259,525.3869902613916
20200307,500,19,776,561,50.93303496530087,72.77685325388039,437.29011178081873
20160229,67,89,916,642,41.864982802538606,75.12564627465487,525.0093709228065
20160128,303,36,5,825,23.106207446727506,115.64820627634248,686.24558627693
20150514,652,56,923,594,64.31681707928578,49.270340117866326,480.4128428028479
20160229,864,10,299,262,25.15037485102946,17.516944638763807,219.33268051020673
20210104,743,16,957,197,4.325015296290831,13.936295684375333,178.73868901933383
20210511,576,35,216,113,14.672016465378542,8.49123560505075,89.8367479295707
20190305,545,13,881,344,24.63136155892121,36.14822691745571,283.22041152362306
20230306,117,73,142,406,48.35519007002453,22.200108389612122,335.4447015403633
20200131,267,20,874,632,18.331621732500093,69.98512429052334,543.6832539769765
20191113,951,4,313,239,7.628417494101974,17.241786288583317,214.12979621731472
20200427,552,27,103,410,14.775559817724105,54.60622074297367,340.6182194393022
20140727,306,61,438,845,103.01048075744764,86.65483680985581,655.3346824326966
20230215,301,1,399,416,53.504022510279256,46.90243902009543,315.5935384696253
20211002,139,96,121,287,15.70201977565847,35.3287807834427,235.96919944089882
20140312,261,70,972,564,13.900574332898964,55.94546021006514,494.1539654570359
20190812,28,12,330,269,29.524904634698668,25.162283289182824,214.31281207611852
20200528,833,2,83,474,28.137071125873238,40.97069780317899,404.8922310709478
20210925,696,58,328,481,60.08661758912676,37.38986333934244,383.5235190715308
20210704,348,97,381,947,47.92189511463947,92.23424510227682,806.8438597830836
20170328,224,2,541,341,23.469539077689102,43.04097088040563,274.48949004190524
20160124,590,95,461,412,32.62162426293776,21.44262538484131,357.9357503522209
20180206,59,81,530,676,37.63166080040037,75.48255044110549,562.8857887584942
20190702,573,58,786,771,103.25369514796994,95.531262593379,572.215042258651
20200626,408,31,641,200,22.601130496077957,22.0379675857386,155.36090191818346
20190608,56,11,313,895,36.430216077467655,50.03201566333003,808.5377682592023
20150315,490,97,974,637,80.46775368156548,56.25673709472199,500.27550922371256
20240428,872,85,325,164,22.852550016597696,22.352998356358302,118.794451627044
20140210,851,3,396,552,65.74163532667257,31.646564097522422,454.611800575805
20201007,211,66,578,240,14.818788795440058,28.115508247550423,197.06570295700953
20180527,145,74,86,576,82.12317511791215,66.0695639435102,427.80726093857766
20200803,768,47,319,663,84.05199245001619,38.31715428562952,540.6308532643543
20210517,483,44,882,485,25.83433465341753,26.13331447291833,433.03235087366414
20221122,126,66,179,528,30.756580180094144,64.00520451728737,433.23821530261847
20221121,46,56,165,223,26.6760953448961,19.528168934584595,176.7957357205193
20170102,422,80,581,804,93.48510119238453,56.76354359330925,653.7513552143062
20230709,910,48,812,851,96.01908904880864,126.435543024362,628.5453679268294
20161204,896,92,500,874,71.509269544177,104.83547743472954,697.6552530210935
20200126,360,82,119,199,19.163127685567453,21.092264410207306,158.74460790422523
20230921,669,32,802,1000,53.041480564634455,144.16017816190012,802.7983412734654
20181029,997,3,776,641,78.90615810715612,75.24778087010391,486.84606102273995
20190403,230,77,598,799,70.4037135705999,81.53227868356556,647.0640077458345
20180416,193,2,936,231,20.163285241399688,20.216298869706478,190.62041588889383
20240609,612,99,885,574,44.01737133106952,53.24806521653932,476.73456345239117
20190215,993,98,42,693,49.25260888064476,40.71967647502031,603.027714644335
20230520,717,76,67,217,20.763413187890812,31.902157694050345,164.33442911805884
20191118,356,44,812,920,60.72633543953573,114.99901895231439,744.2746456081499
20161201,680,47,23,551,63.40267601920562,62.88677865426044,424.710545326534
20210709,516,58,876,612,35.42059329701926,79.67820864413129,496.90119805884945
20140309,789,41,324,889,52.93226270708694,88.41623874367173,747.6514985492413
20161121,57,32,287,150,7.215756172647053,15.987315492252112,126.79692833510083
20211129,833,74,39,985,118.3553394468579,63.99800963143781,802.6466509217043
20230101,807,27,85,490,13.484299375825497,50.77940328046253,425.73629734371195
20240509,59,36,748,130,16.985785140610755,13.384392397463305,99.62982246192594
20240117,393,94,525,539,39.83103459351367,32.6923684556838,466.47659695080256
20150315,635,63,664,981,127.98801542156443,71.05128711102695,781.9606974674086
20180929,770,68,573,179,11.107195014748449,14.039126625972289,153.85367835927926
20140309,910,35,493,870,67.19105783655291,67.63055502518867,735.1783871382584
20200419,198,15,958,571,34.42703627759182,44.79434869182009,491.77861503058807
20201023,334,92,489,909,87.31795625656166,93.50654301299139,728.175500730447
20170529,853,89,651,469,61.11463645315327,46.45521665733763,361.4301468895091
20140111,867,29,717,395,26.34608892820714,22.568044796364266,346.0858662754286
20220709,4,52,305,970,98.22113530276816,77.23514451026595,794.5437201869659
20161206,480,67,889,532,49.674236538423074,61.21154641090425,421.11421705067266
20140928,999,43,818,832,23.836020603915653,70.6207577145565,737.5432216815278
20190520,650,79,234,250,12.593998419049418,19.98730680649164,217.41869477445894
20210831,532,92,149,602,87.80046850398303,47.67569424417586,466.5238372518411
20230124,592,27,437,267,34.76904947398322,36.0720530304847,196.15889749553207
20210223,74,85,752,128,4.867150518820186,15.134869074195572,107.99798040698424
20210702,997,18,36,375,13.370833107240161,45.42241628320939,316.20675060955045
20180331,761,62,208,994,25.806496029109667,117.70731765189889,850.4861863189915
20231010,212,40,408,603,76.94167815537853,48.01339921110879,478.04492263351267
20190715,167,69,154,914,52.1423119577345,51.43738670149698,810.4203013407686
20240117,353,48,152,467,43.535355946931936,63.47560618238444,359.98903787068366
20160620,892,20,309,980,93.70870611709101,129.02641603149132,757.2648778514176
20180628,604,25,697,206,16.039818802119893,29.996436606288942,159.96374459159117
20170920,517,80,138,218,20.01268712225147,26.07094640644964,171.9163664712989
20190628,631,7,924,934,104.21920754300233,119.25895698682854,710.5218354701692
20170614,189,30,144,761,27.63561296232648,82.32594820474974,651.0384388329238
20160614,557,89,662,772,49.86500756517957,54.19483503160411,667.9401574032163
20230425,712,5,663,364,51.80533447830026,41.284083516845335,270.9105820048544
20201204,660,65,267,250,33.159641448048106,28.517128899457113,188.32322965249477
20230715,264,8,731,964,49.45757896902008,123.40463946398015,791.1377815669998
20180202,724,31,644,471,24.351683817331793,33.55843596330987,413.08988021935835
20220508,358,48,712,124,13.678006427372047,14.942143976856208,95.37984959577174
20180720,672,69,562,394,31.78987044055474,20.64641812408731,341.56371143535796
20240721,56,32,543,775,103.13373198373819,81.83564652560345,590.0306214906584
20160204,998,32,436,362,42.356626645002486,51.87341872034534,267.7699546346522
20180222,352,39,414,830,102.82915303091565,84.10064545657264,643.0702015125117
20140221,534,50,748,527,14.959288373511043,65.51506105275553,446.5256505737334
20240322,357,62,712,151,3.117196531033779,10.898926950633825,136.9838765183324
20170506,745,26,524,478,18.991765922316407,35.57240244539168,423.4358316322919
20220514,485,8,817,553,74.90547443071199,35.26062698995792,442.8338985793301
20150920,338,71,103,139,5.1321547690347,17.713704675912826,116.15414055505248
20190522,405,64,7,368,55.04588698694956,21.958348962034258,290.9957640510162
20180313,133,99,675,534,44.351180027271326,45.71413236050043,443.93468761222823
20220128,154,58,827,359,44.631370583599974,27.577713806924763,286.7909156094753
20210312,995,47,396,808,38.74929793458927,108.4942091027115,660.7564929626992
20240326,734,23,84,733,96.33973223065148,49.20576550890906,587.4545022604394
20230928,59,22,76,855,125.17517983390799,115.96412153650006,613.860698629592
20150822,982,54,843,990,74.30198932913446,129.66054717363795,786.0374634972276
20190925,41,2,83,531,17.424654608760648,30.35834257534794,483.2170028158914
20181011,326,57,876,552,38.63151981125779,33.14838475103883,480.2200954377034
20211127,368,53,848,958,33.18371082514667,76.06118621243066,848.7551029624227
20171202,551,73,491,171,8.415569969386759,24.56422607830826,138.020203952305
20140127,165,93,795,904,59.893890828742045,109.934906152094,734.171203019164
20141109,616,61,103,914,37.857644145871824,53.482376323366296,822.6599795307619
20180509,968,97,262,934,99.26283651426247,86.65861317658684,748.0785503091506
20221204,121,97,997,391,25.138451504392346,53.86220628587237,311.9993422097353
20190922,145,14,547,721,70.68816784744855,79.77545151568046,570.536380636871
20190711,350,17,987,204,10.096396656354704,23.379182695109478,170.52442064853582
20200226,516,18,760,418,20.721994676211544,27.136356635976046,370.1416486878124
20140407,202,84,364,874,96.45175085607252,52.178198517350516,725.3700506265769
20170602,773,30,648,868,22.44650390828137,69.4382131306564,776.1152829610622
20221016,901,56,109,437,55.77380465835776,39.978614618916204,341.24758072272607
20220404,858,37,742,105,15.63963482285899,8.87797042504758,80.48239475209343
20160517,571,21,53,298,37.570505279140036,39.14649587241248,221.28299884844748
20210720,2,63,432,233,19.34783161670584,26.448011065120937,187.20415731817323
20160405,22,1,198,571,35.02499480296327,67.81654739565828,468.15845780137846
20240713,697,44,35,348,41.069270390901714,51.73960421675917,255.19112539233913
20220304,801,52,891,178,25.434680577141226,19.054191396188465,133.5111280266703
20220823,679,98,197,443,64.2420142829915,49.25622701206407,329.50175870494445
20160316,941,23,491,176,21.98629126289871,10.304902712564674,143.7088060245366
20150317,221,72,665,785,37.237736609399356,51.002434737306416,696.7598286532942
20180205,158,73,559,959,78.3666898822922,138.02702916658825,742.6062809511195
20240316,194,35,619,387,21.738575859731192,38.94488570463932,326.31653843562947
20210816,712,4,712,448,43.251323588281416,39.07366032379898,365.67501608791963
20160106,472,32,222,431,33.40787691193349,40.76516992049038,356.8269531675761
20220702,146,55,262,577,39.27040417638722,62.780917833059775,474.948677990553
20190201,292,11,738,176,18.153261517089412,11.70007528298107,146.14666319992952
20160728,110,10,174,295,42.6388344453602,35.20590265573778,217.155262898902
20171009,350,63,166,236,22.23346597308776,21.750928793093813,192.01560523381843
20181211,519,100,153,573,71.14415273851252,43.543724949075944,458.31212231241153
20211120,348,10,308,723,57.07247911838881,92.34775103115281,573.5797698504584
20190713,645,100,737,744,109.76930069693633,110.70590379707764,523.524795505986
20160828,265,79,453,995,24.107696995094884,123.98625372930931,846.9060492755958
20220928,783,100,831,124,16.091398478790918,11.703984013352215,96.20461750785687
20171005,442,70,268,781,108.44303488658521,87.4758226170664,585.0811424963483
20200810,193,63,897,101,9.522945095139452,7.462183885954208,84.01487101890635
20151016,416,9,801,664,19.08210556120975,73.22144078835588,571.6964536504344
20230426,601,56,661,604,71.9837879871783,36.24047856850544,495.77573344431624
20180521,857,69,405,746,19.866560277891324,51.96661505687687,674.1668246652318
20210501,933,66,911,261,28.75635058281561,18.87851261533894,213.36513680184544
20231225,234,42,397,564,14.758440414473347,68.98002658401683,480.26153300150986
20160127,62,50,876,360,30.26255853854512,43.06811654402623,286.66932491742864
20160119,760,83,427,691,52.64120244150882,96.86528127651454,541.4935162819767
20230423,782,20,871,243,5.555415209508304,28.11665472062447,209.32793006986722
20170613,667,51,472,403,44.479547841569286,42.20527299468967,316.31517916374105
20210516,166,81,550,795,92.33006578480376,82.90760851293996,619.7623257022562
20210827,828,45,226,900,36.11266303486724,96.23277105453487,767.654565910598
20160512,435,85,388,640,15.892827446975081,39.79400715336519,584.3131653996597
20191129,680,44,865,734,63.66027102503067,57.02545808102807,613.3142708939413
20200115,317,32,167,374,21.638834085206923,45.10737483299114,307.2537910818019
20201231,290,51,840,491,19.944311880014865,68.49394917156377,402.56173894842135
20191026,657,52,600,793,115.26823899052806,100.96637869330415,576.7653823161678
20141104,594,38,747,567,53.54584682082085,58.07182283404612,455.382330345133
20170228,422,86,21,224,14.215882717085524,15.055009254864498,194.72910802804998
20200813,996,50,627,128,11.505042554860127,8.503154244309382,107.99180320083049
20220618,101,99,663,747,56.821302277130464,44.782348544659854,645.3963491782097
20190707,569,81,632,712,99.66970566579243,69.84076325759972,542.4895310766078
20140226,259,91,539,327,9.91632412900217,33.21751100379134,283.8661648672065
20211020,610,31,457,197,21.431501540268656,26.72375406296475,148.8447443967666
20140430,369,17,725,485,28.20520811085612,69.86128939384662,386.93350249529726
20190421,694,47,536,547,35.99418773099004,39.255966070916514,471.74984619809345
20180202,690,68,406,304,15.67642403033888,32.32795347093911,255.995622498722
20150115,429,37,289,908,131.72067273920277,68.9190367374939,707.3602905233033
20190714,940,15,988,944,133.66179374146768,102.60376976070506,707.7344364978272
20210521,185,41,186,566,60.91466155022552,61.92850940455121,443.1568290452233
20231001,944,100,259,479,54.497131797037056,63.75591072140313,360.7469574815598
20160712,395,76,970,261,6.74776528239868,24.905028358139095,229.34720635946223
20190811,39,11,182,778,18.980623704845524,53.45521446399039,705.564161831164
20200508,358,82,389,189,13.526773121216939,16.183355305131286,159.28987157365177
20161202,675,80,732,481,21.978046207591866,27.716533678558342,431.3054201138498
20210124,885,34,793,128,8.270909111450784,8.136451004805956,111.59263988374326
20140726,73,87,95,577,80.94120763507759,82.86366017945744,413.19513218546496
20170401,523,3,18,664,85.64437282520932,39.544845771250266,538.8107814035404
20160327,342,97,990,265,17.5442669269169,19.8825496335359,227.5731834395472
20180925,364,82,19,931,48.47390701164718,52.965077585686835,829.561015402666
20201019,865,50,995,556,24.434814540938245,29.826896031278256,501.7382894277835
20240115,129,86,125,225,26.407879714647727,15.828728548501521,182.76339173685074
20230321,216,67,463,403,52.84310859255713,58.31960621561557,291.8372851918273
20200313,165,44,978,550,30.683419569912907,66.77238991654944,452.5441905135376
20201101,948,66,467,952,34.87962928790888,59.937977451554076,857.1823932605371
20140505,771,74,834,562,80.88901942169225,64.38809345060072,416.72288712770705
20210624,73,43,8,563,70.2055289402264,33.76306656476195,459.03140449501166
20220204,156,52,440,970,132.04312965600027,57.791200056992004,780.1656702870077
20190826,752,8,35,494,62.07379240720714,31.810318540067872,400.115889052725
20141103,465,48,406,376,54.460149345799636,50.16099377570735,271.378856878493
20150418,451,2,3,219,20.387873473415517,20.94004920785514,177.67207731872935
20180411,281,93,512,800,52.04128828331762,61.14668890224439,686.812022814438
20171022,235,8,76,325,33.757137248751455,34.056931961421974,257.18593078982656
20220615,352,95,89,347,43.055541343609676,40.07059069854739,263.87386795784295
20210130,182,31,650,563,31.924707411775593,62.74184819109367,468.33344439713073
20190723,677,98,74,208,26.362029161734995,20.670735554673225,160.96723528359178
20230109,985,98,652,306,19.45873081037582,20.17796131450345,266.3633078751207
20141216,260,13,626,603,74.99856835135766,62.95623863062545,465.0451930180169
20180620,964,66,950,185,22.43777645689209,18.902138983794284,143.66008455931362
20181210,232,89,293,300,44.99759340975046,16.661676296267416,238.34073029398212
20190108,971,30,55,657,28.431818750685796,45.38601002688677,583.1821712224274
20201128,391,1,613,207,4.240567485066887,30.94716256493773,171.81226994999537
20240304,515,53,140,951,46.89167151664509,118.26365179516424,785.8446766881907
20201126,606,12,456,469,30.589654462682542,42.09378190394323,396.31656363337424
20220919,917,1,409,146,3.8439192771957993,10.302453235499907,131.8536274873043
20141118,221,40,994,868,51.18146451380895,67.86728542857091,748.9512500576202
20200627,595,73,728,789,69.12183420604732,84.36782856349244,635.5103372304602
20170114,422,8,638,677,47.22616680442747,42.12000355176772,587.6538296438048
20181117,757,53,590,152,17.43547724922454,21.360319404079668,113.20420334669579
20181030,217,19,376,395,25.544430510054653,24.617263902902273,344.83830558704307
20221226,225,27,31,528,51.3116758357703,69.93100775768812,406.7573164065416
20240719,827,55,306,320,27.26467367863539,47.66749541174014,245.06783090962446
20190622,311,98,559,628,81.54980784341637,89.19419670688553,457.2559954496981
20201217,537,17,666,122,6.518400602964517,6.186423156845621,109.29517624018986
20231229,827,45,915,826,120.75056128308091,54.52229477738203,650.7271439395371
20211124,726,26,8,470,31.118319455037607,69.41396391375213,369.46771663121024
20210505,105,38,715,424,51.88451857910526,45.433982623875586,326.6814987970191
20160615,963,70,608,108,10.089427804160573,10.614079409722416,87.29649278611701
20140409,194,25,388,247,25.40386981092825,24.067133277214946,197.5289969118568
20161207,445,96,784,851,56.80201966475372,77.09072538267715,717.1072549525691
20220729,850,32,763,493,52.96551333729692,57.56173759145434,382.47274907124876
20220120,951,98,566,995,44.911722715819074,75.15650502364477,874.9317722605361
20171012,66,96,763,970,126.0234619264005,83.49016296285379,760.4863751107457
20160410,67,96,88,841,100.37616600488495,48.428347258121384,692.1954867369936
20191023,849,19,223,330,26.032908833414808,21.617974606779008,282.3491165598062
20200404,986,81,72,159,11.88442067964523,9.559206239560691,137.5563730807941
20220718,380,52,809,161,14.596375634910121,11.113031455360577,135.2905929097293
20140201,493,17,713,189,15.917610889513494,23.135666798361385,149.94672231212513
20230429,645,98,847,362,11.045140427783677,52.12136693585116,298.8334926363652
20150910,662,49,308,278,33.64605053117084,34.59028521297889,209.76366425585027
20240619,185,29,64,203,26.479468776812254,26.53598259868711,149.98454862450063
20180408,530,49,430,576,23.090208971637892,29.31899497791906,523.590796050443
20210630,557,66,649,411,11.209535432748138,43.13480357052543,356.65566099672645
20180904,2,37,532,933,129.02168844517058,127.70126528764256,676.2770462671868
20221130,678,64,863,782,66.92959209424276,71.4545906074659,643.6158172982914
20240516,637,5,86,155,14.908019135214756,8.577960839169751,131.51402002561548
20180822,875,83,502,890,32.86092112754481,101.17506844035805,755.9640104320972
20140713,753,57,709,284,12.885617466114393,40.910055567446044,230.20432696643957
20150131,983,8,568,653,46.07469876428942,93.18128568134028,513.7440155543703
20141203,14,10,145,308,16.650166238460468,39.175721180797005,252.17411258074253
20240308,112,14,361,166,10.917000082886172,23.683119646043906,131.39988027106992
20181010,333,81,194,264,9.207920506020168,33.31232690384709,221.47975259013276
20170308,716,55,239,807,56.76323248553461,67.59272178425823,682.6440457302072
20221117,719,50,197,598,61.24795053088229,32.92660782698203,503.8254416421357
20230602,21,90,930,291,7.355950783137493,31.89588047424466,251.74816874261785
20221029,70,24,593,641,25.162898470014603,41.21094456859443,574.626156961391
20190224,568,10,312,668,19.674939304213073,77.48201216485994,570.843048530927
20230417,361,95,24,284,40.06771875284137,15.575094462916471,228.35718678424217
20160522,275,99,986,478,18.62596880625744,25.99018832985585,433.3838428638867
20140923,828,64,874,365,32.39288900421412,53.65305986361095,278.9540511321749
20160804,899,88,47,444,41.35582994781368,22.753230434385987,379.8909396178003
20200331,91,69,756,462,10.298687179257637,25.867280738678545,425.8340320820638
20211027,826,64,420,701,83.53006501397574,38.99400496877379,578.4759300172504
20160224,82,67,866,590,17.499864818803086,62.40465017127186,510.095485009925
20160319,860,8,149,450,27.618802269337706,57.32308760739049,365.05811012327183
20160429,346,23,40,768,36.69414946775433,65.6033860035605,665.7024645286851
20210307,17,56,446,303,23.1312728905197,41.2773690372444,238.5913580722359
20221229,205,65,516,903,70.71224535013208,65.70729535736831,766.5804592924997
20150820,547,85,554,945,31.13917200182361,134.44686305843874,779.4139649397376
20230914,287,87,287,495,50.83776735671563,52.01223557094428,392.14999707234006
20140206,301,8,925,999,80.26940333165797,60.09618367728489,858.6344129910572
20141112,325,87,560,620,67.46668126540456,68.9668568267736,483.56646190782186
20160913,320,100,551,946,36.10015951466997,106.74184930126378,803.1579911840663
20150731,490,93,316,188,19.868312900086103,26.306706958551903,141.824980141362
20160410,573,4,684,319,25.349991547648443,46.187711654240935,247.46229679811063
20191203,731,25,877,667,83.07425369137634,44.83713058108927,539.0886157275344
20181125,725,58,644,597,34.448072478508216,38.615952499073465,523.9359750224183
20210830,167,6,840,614,61.14910728401689,80.9967828933793,471.8541098226038
20140322,643,20,293,675,36.12335540021939,89.0002787149888,549.8763658847918
20180227,544,30,877,799,82.86105125792078,42.081575200652956,674.0573735414263
20170723,988,88,465,246,5.879631089992998,21.017808271365396,219.1025606386416
20190302,862,44,304,753,80.68311876075843,98.84660117450757,573.470280064734
20180708,648,87,967,605,28.37952754905974,31.716948954950976,544.9035234959892
20210211,517,7,822,886,82.79489700472551,85.1513175467605,718.053785448514
20160125,999,69,849,623,33.46284916128544,87.37619084708041,502.1609599916342
20220524,637,42,506,579,34.75908406980809,59.80295848463706,484.43795744555484
20150927,355,38,32,156,10.546229854727162,22.50292055746614,122.9508495878067
20220527,601,37,91,823,63.808468006255815,51.76544501310432,707.4260869806399
20220216,547,83,825,988,23.22218317448513,108.36751506606934,856.4103017594455
20180918,684,20,562,709,81.63757533783146,43.631621279706906,583.7308033824617
20240621,467,18,364,436,37.09646034825497,27.18103673840607,371.722502913339
20190501,111,67,148,882,54.051988031655036,67.1172765141261,760.8307354542188
20240201,276,62,315,917,81.81272931423233,127.7761631931493,707.4111074926184
20230104,672,65,198,368,23.842199518522296,46.77680336409218,297.3809971173855
20180608,429,52,584,885,111.57598185933013,85.6522657505665,687.7717523901033
20220402,105,40,833,279,38.25480045259843,20.023220119709407,220.72197942769216
20200829,166,51,657,188,3.806365865085076,12.573266298287637,171.62036783662728
20230101,810,86,214,803,62.0948863835183,101.91553713374765,638.989576482734
20221105,892,60,60,821,73.61471103521664,46.39903324099671,700.9862557237866
20200301,555,16,572,348,48.206558442777585,34.5209047934864,265.272536763736
20170926,4,52,120,648,24.66675477762987,56.278984586075076,567.0542606362951
20170824,769,13,555,150,4.159051106085493,12.03263061370144,133.80831828021306
20160321,26,88,288,464,55.69268172305787,66.39729293465993,341.9100253422822
20230221,177,64,659,327,14.728835244857718,20.629281034798804,291.64188372034346
20190326,630,59,413,591,75.77114618856712,41.421792670940995,473.8070611404919
20201006,335,81,925,461,47.562543354204536,57.548419178216214,355.8890374675792
20201004,455,71,841,244,29.242912730119482,13.107135003482172,201.64995226639834
20240125,391,77,895,601,63.929518191886686,34.628358242741115,502.4421235653722
20240709,7,62,928,835,30.19753586232514,52.492318648869265,752.3101454888056
20140321,28,99,524,398,35.73877075279044,21.431309551423055,340.8299196957865
20150829,3,49,291,465,47.80697870406437,58.56005082653936,358.63297046939624
20140516,504,64,936,483,51.02922631759938,51.66807908008439,380.30269460231625
20230220,885,49,182,310,14.556506899873185,23.594229618245553,271.8492634818813
20161120,630,49,936,850,68.51926826004261,54.42383662550621,727.0568951144512
20150131,413,20,381,177,13.970393324154367,13.516628962727868,149.51297771311778
20140923,892,59,514,206,11.516983412258346,13.154705861565091,181.32831072617657
20140616,369,12,62,639,48.8384051313924,41.45893711202172,548.7026577565858
20210107,848,42,252,977,130.7361889420871,64.01632521121233,782.2474858467006
20170618,173,66,115,695,47.87478537715302,67.85001386854799,579.275200754299
20210920,375,36,264,130,6.965867426305147,11.8078288911876,111.22630368250725
20180317,102,47,180,482,19.099568794891702,51.53375449495527,411.366676710153
20181203,135,26,70,214,27.309782688934757,25.567577460393363,161.12263985067187
20190413,100,42,619,925,23.123209756441693,93.27127762034151,808.6055126232168
20221224,579,46,798,264,18.603651476311143,24.014721343271418,221.38162718041744
20180215,868,90,553,183,17.991957083312407,22.895304318051217,142.11273859863638
20200129,1000,70,205,333,22.299562871853546,16.757423496558342,293.9430136315881
20210625,608,17,916,788,70.05782818809233,113.1190831943614,604.8230886175463
20170514,902,99,12,736,86.62500817203275,48.444252527933536,600.9307393000337
20201029,366,80,399,500,22.619936523748407,26.32434829781939,451.0557151784322
20140815,348,22,853,499,41.45736350622294,26.437100080604754,431.10553641317233
20140725,849,17,313,812,52.003639004554934,41.513967141068996,718.482393854376
20220928,574,69,917,814,90.54571828411338,121.96947460784418,601.4848071080424
20211127,486,55,893,938,75.06049505486449,115.07376814571069,747.8657367994249
20240130,6,24,384,804,34.149693998302375,55.16269363688137,714.6876123648162
20211203,446,67,92,710,101.42620759774216,54.699029546049104,553.8747628562087
20191205,581,1,971,444,26.363428368280896,63.265707949738776,354.3708636819803
20140321,254,40,581,778,86.67635722731346,44.496574684142,646.8270680885446
20191212,254,34,672,622,39.34674513232827,53.742557024712376,528.9106978429594
20161026,74,41,740,577,51.90149214675292,58.7451990924385,466.35330876080855
20140225,136,51,30,712,86.67333192836892,96.00091479362729,529.3257532780037
20141118,653,37,525,517,10.510536411914773,46.30699345547152,460.18247013261373
20211009,68,47,380,978,20.899299852168784,79.0347986715736,878.0659014762576
20170330,285,73,242,266,30.618564504704757,36.95819815959335,198.42323733570188
20230623,500,9,393,559,73.32017693773093,64.81725558438414,420.8625674778849
20150605,107,58,152,598,61.640030107302636,33.195926128305636,503.16404376439175
20191209,240,26,890,741,40.94942642292308,110.08543928566043,589.9651342914165
20210915,981,28,627,433,21.62744065106025,53.66760471188899,357.7049546370508
20230413,607,1,353,263,38.55979471264324,16.195703653954013,208.24450163340276
20230703,714,90,563,649,36.02072199758841,86.7806041263404,526.1986738760712
20201001,445,17,223,659,39.07481305840581,47.14764711590754,572.7775398256866
20170918,365,61,780,929,96.7261357398464,138.78456574416398,693.4892985159896
20160522,574,72,818,963,41.21741305973309,53.931344790949105,867.8512421493178
20180419,293,82,362,177,21.43744735373394,25.086284845390963,130.4762678008751
20201214,210,27,110,187,5.7059822832299565,20.945303024788895,160.34871469198114
20150120,416,4,283,334,38.91006634533742,48.357507980688396,246.73242567397418
20201030,166,82,838,666,49.564690716391965,57.96338630418474,558.4719229794233
20190525,437,92,235,254,12.227177298093771,29.140562241434527,212.63226046047168
20240219,162,24,717,705,48.00916182159343,89.23711031948257,567.753727858924
20150612,211,6,238,189,13.876181089717173,26.182819392106893,148.94099951817594
20191019,611,86,15,425,26.36852103207963,23.25870379414075,375.3727751737796
20161206,658,87,549,120,7.653545004637831,12.280575131910046,100.06587986345212
20171014,969,79,613,610,12.38610225775488,47.170628649419456,550.4432690928256
20210728,924,56,141,786,77.89160996813634,94.44985018486896,613.6585398469947
20200426,248,14,476,375,19.65219464668363,38.33448377863448,317.01332157468187
20210401,924,45,254,511,63.94014227560049,52.40195151156069,394.65790621283884
20151001,902,11,49,974,27.442584232087107,55.98587360950185,890.571542158411
20210420,52,76,357,346,42.54666598732718,28.874136643300133,274.57919736937265
20160717,497,43,114,766,103.19275995049786,95.61952135113133,567.1877186983709
20211120,557,30,110,922,80.00914781284379,105.65716056563777,736.3336916215185
20191210,867,48,872,690,52.913254325385815,37.10136324715361,599.9853824274605
20200904,604,60,157,828,123.87370071651019,65.38249259375156,638.7438066897382
20220707,677,99,670,801,109.74273122871146,68.85993925570543,622.3973295155831
20140816,322,70,592,452,14.29188013920862,29.668583937746178,408.0395359230452
20230730,302,59,556,612,63.70104985886187,57.76538052496026,490.5335696161779
20230816,654,58,988,198,20.76996036100401,26.140158564839155,151.08988107415684
20190906,225,59,813,123,12.55099162918454,6.868322555718477,103.58068581509698
20150808,185,29,104,521,12.40161741408895,35.68442820550353,472.9139543804075
20230823,815,14,366,983,137.17753390437414,93.13987984362974,752.6825862519961
20150511,492,87,797,474,43.49925877197454,52.685777194985434,377.81496403304004
20160328,656,59,624,710,47.9326219365537,67.78013721862432,594.287240844822
20141123,678,45,643,479,47.06535801508696,50.25471566665206,381.679926318261
20220517,459,49,964,100,3.7723929595989443,12.01127662506473,84.21633041533633
20160229,41,1,964,613,87.36944334702832,48.51803835726603,477.1125182957056
20150407,460,100,267,955,93.80360170368047,111.53934814991773,749.6570501464018
20180316,428,30,915,270,37.819994703077796,33.934602349675686,198.24540294724653
20151029,684,42,61,709,40.10680630117922,55.881416270449705,613.011777428371
20191022,655,39,505,974,117.97381179661959,86.2529194171607,769.7732687862197
20230421,835,95,440,641,25.938562855496656,45.07356804337201,569.9878691011313
20191031,646,82,911,805,19.592225203690614,81.79639775534865,703.6113770409607
20170618,254,90,369,923,71.83166564869634,131.7894664649767,719.3788678863269
20140112,516,64,260,687,48.50060182761502,83.21865791032195,555.2807402620631
20200603,62,50,490,203,25.509066375462428,20.88503235701669,156.6059012675209
20220221,380,24,964,314,28.780176870056003,28.675696451302795,256.5441266786412
20180327,386,31,198,701,92.35931819908913,60.43708027991108,548.2036015209998
20170505,53,57,491,975,31.404638696636546,60.07755697200293,883.5178043313605
20211104,267,19,707,160,23.930723406030346,22.224658680788583,113.84461791318107
20160129,603,7,709,588,72.0362840875405,48.81241014410519,467.1513057683543
20141023,647,7,865,117,14.696419682983526,7.888489578226889,94.41509073878959
20160125,126,37,906,189,10.766214512237552,21.378052458781404,156.85573302898104
20170214,349,3,957,207,16.138223141680413,15.344481295611338,175.51729556270826
20210720,633,12,126,210,18.365106175880236,17.43666932490366,174.1982244992161
20190303,180,31,80,209,19.469607883721373,20.30076358908017,169.22962852719846
20190108,839,98,139,669,14.954352844658317,65.85718341860643,588.1884637367352
20161023,925,91,917,893,49.69423296437002,130.24872683305398,713.057040202576
20160906,88,95,995,683,38.74084440793981,89.66155730105821,554.597598291002
20150629,680,87,536,976,58.183714035933825,67.80340942445176,850.0128765396144
20201004,172,51,710,766,58.162947999262116,91.70128963348516,616.1357623672527
20181102,139,80,668,756,50.36768572565003,87.59640685664678,618.0359074177031
20180417,290,85,313,109,13.117198152501679,9.075451657336865,86.80735019016146
20151215,881,96,533,358,49.32024088568616,31.900677086091314,276.77908202822255
20160508,770,79,466,588,78.06039099701036,82.55908304899772,427.38052595399193
20160514,335,11,399,376,12.149765906023262,26.598507254455196,337.25172683952155
20230917,558,35,716,948,65.97499085960173,86.29421339224275,795.7307957481555
20181113,148,84,206,586,37.895976521485785,45.870057076088735,502.2339664024255
20170324,357,25,880,477,39.57892516494589,34.90095283702929,402.5201219980248
20180820,593,89,452,529,39.392155987988666,50.59115181684326,439.01669219516805
20200317,138,4,600,976,91.16854977151146,75.31305735040931,809.5183928780792
20140721,591,3,909,940,24.771019307557,72.40645174304207,842.822528949401
20160703,305,19,571,258,19.80588768526188,17.10951504938896,221.08459726534915
20211201,453,43,326,818,48.443154200968124,83.48766897452815,686.0691768245038
20210713,448,57,638,119,16.833683277201757,14.29965305817101,87.86666366462723
20140224,286,78,139,428,26.75087701911486,32.52577336639068,368.72334961449445
20210629,733,69,537,113,5.884691752133616,12.797844400457652,94.31746384740873
20170724,73,24,890,611,33.08035647873331,44.62975130279522,533.2898922184714
20180401,89,60,431,253,32.06500589545309,23.580112368564322,197.3548817359826
20161220,207,64,652,218,12.573415159927057,21.991107191494848,183.4354776485781
20151209,121,2,714,130,15.060568577380774,19.31663338826442,95.6227980343548
20220214,196,47,59,673,63.61636208496414,94.14327259976012,515.2403653152758
20200422,419,53,158,897,87.18818705384497,51.64174552689521,758.1700674192598
20140414,919,81,143,749,38.54692609291185,54.32911318354071,656.1239607235475
20231015,982,66,860,178,21.424785221952067,26.27392396190972,130.30129081613822
20220708,599,87,567,313,17.757361720176693,18.25157309381535,276.991065186008
20210612,624,23,581,691,68.42825298236724,79.40257998377975,543.169167033853
20221102,787,79,315,330,28.443335930218154,41.96403145606522,259.59263261371666
20161105,454,35,773,156,7.115173607012171,11.494492671846716,137.3903337211411
20220315,403,12,491,774,23.06556431245346,94.50039063602266,656.4340450515239
20191021,76,54,954,830,87.48289171728952,78.00778456031034,664.5093237224002
20201010,838,97,805,711,74.02675089523385,84.03392171047513,552.939327394291
20190804,395,88,282,741,21.83218152683009,43.44309024024308,675.7247282329269
20151207,944,10,992,313,44.56179079593046,38.78459032109266,229.65361888297687
20181113,167,24,949,992,48.32292660862825,83.13487320178626,860.5422001895855
20220804,28,66,607,434,11.246616303812274,62.99829228043984,359.75509141574787
20170731,149,68,89,867,79.32108528831941,92.6575597911992,695.0213549204814
20170309,284,30,309,531,13.70951440507534,63.15303566784477,454.1374499270799
20201124,52,45,667,350,10.421729751005897,46.780037227948185,292.7982330210459
20140321,341,12,762,946,85.35148694516253,47.66476292818395,812.9837501266535
20140722,857,34,675,679,79.6293732819405,55.691075573436606,543.6795511446229
20181230,158,9,415,839,96.61021735153834,101.77710918199715,640.6126734664645
20180903,676,49,737,648,38.2133808174877,50.56122871657162,559.2253904659407
20181124,929,82,548,234,12.750452499304497,22.681409605881825,198.56813789481367
20200908,239,52,527,533,46.46438315692533,72.67950302229222,413.8561138207824
20161214,606,1,129,121,15.37727750314409,11.373281832361004,94.2494406644949
20210611,909,23,659,820,72.41577417762748,46.2904083290619,701.2938174933106
20161130,197,68,513,796,16.11779589619448,103.87422084557141,676.0079832582342
20170603,579,23,922,359,12.112854322763795,39.297466495581986,307.5896791816542
20210219,115,30,607,475,11.490934702862937,52.503827670377426,411.00523762675965
20160615,150,53,775,850,114.48539338714393,49.49828194497492,686.0163246678811
20180530,262,13,314,491,49.7710736258493,58.345861660763234,382.88306471338745
20160404,452,23,958,442,31.718987488702293,63.740902318274074,346.5401101930236
20181014,326,73,361,998,117.33189616467308,77.58093394485604,803.0871698904709
20200825,116,6,987,378,46.24993260935874,21.53074160574777,310.2193257848935
20190928,947,62,364,812,105.74545105425715,55.93620677624394,650.3183421694989
20190130,226,99,654,828,122.06204920013398,84.39217695572869,621.5457738441373
20190511,778,91,951,387,53.37893872248077,43.89411236709562,289.72694891042363
20190429,949,86,973,520,27.523225308071197,35.98011160985064,456.49666308207816
20240612,717,55,211,654,52.53574373428321,76.36257455270369,525.1016817130131
20240312,95,89,669,878,112.551056737987,59.25462157767013,706.1943216843429
20151121,822,40,366,151,19.855857451627468,8.256322418561176,122.88782012981136
20181125,884,34,281,306,20.032878439183857,44.87609490497955,241.09102665583657
20230214,580,92,677,878,87.63959729481209,130.5225495936218,659.8378531115661
20240222,380,23,886,814,110.84206131800114,59.58282562645117,643.5751130555477
20160610,742,62,887,897,51.627596556334886,104.17103652359854,741.2013669200666
20210602,857,69,968,909,49.43576744969898,64.47772116803934,795.0865113822617
20180401,937,56,88,644,15.412289612285965,51.29141633695774,577.2962940507563
20220827,295,87,413,430,9.776562881761492,49.73958624018484,370.48385087805366
20170605,834,23,796,806,60.358561550764655,96.71990400323091,648.9215344460044
20210317,837,73,682,937,58.97586242894602,80.95205963928235,797.0720779317717
20211029,562,11,410,254,12.70459914835759,37.04631013089152,204.2490907207509
20210207,618,16,977,413,30.00875122897495,27.10976134758259,355.8814874234425
20140611,883,17,845,143,10.189135712577901,9.786727010491221,123.02413727693087
20150526,532,11,700,515,23.022890764988382,53.64963899354679,438.3274702414648
20221013,8,47,986,725,62.23587831529256,45.50816168483553,617.255959999872
20201119,62,16,141,766,34.20249705837296,49.38361996214049,682.4138829794865
20220914,57,53,913,135,17.423766487486755,19.010720363321845,98.5655131491914
20150105,144,75,615,234,6.434612669416602,20.488433707167662,207.07695362341573
20160421,640,100,774,425,46.94190012442856,28.074023659610614,349.98407621596084
20140910,407,22,38,523,66.1951571194911,41.197756864609126,415.60708601589977
20171024,856,66,105,999,51.205133963418916,135.11676877755295,812.6780972590282
20220829,270,26,410,375,42.88253326967211,19.686145755329473,312.4313209749984
20170305,77,12,945,480,22.904920049671496,44.197372049762095,412.8977079005664
20160515,628,38,194,157,16.66691866107939,9.623088482402322,130.70999285651828
20220616,422,56,120,321,47.680969976226116,42.08551422275992,231.23351580101397
20140804,125,83,147,958,23.96224218440053,123.7183979553688,810.3193598602306
20190515,609,56,212,361,43.359295781227914,47.18045565302534,270.4602485657467
20230123,23,3,14,815,34.805470279912356,91.76393725461614,688.4305924654715
20221006,789,53,379,913,32.82353321855292,71.7075028649282,808.4689639165189
20231126,481,1,83,172,12.927454927310865,24.78715626756958,134.28538880511957
20200707,954,75,17,189,20.97638334276603,17.00474414633656,151.0188725108974
20140526,829,71,121,622,63.845511388592264,57.879205004420086,500.2752836069876
20161018,354,20,123,136,17.448142622919274,10.111180046664053,108.44067733041668
20170718,644,56,608,983,122.55675077096183,135.84709314604405,724.5961560829942
20150319,885,24,496,936,113.26850274127413,49.11978613724057,773.6117111214853
20200512,312,94,665,228,17.888927481035832,25.814716352400758,184.2963561665634
20150225,573,83,119,764,76.80870009620823,82.84550187142908,604.3457980323627
20180819,958,24,413,815,116.22545708858094,55.767794097096406,643.0067488143227
20231109,915,4,624,168,24.61672592787909,18.199550008120067,125.18372406400084
20141023,649,20,871,549,12.021497294373761,38.97142193951735,498.0070807661089
20240504,168,11,662,756,64.9448761424727,70.39325071093744,620.6618731465899
20230627,90,47,508,601,30.709712297911615,61.11208585221757,509.1782018498708
20160220,374,7,893,424,10.61494652573393,34.37459355794859,379.0104599163175
20210726,795,54,376,130,4.746286225351616,11.616425407889448,113.63728836675894
20150510,975,93,673,232,16.93979792955998,30.56419823825783,184.4960038321822
20210108,931,54,743,565,23.480216145326843,72.34809914503855,469.17168470963463
20150301,660,41,649,603,55.00764010949894,61.07864143689214,486.9137184536089
20180706,805,86,340,233,24.358641053916973,22.053720738125413,186.5876382079576
20180624,584,54,283,661,55.703819306535074,88.63436514786395,516.661815545601
20150610,687,34,887,612,55.73120337355524,34.248145485787724,522.020651140657
20210225,447,54,187,943,122.28047770278938,119.44988800176115,701.2696342954495
20160314,835,70,723,631,18.968526142700643,46.99166940735266,565.0398044499467
20180124,872,52,761,751,106.38970432600357,60.320338186964115,584.2899574870323
20141224,85,24,673,632,86.78869713088245,85.91687500069186,459.2944278684257
20181015,659,36,976,125,10.957665971755274,9.691510642374993,104.35082338586973
20211219,254,71,94,328,43.89480647816825,38.045627172281925,246.0595663495498
20170819,594,1,266,368,13.864605353117659,26.15253511771014,327.9828595291722
20201217,654,98,268,679,83.7221062159199,86.3751914337707,508.9027023503094
20160628,760,4,112,895,91.51553679686403,85.06789039950505,718.416572803631
20140423,270,13,646,896,98.15191082777115,94.16299139471816,703.6850977775107
20220703,206,14,308,420,31.68999517438529,33.19591833099076,355.11408649462396
20230611,802,15,93,294,42.50076676132194,25.51652920595027,225.98270403272778
20230411,279,91,947,271,17.083409959645014,23.40562796147971,230.51096207887528
20201221,593,2,178,560,17.742110267703044,68.63442798621615,473.6234617460808
20220611,777,39,66,415,48.253390915920896,38.49321288908795,328.2533961949912
20170825,86,15,559,482,11.963856694400405,61.079264102700556,408.956879202899
20240229,223,78,275,314,40.91086692214359,35.10710428401305,237.98202879384337
20210609,274,56,210,618,54.654100308932286,63.015631283272036,500.33026840779564
20190424,877,43,117,163,15.98682328889364,21.971632510774803,125.04154420033156
20161215,485,64,472,915,62.56472936302025,68.656826400643,783.7784442363368
20211110,87,81,997,794,39.54452075974267,87.84655185917862,666.6089273810787
20151228,302,22,288,172,23.040511548228377,13.223525115781888,135.73596333598974
20201209,42,100,674,396,46.40057750946819,30.63648395206107,318.9629385384707
20200417,123,22,615,594,18.153246317458258,59.662827389704916,516.1839262928369
20221003,11,11,441,736,91.26571921590119,69.601458855668,575.1328219284308
20200926,876,38,5,418,38.132765931330994,29.484088923401263,350.38314514526775
20141126,675,22,10,798,44.94190836535348,57.750335424184854,695.3077562104617
20200818,244,85,81,735,64.12474761587696,105.13695026421101,565.7383021199121
20141105,716,65,867,352,11.519780221652137,44.05178796279361,296.42843181555423
20190407,86,72,691,282,13.494080048744147,22.941253023158026,245.56466692809784
20160802,71,45,111,385,21.858853871378752,30.876472943317708,332.26467318530354
20211019,922,27,3,550,56.50036844987695,50.00466628432176,443.4949652658013
20230528,205,29,701,430,24.521205328429875,60.08943470500367,345.3893599665665
20230525,775,21,775,259,28.323713458309644,13.979297211621377,216.696989330069
20211217,821,57,15,226,24.85377414246569,31.338432483484493,169.80779337404982
20190201,295,54,429,417,32.347038796534726,50.560858932500736,334.0921022709646
20170112,345,50,673,576,58.38805835725827,53.353204783222104,464.2587368595196
20200420,82,31,627,351,13.015516415362878,38.79979108040967,299.1846925042274
20161218,978,89,695,257,33.92476567382974,21.58076221520123,201.494472110969
20140611,951,85,141,780,35.313948078281285,109.24152860471236,635.4445233170063
20181025,408,69,25,979,69.61763577766989,113.46346140399984,795.9189028183303
20230103,855,54,215,231,34.219649529702814,31.863771169624986,164.9165793006722
20211112,209,81,92,117,14.385574091125436,13.269965992355598,89.34445991651896
20180315,388,54,25,506,60.64884903894486,57.789515289760935,387.5616356712942
20150428,761,10,421,668,32.057190186847386,79.59043504721525,556.3523747659374
20141105,761,75,779,835,99.70526013758816,119.27228399646866,616.0224558659431
20190116,95,54,345,730,19.17849347501152,106.46632471368987,604.3551818112986
20231021,254,56,553,813,80.99362666086692,89.74163558997184,642.2647377491612
20210906,880,39,761,268,9.770215302306902,14.615026212185532,243.61475848550756
20180330,470,88,231,120,12.337494873658835,6.737153980963838,100.92535114537733
20210121,924,62,302,795,64.40589420349464,59.074548765604405,671.519557030901
20170915,547,97,635,464,29.992817758287874,39.52043906794696,394.48674317376515
20230306,599,68,125,541,32.840642889699616,63.32576869883068,444.8335884114697
20150803,729,72,478,879,21.474099757661605,120.45938748446405,737.0665127578743
20231230,56,58,795,555,69.35085062906184,46.2678336699762,439.381315700962
20150318,593,100,713,139,13.459911793592555,16.771552297265366,108.76853590914209
20171008,165,75,844,412,20.515930044626867,49.66513656528201,341.8189333900911
20190322,353,47,214,810,25.762235650216688,85.1286138936934,699.1091504560899
20161003,561,43,718,761,25.244648550093984,74.31966073836581,661.4356907115402
20180420,63,67,241,166,20.04487689886606,20.123204850474707,125.83191825065923
20170925,829,95,145,467,12.038600780290285,41.7628995992378,413.1984996204719
20180905,351,13,576,193,17.865311540241386,12.231271409037122,162.9034170507215
20211009,242,74,991,990,40.0154380442276,121.5171203200205,828.4674416357519
20201021,967,5,37,419,35.430479771682094,57.14525852551889,326.424261702799
20210831,45,94,783,154,15.319526206095816,22.54744164577298,116.1330321481312
20190720,918,19,900,653,97.26840168532108,45.82216771846887,509.9094305962101
20190819,14,76,33,166,6.610611435383339,8.607309073160694,150.78207949145596
20150108,967,89,496,363,40.6308832990809,39.573096796713266,282.7960199042058
20191013,269,45,710,499,27.01291233026429,32.54837676762299,439.4387109021127
20180210,95,7,306,261,34.66229787506459,31.830113687905968,194.50758843702943
20231030,131,2,745,643,61.0057970831998,92.75995430392754,489.23424861287265
20220114,967,60,513,228,19.094686949694132,28.186865864889892,180.71844718541598
20211015,816,52,239,476,9.811646344707565,68.89886817263412,397.2894854826583
20180707,992,14,673,318,46.3391397437259,37.92257002458631,233.73829023168778
20220803,851,53,819,481,44.594284984701744,52.025595316974844,384.3801196983234
20170810,868,100,757,981,71.32663051075612,59.07355229240857,850.5998171968354
20210616,415,86,902,406,31.556228968928778,43.199153082954076,331.24461794811714
20151024,366,42,409,722,18.033518692223424,60.954663933800944,643.0118173739756
20210511,813,22,611,924,57.14127383834519,63.84865199243776,803.0100741692171
20190504,424,33,454,824,54.70377668703965,113.38997969932007,655.9062436136403
20180531,920,41,350,800,43.38478710499467,91.88279373019972,664.7324191648056
20210228,635,44,775,679,42.417587011558226,71.2237274187285,565.3586855697133
20221002,453,62,32,317,11.40582610943861,15.880196017341158,289.71397787322024
20210205,132,59,739,159,6.937304980344303,20.384242314807263,131.67845270484844
20220819,434,44,685,352,43.26000444893073,38.459517286157904,270.2804782649114
20190830,912,82,208,523,77.62742007312185,53.60922094208364,391.76335898479454
20160630,345,85,211,759,94.77467982733171,64.38009532360606,599.8452248490622
20210430,189,63,992,939,43.248458739658794,64.62105382653412,831.130487433807
20190705,946,17,162,850,90.76805444448115,118.97609180946768,640.2558537460511
20210212,983,66,260,932,68.92728815638837,90.8528795965249,772.2198322470867
20220121,946,98,881,241,6.970218365071065,31.550737388010912,202.47904424691802
20200805,869,25,931,745,59.00127143725557,47.82723363880242,638.171494923942
20240605,737,63,801,487,65.63816138993039,63.92918398437984,357.4326546256898
20150116,608,40,61,104,2.1445108429904423,9.158329793711815,92.69715936329774
20200101,970,53,400,235,24.05320503134104,12.301596668794835,198.64519829986412
20210618,774,44,880,366,27.0096140696721,43.162287316322306,295.8280986140056
20220105,722,27,843,321,39.305370736623615,17.944985668880424,263.749643594496
20200408,638,91,485,905,77.44734794966307,74.8193836140647,752.7332684362723
20220322,213,11,303,864,24.362312062926488,49.199050786418674,790.4386371506548
20240611,793,30,172,926,66.39354985756185,123.21754683585013,736.388903306588
20160914,406,25,48,691,84.46376439319961,101.2091581772989,505.3270774295015
20231105,732,39,66,325,18.0875005289637,21.048904018073618,285.86359545296267
20201103,193,23,69,896,51.21842497452528,64.82202670854109,779.9595483169336
20230118,820,32,982,547,23.045300762230276,28.04591956821105,495.90877966955867
20190413,174,64,936,770,17.670191374881128,98.59486298297384,653.734945642145
20200310,561,91,836,667,17.808756420944288,94.87798437583274,554.313259203223
20140226,312,56,134,951,73.75664600658645,52.25086572290057,824.9924882705129
20230912,186,67,500,374,47.69702881475664,31.446891105624168,294.8560800796192
20140814,688,42,572,181,6.4315877706055025,26.28944351928007,148.27896871011444
20171109,253,36,458,785,52.694179897253086,41.362280694663085,690.9435394080838
20231216,284,28,952,909,109.1501618380555,116.55590722496075,683.2939309369838
20210121,852,29,984,751,44.679032520454065,111.78696004395711,594.5340074355888
20151023,815,22,863,463,62.28929668279473,64.5601617813332,336.1505415358721
20200310,209,3,61,344,14.546569985680886,18.007764824022967,311.44566519029615
20171231,846,9,378,383,37.31240965564769,47.531868282458426,298.15572206189387
20200717,790,45,856,482,10.897064082864997,31.79762482320575,439.3053110939293
20190609,380,44,428,930,49.27226194309133,104.23310333086484,776.4946347260438
20141118,369,79,47,438,65.45343799548546,37.55265799602772,334.9939040084868
20140815,379,77,670,297,7.641637508616355,17.01351107166296,272.34485141972067
20240211,238,61,414,508,69.30458518427504,34.92190111630009,403.7735136994249
20160429,700,61,785,189,19.81658454445698,26.41283581068219,142.77057964486085
20220203,282,37,879,313,18.80481386872404,19.608142016389007,274.58704411488696
20171221,625,53,773,556,81.76148790390334,81.17980607397449,393.0587060221222
20181004,438,3,983,624,86.91552341534819,45.688544091199745,491.39593249345205
20160201,483,97,222,296,40.909675119684586,24.087571852588304,231.00275302772712
20191211,665,27,310,930,45.15059151290994,84.22598105383611,800.6234274332539
20220325,496,87,730,940,55.349126174014856,127.21955935541281,757.4313144705723
20200611,721,84,407,939,125.76362364143124,95.25313592151467,717.9832404370541
20170410,260,14,941,843,46.70491779710599,89.7910291991509,706.5040530037431
20140823,198,99,341,336,12.522003795395337,33.116831271346555,290.3611649332581
20170329,96,50,508,670,56.91772259871519,58.1356314611846,554.9466459401002
20170319,955,96,565,785,57.308757922271575,63.45350787706392,664.2377342006645
20140315,803,63,621,995,63.519059613904275,142.9401745302533,788.5407658558424
20150702,788,57,174,921,129.57906647969932,52.476952247558785,738.9439812727419
20170807,589,39,325,944,34.09930985622904,139.17043279907253,770.7302573446984
20150410,151,26,874,683,83.11251451709346,86.06484958240532,513.8226359005012
20200903,746,14,372,928,26.061273901270358,71.84927906151331,830.0894470372164
20140929,812,52,759,841,43.357971036150104,45.4149851751848,752.2270437886651
20200728,123,32,987,378,31.217355559389524,21.338292997907494,325.444351442703
20191209,125,60,736,678,63.29277827422185,43.41230171742759,571.2949200083506
20180205,917,36,193,617,36.77398606211436,70.71985936209302,509.5061545757926
20210622,780,84,361,722,99.8684716228801,44.88466411719315,577.2468642599267
20190116,198,41,124,966,140.97488142732573,60.22809612809349,764.7970224445808
20220106,68,32,816,983,68.73184065910286,66.95369371406424,847.3144656268329
20230604,33,77,762,110,15.727886601182451,12.9745120347177,81.29760136409985
20170520,387,91,623,505,69.1127544478041,70.96485178004701,364.9223937721489
20230805,655,21,509,487,66.94601319491548,56.43131046653182,363.6226763385527
20200806,175,36,321,986,138.99138096617432,75.18051503139688,771.8281040024287
20180214,259,29,103,588,39.76996952961868,32.695696449976715,515.5343340204046
20240302,888,10,63,519,56.71128837171315,63.756085431379645,398.5326261969072
20230415,688,32,636,936,25.792948286122236,91.29605313282566,818.9109985810521
20200914,846,96,384,467,67.88089983266316,48.0771172102215,351.04198295711535
20181126,890,80,276,510,70.739803580216,72.65436891383226,366.60582750595177
20210514,582,67,621,355,20.195817955838592,19.217740346932885,315.5864416972285
20180906,503,37,618,998,81.6717709126186,127.92231091811607,788.4059181692653
20200412,254,92,451,725,88.57547476959238,52.9941150167836,583.430410213624
20141218,14,18,582,563,84.06004436609996,55.72613592786636,423.2138197060337
20140427,32,8,914,954,105.51656453673264,72.23851804365198,776.2449174196154
20220613,240,21,45,215,25.566757395749374,17.825826152145336,171.6074164521053
20190718,836,64,202,886,61.26461161982469,77.78187643901698,746.9535119411584
20230509,207,19,456,489,73.27620318771817,54.70908427577042,361.0147125365114
20180220,483,52,228,433,8.811000770988766,63.905873349676746,360.2831258793345
20200830,44,75,907,604,37.44801787456088,34.95875925454802,531.593222870891
20221221,986,20,123,376,16.82697365168031,31.631305674944535,327.54172067337515
20140613,499,41,950,676,42.13228788267734,94.50058783150172,539.367124285821
20220104,771,44,52,532,49.61821596646233,42.632215460598154,439.74956857293955
20221104,995,88,649,787,28.44867886076416,39.71701070245137,718.8343104367844
20221223,892,66,570,380,26.675488054306808,24.96822260531753,328.35628934037567
20170918,398,51,60,752,64.20388801873624,39.77939714327853,648.0167148379852
20181002,878,11,233,774,91.78050296381107,55.500749385950456,626.7187476502385
20170730,623,5,912,123,9.045005909908966,15.772935108474128,98.1820589816169
20220628,979,74,813,899,112.93632192156028,63.15363563287086,722.9100424455689
20191128,542,26,970,182,24.44955259582516,22.814265998123442,134.7361814060514
20190607,665,55,623,399,13.311410111153876,26.919760164056704,358.76882972478944
20150705,634,34,665,625,81.00336916975958,89.58595985542527,454.41067097481516
20200508,302,43,43,341,40.78003707793345,33.50429620649192,266.7156667155746
20171012,789,13,732,288,38.260719067442096,42.029156406130824,207.71012452642708
20230727,764,87,303,608,12.999889143770272,82.40388273167436,512.5962281245554
20160304,38,71,303,771,70.05703001693603,97.52419562696613,603.4187743560979
20180603,952,49,682,851,31.047257181157963,52.0969014996449,767.8558413191971
20140226,194,17,608,420,62.66120570927901,39.43382259568778,317.9049716950332
20170311,943,35,858,732,52.7896862090064,36.781268937921645,642.4290448530719
20180811,132,65,888,487,44.79810745933287,65.97196216617245,376.2299303744947
20200122,946,29,510,419,31.805500010852157,42.08284173400655,345.11165825514126
20160708,260,29,568,630,40.26178562377278,39.08324919621757,550.6549651800096
20230904,926,9,803,593,81.39303396389448,46.57104885692383,465.0359171791817
20150806,597,64,537,222,10.648328137520435,24.037282279153924,187.31438958332564
20191104,580,78,324,731,37.112039144741296,49.47309290947355,644.4148679457851
20190304,670,60,940,533,39.05404044798695,33.31621706205323,460.6297424899598
20191230,971,53,155,683,47.88333299565694,43.49965628497434,591.6170107193687
20160725,389,11,693,906,118.53139822195261,80.01751515388355,707.4510866241638
20211118,592,20,747,468,47.28184824359528,53.46824774794386,367.2499040084609
20211209,771,5,595,191,12.27113978482717,23.42525978240968,155.30360043276315
20210910,583,65,683,464,20.989749913663942,26.035401985229143,416.9748481011069
20141015,601,63,987,578,42.83545575789138,42.88090534979293,492.2836388923157
20140903,556,48,159,672,84.40122915970713,91.9316193312296,495.6671515090633
20150602,62,17,227,785,69.18700360138578,53.747031101350046,662.0659652972641
20210731,938,84,224,472,54.7461817479342,24.104741751900598,393.14907650016517
20210417,517,87,266,118,15.741565395360375,16.506498470769998,85.75193613386963
20220321,809,33,734,197,11.293037779928333,23.138747957502886,162.56821426256877
20190417,955,12,809,461,61.23542611397409,61.088022156760914,338.676551729265
20240429,198,74,583,156,5.044807237151378,22.17058563809866,128.78460712474995
20190604,876,99,559,979,31.429499482234334,117.62362247761286,829.9468780401528
20161123,616,6,149,858,121.82889881979081,82.21678383086375,653.9543173493455
20161019,47,85,183,833,86.72246944415677,76.02109649157921,670.256434064264
20191023,296,47,124,708,100.49418328620743,73.78208314992743,533.7237335638652
20230627,738,89,479,930,91.03128748052013,69.85843856897118,769.1102739505087
20180804,266,58,342,410,58.22098738225679,40.55501939192606,311.22399322581714
20191217,191,58,742,897,35.16952783114947,64.60953340279741,797.2209387660531
20160722,372,82,265,968,82.89272468612249,79.16941107496548,805.937864238912
20200122,293,31,992,818,45.13679498521685,83.42098535587621,689.4422196589069
20150409,105,61,232,740,80.8469342648361,43.988930797675806,615.1641349374881
20210429,252,92,357,107,9.738060469504607,14.447190181000115,82.81474934949529
20240529,934,97,270,186,12.614904952970564,26.24746382011576,147.13763122691367
20160713,109,51,263,553,81.97241988509484,78.01109411003225,393.01648600487295
20160901,229,35,526,481,57.597242375373305,70.69884356122486,352.70391406340184
20200117,939,73,407,390,12.759319307798139,56.58442270925658,320.65625798294525
20200707,361,11,962,909,90.42953864974194,107.92391169363675,710.6465496566213
20180811,385,17,905,533,44.195430567684355,76.58956241138473,412.2150070209309
20221109,673,95,671,492,39.12946193929558,43.664651585533676,409.20588647517076
20170211,913,42,223,213,9.896516607793084,26.83324609383969,176.27023729836722
20200325,979,100,556,128,10.402781440856227,15.9802228533034,101.61699570584037
20220622,728,69,758,852,102.37118382882005,78.8423420478618,670.7864741233182
20171111,710,20,827,375,45.9472145715365,22.4686551967704,306.5841302316931
20161015,459,95,464,140,5.546954537876519,18.175453384325795,116.27759207779769
20161204,137,56,227,531,50.448385394447456,77.28202042133223,403.2695941842203
20140616,808,86,695,947,94.18357965273262,119.13383980287185,733.6825805443955
20230220,569,76,539,518,17.675263126833798,40.22321423705682,460.1015226361094
20201115,773,77,743,395,31.932078083826493,46.78288848651069,316.2850334296628
20151215,30,32,690,102,8.817786260871806,7.446180504839876,85.73603323428831
20210811,988,36,185,596,76.91340248719798,68.35936823128881,450.7272292815132
20140225,270,31,63,260,20.839414712210093,26.86758979459481,212.2929954931951
20211115,435,34,191,870,79.56420892261275,101.24725207676364,689.1885390006237
20160824,181,27,99,420,53.77185681712577,50.51712234441297,315.71102083846125
20201029,927,8,18,224,4.899586001469989,28.540133052564485,190.56028094596553
20141120,855,15,903,720,103.58017886072979,64.59198550006747,551.8278356392027
20161204,439,83,384,999,106.68248628829762,140.94929776612975,751.3682159455726
20200320,521,80,344,640,70.94330266989306,66.35138799500595,502.705309335101
20150923,819,95,575,700,102.96443594374634,97.88642614778854,499.14913790846515
20190512,14,83,708,709,52.167152760308674,76.97299711098354,579.8598501287078
20161101,97,47,437,390,27.012782048281927,35.05583065324187,327.9313872984762
20180807,324,83,905,985,130.372283098814,111.32384861532732,743.3038682858587
20230824,376,32,485,745,50.18074179802934,98.1645525355641,596.6547056664066
20231030,862,78,268,316,19.271149852641166,36.81155190436996,259.91729824298886
20150822,451,14,197,906,106.04874244236844,109.49330177969142,690.4579557779401
20161120,339,33,655,461,44.1030196506709,34.000220995644895,382.8967593536842
20231031,586,37,886,490,73.4759805181747,62.03245648302301,354.4915629988023
20230418,780,16,339,652,83.76238265330501,82.25770610723656,485.97991123945843
20141027,921,88,140,591,43.75503459386991,64.66570752364765,482.57925788248247
20180510,782,39,215,641,43.439227481018875,55.9733087805005,541.5874637384807
20190228,975,4,445,470,55.37915188926651,55.11681145436624,359.50403665636725
20220725,170,97,86,344,23.682640144815604,49.03333280418819,271.2840270509962
20150905,806,53,88,937,24.545611432148313,77.33847170167826,835.1159168661734
20240421,441,100,392,756,19.62139568418354,80.16141369267137,656.2171906231451
20200615,110,93,295,411,19.569983570235525,32.35807911861237,359.0719373111521
20230118,296,85,559,814,52.3657596622026,53.92660366506326,707.7076366727341
20220228,450,36,853,121,3.3978152143200626,7.879502408014606,109.72268237766534
20221128,679,49,117,856,98.2127850363099,65.7370946553168,692.0501203083734
20151027,957,57,165,410,57.49194962545567,33.31325484882954,319.19479552571477
20221014,207,56,837,768,98.6511706772845,96.3046985260267,573.0441307966888
20220323,213,34,43,703,93.95101288416222,54.34715382371329,554.7018332921245
20191225,842,7,521,642,15.762816486757504,46.51080546335234,579.7263780498902
20210830,166,25,577,686,94.07155598498733,64.83497189316594,527.0934721218467
20180610,986,52,101,492,29.19773281490492,46.78023118070704,416.02203600438804
20180501,404,79,753,335,25.348893179688467,38.8013119497968,270.84979487051476
20210322,523,61,777,987,140.6782937596387,142.5923546527702,703.729351587591
20230411,672,60,93,344,26.097472135737256,36.51450214701417,281.3880257172486
20170228,334,59,939,536,61.56048762697445,45.45007757213291,428.98943480089264
20201220,284,77,223,998,124.79626817853236,52.08129186762717,821.1224399538405
20151205,50,22,393,655,77.06586819461236,87.75254184468551,490.1815899607021
20220518,963,71,363,478,71.6274490343246,53.136997356485004,353.2355536091904
20170315,978,20,577,493,17.86121562231073,33.70868654947366,441.4300978282156
20230316,38,100,100,974,38.06157612981597,134.10926563835037,801.8291582318336
20230215,90,100,216,989,88.50547971149004,70.44847310914508,830.0460471793649
20200320,657,93,364,187,16.798635777206776,23.972476203177862,146.22888801961537
20240727,471,38,504,823,106.16316889676688,87.33733898502292,629.4994921182101
20140619,602,80,469,224,31.55048379395153,16.17567799412949,176.27383821191899
20240405,356,16,93,852,68.86559308774659,53.78048685672319,729.3539200555302
20200831,995,92,218,103,12.62996223791056,8.024859218680756,82.34517854340868
20230727,144,88,107,254,11.538892142530372,16.243572745985755,226.21753511148387
20180611,359,61,440,720,51.653680413233616,105.55892178567579,562.7873978010906
20180430,193,77,430,754,63.481300909833855,102.06358820289498,588.4551108872712
20240131,867,13,875,362,31.245190767247678,18.988583790741185,311.76622544201115
20190731,140,20,877,690,86.77665828733097,59.885367233597364,543.3379744790716
20160527,777,11,916,676,34.84587001936754,51.11529245062196,590.0388375300105
20180503,856,1,115,194,17.59034905114457,20.262690748374897,156.14696020048052
20211229,979,73,653,344,38.38361487683312,21.15311703903209,284.46326808413477
20190201,961,14,256,121,14.89384328914784,15.181705386712148,90.92445132414001
20190328,987,71,633,353,16.39738608521763,22.77780376952377,313.8248101452586
20190630,275,57,753,569,83.45082959309079,39.547809964258434,446.00136044265076
20220612,146,27,180,849,50.271337887339385,112.8667860322645,685.8618760803961
20160229,738,91,17,241,26.952639380058447,21.051045078634374,192.99631554130718
20210601,124,5,965,207,27.530987467707217,11.906087097811291,167.56292543448149
20231119,455,77,340,391,22.352592823381123,34.723281797413776,333.9241253792051
20181210,452,26,637,125,3.8740406391936375,8.720724496893824,112.40523486391254
20210923,988,79,233,534,39.00953327698318,74.25269812227725,420.73776860073957
20140907,78,78,454,202,15.61122461575068,20.673455114658797,165.7153202695905
20170529,172,22,777,855,32.19058882065691,123.111663692719,699.697747486624
20171120,389,75,355,157,7.898564906180155,18.567298475052187,130.53413661876766
20210312,918,76,358,153,8.263851512190987,15.041150347180059,129.69499814062897
20190422,130,62,403,454,42.21644733172467,56.094144536899165,355.6894081313761
20151103,983,17,350,178,3.6440167671401347,21.655869346736658,152.7001138861232
20151025,910,5,147,551,21.101215715605775,52.24009253254514,477.6586917518491
20200117,72,83,248,618,12.59058992451666,59.72611959574115,545.6832904797421
20210116,391,19,651,501,25.00609574178611,37.12425883802344,438.86964542019047
20220613,161,55,554,898,133.11491784178813,46.80522026085533,718.0798618973565
20231112,353,2,833,672,30.863782042879297,39.130341040202474,602.0058769169182
20200121,660,87,7,568,26.94013933761506,73.6253698908506,467.43449077153434
20170221,12,73,931,514,68.91006040287839,36.538498396962986,408.5514412001586
20190907,704,16,283,287,35.816507471855296,29.125799891138644,222.05769263700606
20201113,617,28,395,140,6.699531264732186,14.255463503146801,119.04500523212101
20200930,338,76,898,144,10.411665764388257,17.026681619732198,116.56165261587955
20240709,749,45,335,562,40.45323470463706,66.33690211543413,455.2098631799288
20200325,184,90,483,836,109.74724818274592,70.80140747114424,655.4513443461099
20230108,20,81,398,768,30.75775443792138,97.12757477631712,640.1146707857615
20190827,638,7,706,834,104.07542277614738,91.91688667592896,638.0076905479236
20240623,243,98,783,517,39.44207921691682,59.58078115900042,417.9771396240827
20220504,256,38,863,404,11.459387391196994,57.65834493002564,334.88226767877734
20170308,599,92,814,619,47.527732827723575,58.549476956596784,512.9227902156797
20191223,372,73,454,386,18.53677594537882,29.713867320374465,337.7493567342467
20181011,359,64,191,596,16.4706919746463,47.93263150442453,531.5966765209291
20150525,941,62,544,277,28.19351155349535,20.951726518860532,227.85476192764412
20200922,923,58,408,158,9.365597815314594,15.195945450986397,133.438456733699
20200808,262,76,742,148,21.446153645775922,18.98187563938361,107.57197071484046
20160326,982,51,476,969,83.62912148375,119.09948176200366,766.2713967542463
20140923,76,91,495,964,133.94985646767583,87.24077621464323,742.8093673176809
20140608,761,19,532,679,71.08440271217367,42.43824617752885,565.4773511102975
20160826,963,31,654,258,13.07908451323996,27.515173233475995,217.40574225328405
20170714,229,90,743,948,136.64608695345203,47.812140805622455,763.5417722409255
20210705,528,25,23,915,120.0197761187667,93.56950185767792,701.4107220235553
20180607,767,19,489,176,25.797211407344868,20.41051027789008,129.79227831476504
20200319,816,35,898,664,62.65017517465123,89.29104281716337,512.0587820081854
20210523,588,80,474,457,59.612168834072804,56.66569167420323,340.72213949172396
20160704,660,46,814,903,89.77942278820355,55.459971709986284,757.7606055018102
20170130,651,29,370,784,66.81764961290897,94.35832237493642,622.8240280121546
20190703,342,19,943,405,37.98493240422353,51.85514528232011,315.1599223134564
20220610,386,31,89,409,60.27590404699437,55.3825966265653,293.3414993264403
20190915,210,22,376,325,36.82779285397065,39.109755230382675,249.06245191564668
20151018,578,75,426,899,126.59048841800298,57.668852711752876,714.7406588702441
20160825,326,65,556,774,67.75611127965077,100.84884006974575,605.3950486506035
20141002,409,90,18,440,9.841476928638752,22.572908799346365,407.5856142720149
20220307,168,83,896,709,101.30190884441348,54.15979960378431,553.5382915518022
20140629,180,84,799,627,45.968348194280686,50.35073971191851,530.6809120938008
20170831,785,79,686,201,27.039625390069105,28.924993211181636,145.03538139874925
20141224,662,32,659,807,90.50074128192924,116.77543594771757,599.7238227703532
20230810,375,16,379,910,18.311033655037843,48.02371842708701,843.6652479178751
20221112,457,54,702,457,46.20744594729845,26.60692537020163,384.1856286824999
20220501,782,41,612,986,81.65516238806413,103.15636681030402,801.1884708016319
20190720,544,10,130,881,46.15047554022162,44.25013891562131,790.599385544157
20230624,750,36,611,477,68.29584048955132,54.34923449304046,354.3549250174082
20150506,85,24,794,738,54.27230233417366,52.10326426404541,631.624433401781
20190705,893,59,992,102,12.698180595264452,6.351898913504523,82.94992049123103
20221113,797,50,224,700,68.04983669650069,104.09847909092923,527.85168421257
20140919,764,15,196,231,14.619034473607806,34.51533446264898,181.86563106374322
20240306,655,65,673,332,33.02040964943634,19.242539371192706,279.73705097937096
20231226,977,63,560,537,53.93943400156165,52.230102614524384,430.830463383914
20141026,351,23,387,495,47.329203069004556,57.31463691044939,390.35616002054604
20200120,260,53,303,870,61.188387547110324,85.2189481914894,723.5926642614003
20220505,601,12,490,408,27.91959507367356,50.38895324125481,329.6914516850716
20180724,88,94,755,241,5.237636893398221,21.356045289321,214.40631781728078
20140519,987,62,780,565,37.53054452566354,58.66504137721397,468.8044140971225
20230618,28,16,291,612,46.670883089990895,41.289776156208085,524.0393407538011
20150120,377,4,619,571,31.942023647882483,31.246540921846762,507.81143543027076
20180503,864,64,802,656,34.90371529102944,37.41217144712006,583.6841132618505
20201204,482,31,325,258,19.505040647631358,12.900906931823668,225.59405242054498
20140714,903,59,845,198,9.181673409908324,19.46468556711098,169.3536410229807
20150728,727,87,631,283,23.39271839402418,36.64580673069544,222.96147487528037
20191014,29,32,141,558,83.20276833952974,40.58844999634419,434.20878166412604
20140613,755,51,816,799,86.80518962519804,87.91477706198779,624.2800333128141
20200723,413,61,898,748,110.92748351877967,46.45381680132169,590.6186996798987
20170731,111,43,985,152,6.674704601653707,10.527404973979927,134.79789042436636
20210215,692,97,3,985,115.25204738251949,53.02858341563403,816.7193692018465
20240120,820,72,792,313,12.14505329461372,15.877460583525762,284.9774861218605
20170223,448,23,975,100,6.029722657478549,5.723735372104297,88.24654197041716
20161021,852,73,622,874,106.57660054405316,45.70960070265155,721.7137987532954
20190224,219,8,104,956,55.758594920719226,140.33713925919028,759.9042658200905
20170430,653,1,711,434,22.844782010254846,27.12764580479992,384.02757218494526
20180621,161,37,251,589,18.218643244870602,45.934534870575916,524.8468218845535
20151011,468,33,223,787,80.35451687978193,63.184243538555165,643.4612395816629
20161224,762,87,379,561,68.39331046883446,73.14610390429438,419.4605856268712
20150623,131,30,89,777,39.79072870291095,97.49730177255441,639.7119695245347
20210323,966,55,591,915,130.73387766549783,55.25470663317048,729.0114157013317
20210508,951,96,597,159,7.1779874471637894,18.799189512941133,133.0228230398951
20220812,733,67,658,939,40.12556455702113,52.238481642380435,846.6359538005984
20230504,535,99,194,844,43.42685823156152,124.76320373667322,675.8099380317652
20231202,636,47,704,908,111.37873635217609,127.24457247567817,669.3766911721457
20170617,633,47,512,540,35.95729556330428,30.255844555553374,473.78685988114233
20140507,796,60,89,392,43.862768693133276,47.387110351352,300.7501209555147
20160208,320,85,319,666,23.853913027171917,37.728254999090346,604.4178319737377
20160806,351,52,668,270,19.679091299113104,22.98270107353109,227.3382076273558
20161031,562,84,245,293,25.887065380904815,18.657015399330692,248.4559192197645
20230120,311,11,172,685,98.00561975639272,37.50601344151063,549.4883668020966
20210922,136,7,319,885,82.53052559233087,94.34685587247365,708.1226185351954
20180506,509,58,997,456,36.964722208632516,67.90262060654959,351.1326571848179
20200530,905,29,263,195,17.015043212349376,21.94117198727574,156.04378480037488
20170410,603,82,988,261,17.577635838247996,15.197145511313563,228.22521865043845
20220429,592,10,118,351,34.848035237046844,23.882376995274548,292.2695877676786
20200218,607,55,784,838,55.7003059466187,81.12093173223634,701.178762321145
20210628,1,65,135,785,84.10275035059546,116.51582961450278,584.3814200349018
20140103,644,56,936,272,31.50783090626456,37.57689524044669,202.91527385328874
20240210,521,97,540,389,25.942120069744927,41.59309581328702,321.4647841169681
20140221,280,87,585,745,69.36096445774065,77.99744353075558,597.6415920115038
20140109,421,85,966,632,82.56579014745952,86.82468199608462,462.6095278564559
20210714,60,57,310,525,71.86951340266178,27.7090640645549,425.4214225327833
20190321,905,59,19,793,35.28472268008393,57.910409019898225,699.8048683000178
20190717,767,87,841,385,34.747472675997855,47.5576581603794,302.69486916362274
20160420,314,98,114,662,28.068684878323356,64.80880201038195,569.1225131112947
20220303,154,76,15,709,21.73398548065373,79.636117380659,607.6298971386873
20220326,428,16,760,103,10.113618914149436,10.96656268475354,81.91981840109702
20170102,156,22,726,182,8.335890126480548,16.080027725525838,157.58408214799363
20221029,297,20,550,464,29.60361728520611,64.2841201492326,370.1122625655613
20200730,996,8,555,361,43.45545936883225,28.079642888875433,289.46489774229235
20180320,958,6,787,372,15.085293469080991,28.842541631744833,328.0721648991742
20150409,863,4,102,424,15.484896871961732,23.12538266243503,385.38972046560326
20230731,723,32,332,527,76.71114399591255,65.04280715571853,385.2460488483689
20240617,744,62,127,700,20.387801154995202,69.27687923374755,610.3353196112572
20150711,320,57,527,282,15.953398084717273,36.336166766933346,229.71043514834938
20190602,607,66,761,857,100.32927342361795,63.987581097372775,692.6831454790092
20221016,255,68,987,620,86.51551257278125,61.46747234883065,472.0170150783881
20190416,734,47,504,387,29.582209302223447,32.17316962442921,325.24462107334733
20141017,725,15,735,270,17.435664741099295,39.32205578366741,213.2422794752333
20171123,261,93,175,735,106.97895752169616,65.22333868655404,562.7977037917498
20170225,449,22,842,483,39.228940266952655,28.13350287053246,415.6375568625149
20190710,651,53,457,435,43.16924057581254,45.78421030332818,346.04654912085925
20160418,512,86,957,493,39.22057428794754,34.09405193885861,419.6853737731939
20220601,247,24,259,498,51.59706756106741,37.10356865475285,409.2993637841797
20200418,567,92,706,967,64.51327498734204,51.351058761085575,851.1356662515724
20210710,670,63,904,956,36.23914612228004,52.32183026255735,867.4390236151626
20170304,192,98,270,469,19.239410277758925,44.315511004977466,405.44507871726364
20160408,692,98,634,873,127.3156185957695,55.040842070397126,690.6435393338334
20190114,347,11,237,262,23.161892619443144,24.557261225227503,214.28084615532936
20190412,16,71,814,496,44.51003295176322,66.30123650379662,385.18873054444015
20220305,299,58,227,672,100.28203397019875,83.79115648422435,487.92680954557693
20200215,659,4,44,712,45.93580521376407,67.60598231150917,598.4582124747268
20150313,898,76,183,136,20.22780365355274,16.377679204585302,99.39451714186195
20211005,85,28,738,690,68.53297613246183,98.4164303467492,523.050593520789
20171017,850,36,423,738,53.34163533291024,50.35756954261716,634.3007951244726
20170509,157,49,133,883,36.66435183373356,46.73949504826871,799.5961531179977
20220715,967,71,545,495,47.671664932283825,54.12195121267351,393.20638385504265
20220306,658,94,878,526,25.264086653032297,61.10111874267568,439.63479460429204
20240206,389,60,494,354,44.12892895829724,21.27933767146029,288.5917333702425
20240113,645,41,139,970,51.40999524567579,105.35806141411219,813.231943340212
20210905,661,75,839,262,15.120481096536007,16.52248771614314,230.35703118732084
20230724,193,32,662,156,11.136388496573746,20.46708493782785,124.3965265655984
20140316,397,8,900,434,11.607889545136835,49.18535883929496,373.2067516155682
20210129,90,64,326,470,44.86777122836052,41.9159138366754,383.2163149349641
20240416,38,23,159,559,81.70059165371234,46.110591302836326,431.1888170434513
20200830,28,17,672,531,73.90231662088652,32.973493380199855,424.1241899989136
20160423,997,64,752,480,18.842272080940134,41.18957770952878,419.9681502095311
20170417,626,32,232,330,17.84080676895976,28.17495000786758,283.98424322317265
20160528,181,71,800,690,97.05251772870233,53.36466454198326,539.5828177293145
20220426,80,88,57,752,35.05271009495432,48.08837610647504,668.8589137985706
20190523,379,35,467,425,36.239426461462344,50.66286125675323,338.0977122817844
20141209,534,20,535,170,25.425904027366315,12.80871506299544,131.76538090963825
20221219,484,70,191,718,39.18312482733421,92.89067361090567,585.9262015617601
20200418,327,39,635,620,60.49154243009444,47.983062992820976,511.52539457708457
20200224,236,87,233,757,66.85179398778158,108.82609915796822,581.3221068542503
20190908,447,59,610,116,10.52061210278172,8.325280019586355,97.15410787763193
20230211,379,82,362,504,16.766858325461357,66.33091953312183,420.9022221414168
20141127,474,65,281,766,28.700068000774856,103.20524007346805,634.0946919257572
20160529,892,48,819,710,60.45075846597582,36.88480751884975,612.6644340151745
20181117,22,14,907,887,31.118415099132402,66.26479828799498,789.6167866128726
20141220,703,60,540,383,30.918100859425362,34.166179131896136,317.9157200086785
20160409,597,26,933,726,50.26040819342535,37.156829873528345,638.5827619330463
20190617,529,85,80,140,8.909913254716718,16.357664902004725,114.73242184327856
20141015,661,82,759,757,32.99038832273548,49.98507496300695,674.0245367142576
20181228,159,41,781,261,33.050117589214636,32.72002015783181,195.22986225295355
20210531,413,34,489,121,7.3337085042730195,14.989820349503258,98.67647114622372
20170907,653,58,837,708,25.27013757431144,93.37943619480183,589.3504262308868
20201024,660,31,724,515,76.72599777493988,42.99383207489104,395.28017015016906
20170617,332,39,8,812,108.42131049194086,56.74416335088608,646.8345261571731
20240412,478,46,617,769,98.41932109200734,62.06289177328794,608.5177871347047
20230731,598,26,594,230,14.11926523727731,15.033678878341547,200.84705588438115
20240314,658,72,731,602,38.53125534785336,44.855077269398734,518.613667382748
20181128,895,49,608,900,131.641399514803,106.43179148381971,661.9268090013773
20220813,164,15,291,882,42.62499631858547,64.1993140475023,775.1756896339123
20211117,80,38,476,702,47.29114169797467,97.61275226268266,557.0961060393427
20210113,497,90,525,410,45.17343067516052,49.89746766819011,314.9291016566494
20180211,534,67,457,622,78.58817205197862,43.46976596265618,499.94206198536517
20160801,25,46,330,125,6.876243795386382,9.751752506829934,108.37200369778368
20211101,15,56,132,372,25.904624625781572,25.171575270703233,320.9238001035152
20200907,773,85,506,225,6.318759901390915,19.634914165950388,199.0463259326587
20231103,59,73,163,497,69.15187701641437,66.58590612388494,361.2622168597007
20240719,103,94,195,862,95.44479196578635,93.36151595912469,673.193692075089
20140409,379,51,912,970,64.24245190911502,65.56907626503879,840.1884718258461
20200513,877,11,691,230,16.47434654377016,34.05208435055131,179.47356910567854
20150111,525,11,478,767,27.92622841766353,105.91825230701419,633.1555192753223
20160118,584,70,784,183,19.893941472349667,10.37136557558973,152.7346929520606
20190712,506,83,17,543,77.16705497110121,56.998758476485364,408.8341865524134
20150620,188,77,592,417,54.94773305040645,23.82834594281162,338.22392100678195
20180720,796,94,448,430,17.553921815292433,25.547057826461,386.89902035824656
20230825,6,54,175,752,89.46302197683389,95.39363972174057,567.1433383014255
20140731,729,28,725,767,85.36430052930477,56.31774611516191,625.3179533555333
20180528,852,10,102,600,51.916787932293076,80.55300678703814,467.5302052806688
20220321,660,27,931,587,66.73838115991352,39.71844283738653,480.54317600269997
20190611,826,81,515,222,6.23028751550155,23.950106578537994,191.81960590596046
20240223,596,88,120,111,5.9105502926992335,16.425950184696013,88.66349952260475
20200806,169,6,675,788,41.53518245829867,50.37586758759506,696.0889499541063
20230301,197,81,901,747,82.70174534561595,42.20246849432472,622.0957861600593
20230124,178,21,24,729,101.04116624723795,59.46431568603682,568.4945180667253
20150305,952,23,761,496,19.472083677317528,38.64271252740192,437.8852037952806
20170315,647,62,477,259,8.365907781026664,37.94152474305941,212.69256747591393
20181225,560,57,141,973,46.3528124105491,142.61139409493006,784.0357934945208
20180101,961,5,667,843,86.06989444663782,47.70233472462106,709.2277708287411
20140320,440,81,321,738,41.43552822055101,94.90236162653453,601.6621101529145
20200424,568,97,343,159,14.233334944156455,13.302117361700768,131.46454769414277
20191018,769,73,30,838,46.47600945143539,84.20685779626402,707.3171327523006
20161218,705,94,68,451,66.38444672612947,58.06084237468502,326.5547108991855
20210113,156,72,263,609,86.89161561174637,43.30127112031518,478.80711326793846
20230213,37,68,643,354,24.426298954700663,46.99103296174,282.5826680835593
20201215,854,33,128,431,37.45759207449988,49.83488804587217,343.70751987962797
20150404,808,50,301,410,29.421529664693743,38.86605657606913,341.71241375923717
20150310,492,17,160,778,67.27737774321018,86.94574769567458,623.7768745611152
20201019,877,26,18,411,17.148793399104804,34.00202162875539,359.8491849721398
20240131,703,95,345,726,76.6165067367704,60.72274675699406,588.6607465062356
20161006,22,31,589,639,12.872448992050959,86.1595873970292,539.9679636109198
20170709,426,43,282,238,25.325887103433974,27.307263469374224,185.3668494271918
20190602,769,49,83,288,24.90093987308048,28.419777316752572,234.67928281016697
20150307,928,85,337,382,39.2953838026302,39.624769735457186,303.0798464619126
20150413,189,85,462,839,70.90501545154875,78.3747089593365,689.7202755891147
20190627,540,69,830,880,94.53201853630199,100.59299484709491,684.8749866166031
20170719,845,51,175,210,30.472373084353837,19.925512611202464,159.60211430444372
20140702,895,18,688,411,30.940896781153835,50.534900071549195,329.524203147297
20200702,566,12,500,440,20.706863171244652,57.843196617731195,361.44994021102417
20230122,777,20,163,995,116.78744436307784,104.94072021903868,773.2718354178835
20210519,30,1,363,867,23.838642572735377,59.067044912757126,784.0943125145075
20230703,298,67,97,740,66.73685759796679,102.34435029377902,570.9187921082541
20170211,180,33,129,950,123.23382357481833,76.55915859646919,750.2070178287124
20220524,394,12,896,109,11.68056216145996,6.307601209237193,91.01183662930285
20140403,307,63,900,684,65.66856352632226,38.35842318660559,579.9730132870721
20231022,149,13,895,810,91.3510524336893,68.90130411025304,649.7476434560576
20171107,307,54,661,780,20.709009565936686,89.55209157699491,669.7388988570684
20170624,407,50,508,245,21.51314391490164,24.266463144486206,199.22039294061216
20151209,5,24,168,202,24.316217039888148,24.590134290789862,153.093648669322
20200517,219,61,42,612,69.80036916974797,30.696207014970195,511.50342381528185
20170813,528,93,301,538,56.6789452673049,56.89719332301176,424.42386140968335
20210703,395,33,161,399,55.50956268260397,49.47504794289303,294.015389374503
20160831,397,1,457,695,72.2466475947174,42.11071954735986,580.6426328579228
20220620,629,95,838,102,12.184005287496387,8.09442409145355,81.72157062105006
20190905,613,1,263,588,47.896015964525915,29.969646521493296,510.13433751398077
20150212,801,75,778,908,84.96673062492445,85.40257359032167,737.6306957847539
20180101,254,40,561,724,47.6165120043176,94.57838298742301,581.8051050082594
20220927,952,36,591,620,71.08338313069034,88.1804562483822,460.7361606209275
20170116,84,91,583,511,39.704528524854354,47.742328914573314,423.5531425605723
20150424,46,68,986,279,16.492137561308688,40.67959150698749,221.82827093170383
20220124,487,89,577,638,68.09434508239289,68.5261970405097,501.3794578770974
20140522,468,16,578,382,22.846434238396473,32.64442260326375,326.5091431583398
20210723,444,64,520,854,85.1161308037871,116.04135899379644,652.8425102024164
20160217,526,23,601,731,74.67792941831244,75.59645156479455,580.725619016893
20220312,592,21,835,934,36.46784152096518,132.9265006788556,764.6056578001792
20180130,419,18,788,273,11.376006469368098,27.152022118964755,234.47197141166714
20191215,389,94,34,672,20.457710250997387,81.00737320348925,570.5349165455134
20150326,53,37,467,935,72.76465309911676,75.60020841903902,786.6351384818443
20180825,398,29,238,810,95.52912823556574,95.12674033409635,619.3441314303379
20150313,491,31,489,243,24.45777337126234,22.783763356624068,195.7584632721136
20180912,398,18,53,905,30.361320482893063,63.28191511425132,811.3567644028556
20191021,170,33,38,713,90.20259645000868,92.31627351905206,530.4811300309393
20230420,420,23,245,699,80.45763299597938,70.79394976127502,547.7484172427456
20141129,434,43,469,452,38.10274791917467,51.8867196485314,362.0105324322939
20140829,136,94,739,615,62.22580601728997,34.485290288176415,518.2889036945336
20190831,138,78,62,622,37.19667048423851,73.89537818380043,510.90795133196104
20210623,857,56,469,744,62.448277066144264,58.08843423641308,623.4632886974426
20220102,335,87,829,980,42.14861500148638,86.96026733200154,850.8911176665121
20180503,421,13,575,682,97.35250410814008,45.64334707852905,539.0041488133309
20160409,941,79,587,975,69.37184293751882,82.77563470567449,822.8525223568067
20210412,534,42,820,561,46.48500542473753,62.13134429707366,452.38365027818884
20161005,222,81,843,468,43.585076882215276,52.44476556253296,371.9701575552518
20150727,365,81,660,793,63.899835658182624,90.8851349204915,638.2150294213259
20240109,453,26,474,415,13.8215666102793,33.453135953673296,367.7252974360474
20201008,478,83,326,371,45.13024259122897,31.706627583006433,294.1631298257646
20170819,620,4,885,124,12.715780416379282,14.509163997309486,96.77505558631123
20240109,985,8,806,998,136.27703367387554,123.62488894915325,738.0980773769712
20220506,729,95,68,970,64.36718479336909,87.67657564110775,817.9562395655232
20220821,138,66,617,186,25.458569548112635,19.801769738296382,140.73966071359098
20210331,35,46,301,320,41.963232713364846,36.91794917293058,241.11881811370458
20180321,513,12,223,723,41.599085793070046,108.18662399299335,573.2142902139366
20200629,548,14,595,347,26.986420970054652,23.500732122085648,296.5128469078597
20140924,672,65,556,269,18.641940482586364,28.460381010808526,221.8976785066051
20140514,443,21,774,597,31.361987075534486,88.40689562731521,477.2311172971503
20191210,403,40,616,822,43.25454016042502,87.3470715690101,691.3983882705649
20190808,81,7,445,677,101.4241143364321,59.418418277099626,516.1574673864683
20240121,470,10,435,939,35.5831585113642,129.92238634858504,773.4944551400508
20230213,244,21,438,462,28.82057812406129,44.58030347335869,388.59911840258
20190710,773,41,492,318,26.708002880500043,40.909504443651265,250.3824926758487
20180615,240,93,879,222,26.47062294115424,13.285207218443905,182.24416984040187
20210316,785,71,537,873,98.29939523459626,121.076995147059,653.6236096183447
20221206,14,21,1,469,55.1304767753274,38.691037882198735,375.1784853424739
20210721,515,74,147,344,38.19142038220636,18.012827285504592,287.79575233228906
20240123,756,43,357,363,19.22311515656414,27.666653624088255,316.1102312193476
20191230,711,100,59,187,3.7560284131430377,19.110854345514632,164.13311724134232
20150907,546,60,976,435,39.56165449485204,43.472195228446736,351.9661502767012
20181024,252,97,491,170,3.7871667911475737,21.390618846417258,144.82221436243518
20230222,966,70,915,852,71.49235965804604,47.99764555868151,732.5099947832724
20161021,693,91,408,340,40.17158705594335,21.39043356711149,278.4379793769452
20230922,559,51,248,840,76.10167324346703,51.46728040424159,712.4310463522913
20150211,66,71,512,837,114.13861453668572,117.82431785169362,605.0370676116206
20170602,363,37,129,492,43.6384103354691,63.56381800966737,384.79777165486354
20200822,745,36,182,760,42.98682375390548,73.65200413203426,643.3611721140603
20141025,884,25,487,914,68.36529905456844,118.71151129364243,726.9231896517891
20190626,36,79,294,961,72.52602840554236,117.41829397582468,771.0556776186329
20230721,429,7,542,860,127.7539353004022,104.42567582914883,627.8203888704489
20230218,705,78,784,945,69.21287348205108,64.31291549464082,811.474211023308
20160627,873,62,865,739,108.6039692886908,91.70340466037129,538.6926260509379
20140204,563,77,529,289,38.361110293491144,31.696058466144837,218.942831240364
20170321,38,65,261,955,77.67406349087089,138.63201504626727,738.6939214628619
20230523,957,35,629,371,47.71793806165988,47.04571935979417,276.236342578546
20141031,479,89,958,996,123.27894124018678,130.1680160325873,742.5530427272259
20140610,60,34,925,664,30.495461479930338,56.394282784460124,577.1102557356096
20220731,543,74,683,125,8.488389900178356,10.75701230897784,105.7545977908438
20200421,763,61,759,538,79.16177677583423,62.37532080631248,396.4629024178533
20181216,160,6,655,762,66.14842414390552,64.5792330428679,631.2723428132266
20200314,664,76,381,706,56.73793300101111,41.70696026305044,607.5551067359385
20200821,981,13,170,818,85.8712660219371,70.1818029773032,661.9469310007597
20210525,891,46,668,232,9.99866716424246,25.58811134334977,196.41322149240779
20140222,496,69,942,722,32.828946235692804,49.43924183728655,639.7318119270207
20211230,121,81,671,947,115.68225720482674,63.53023553018721,767.7875072649861
20150802,734,97,477,122,10.80449568608149,9.365847323758684,101.82965699015983
20160803,226,61,302,982,121.85080206462338,145.07978077592512,715.0694171594515
20150202,197,43,814,227,9.464177884318016,33.2149645660342,184.32085754964777
20191218,940,54,447,135,17.712264556157603,18.70322559593131,98.58450984791108
20170725,860,4,935,328,47.199948009608235,35.15042921809725,245.64962277229452
20170727,18,87,536,588,19.063764435290246,32.00069667805964,536.9355388866501
20170821,383,50,118,443,42.078605780472984,51.776140746876074,349.14525347265095
20200628,170,74,182,802,111.06721218381969,42.07842548495983,648.8543623312205
20140727,33,34,904,511,34.94818890877243,34.07450658077903,441.97730451044856
20161008,939,85,27,407,17.86240239162035,36.769579095425165,352.3680185129545
20240412,537,48,300,713,66.4674612146478,87.40821461426064,559.1243241710915
20150608,697,70,656,311,23.50440985660512,45.69552627783387,241.80006386556101
20230923,357,65,22,189,15.25988800265746,27.236255778574638,146.5038562187679
20210211,590,100,551,648,59.01818962532284,61.760150405079564,527.2216599695976
20221226,832,4,17,686,84.49297144141532,35.46686289312514,566.0401656654595
20160624,470,60,457,728,76.79627892332455,74.24737694712567,576.9563441295497
20161113,489,97,599,580,13.321253606800349,33.286323697671314,533.3924226955284
20200812,273,87,966,155,12.109921446739023,11.885124253856477,131.00495429940452
20240615,728,33,790,797,18.98107134858722,70.19449395913473,707.824434692278
20170926,82,25,423,646,60.584069950503746,73.6819225536194,511.7340074958769
20211205,693,28,16,141,4.253682084284984,13.95823303422909,122.78808488148593
20200529,217,28,825,626,54.35373253616318,77.40721242453424,494.23905503930257
20230212,667,52,537,150,4.188444451515897,19.061407763633515,126.75014778485058
20170701,158,54,725,993,46.048672592116425,67.45314737172144,879.4981800361621
20201025,100,25,961,261,10.380060518870351,20.59310647711423,230.02683300401543
20210416,392,97,302,664,31.761854641331894,49.42838305500273,582.8097623036654
20190311,570,37,260,372,14.661543845497558,37.74815020686449,319.59030594763794
20180105,487,83,923,117,5.146182612695364,12.144772179843551,99.70904520746109
20150619,608,52,736,817,120.88706565433822,113.4101053990894,582.7028289465724
20151013,527,20,412,432,46.20496196867131,29.36394613084055,356.4310919004881
20210124,882,8,168,116,2.377475428107733,15.906039259489114,97.71648531240315
20190402,716,31,143,483,56.0472089844708,35.65016556773386,391.3026254477953
20140502,177,11,132,253,16.023950358776453,28.341061540931374,208.63498810029216
20220425,564,15,129,629,82.334362686914,50.88443201449421,495.7812052985918
20240504,941,12,412,649,93.9290484984928,72.70049148517569,482.3704600163315
20180715,956,82,951,396,15.573540910091715,45.74911967146056,334.67733941844773
20230714,542,46,583,781,50.68255311994964,44.901948248423714,685.4154986316266
20170413,372,100,59,489,58.02743314127157,35.751279477084815,395.2212873816436
20150406,719,100,86,139,8.19037745140636,18.40655665656996,112.40306589202368
20170409,315,23,973,972,98.3081978884996,68.6203570437647,805.0714450677357
20190726,157,12,586,647,46.84325294642365,74.75748831636875,525.3992587372076
20141124,262,74,339,983,42.73130245417711,114.58365542535984,825.6850421204631
20220505,185,63,864,500,60.94015591276308,59.37409452481998,379.68574956241696
20190608,771,76,730,859,21.388589078901305,66.3447969506288,771.2666139704698
20180314,289,100,897,571,77.41712073172286,43.95945545280555,449.6234238154716
20210319,112,37,603,912,106.81305489356556,57.465816124943984,747.7211289814904
20140725,510,74,525,438,64.60169053918318,62.9643207303078,310.433988730509
20220513,665,63,690,558,36.368287415760804,70.33382851010111,451.2978840741381
20160111,766,79,616,213,16.198415311463343,13.33971641495836,183.4618682735783
20150725,79,29,106,424,49.758912644830254,48.43522116184738,325.80586619332234
20170818,572,27,260,192,7.141861190168676,26.84895295027813,158.0091858595532
20160429,332,15,280,258,36.49349322429817,27.790937931028107,193.71556884467373
20221121,225,73,155,773,51.1020360976963,87.5164458999418,634.3815180023619
20141119,371,11,117,387,52.51376369795817,31.38322784541251,303.1030084566293
20240719,930,73,6,598,37.46341526742375,57.67935456290981,502.8572301696664
20201117,244,83,634,680,85.11710827213676,97.27678861793481,497.6061031099284
20140110,76,69,861,702,103.45305608736162,104.92115776624459,493.6257861463938
20211025,668,6,923,771,16.60432797475647,56.25071841701742,698.1449536082262
20171028,743,61,551,534,42.599014268100184,56.18337665876502,435.2176090731348
20171117,313,71,835,316,9.933507803388196,28.45316820525236,277.61332399135944
20240601,955,58,267,709,46.648126935237045,69.33932065423461,593.0125524105283
20190103,363,13,313,352,9.688193323239576,42.156202951698305,300.1556037250621
20210311,41,73,400,392,22.267314917360263,55.851354034425164,313.8813310482146
20160227,186,76,853,776,48.45304502258077,105.9939988638489,621.5529561135703
20210313,80,11,818,484,71.86418157611999,63.62683317528114,348.50898524859883
20160113,790,49,159,387,25.316345411868973,43.06513975661928,318.61851483151173
20210508,251,32,283,620,23.695470111295197,33.14324379601793,563.1612860926869
20150728,933,40,363,360,20.514809525743747,40.29658592450778,299.18860454974845
20201210,476,51,383,960,109.19646439822155,108.90030282486958,741.9032327769089
20151012,243,59,77,527,56.70189957004342,35.74381215523063,434.55428827472593
20150127,797,99,537,181,7.6301333642121625,19.35186017394941,154.0180064618384
20170520,724,75,729,807,71.02389566688238,118.99202365841471,616.9840806747029
20151009,867,65,569,929,77.397113939454,82.22356971588735,769.3793163446587
20220426,27,5,814,455,54.10448824013756,57.622513729118594,343.27299803074385
20150523,564,32,313,544,61.686943698707,42.601582876812266,439.71147342448074
20240709,845,35,261,980,44.77468111262268,51.666084156202956,883.5592347311743
20170606,193,16,76,908,86.11364565565775,106.88469446861957,715.0016598757227
20180827,11,6,233,125,3.988944201641814,14.51589582673955,106.49515997161863
20190504,3,80,266,632,65.87541241139026,61.313057415068144,504.8115301735416
20210226,334,9,968,508,34.41757830474352,62.98157527635663,410.60084641889983
20171012,970,87,420,138,14.807338669431454,9.604132997590211,113.58852833297834
20231206,445,91,542,410,36.64763056734037,48.991083726507306,324.36128570615233
20150614,73,78,659,337,28.353598416016528,33.367637622462404,275.27876396152107
20210602,623,96,693,923,83.80857117143228,63.85471767683366,775.3367111517341
20141121,307,46,599,184,23.527841144662823,19.051545509566708,141.42061334577048
20160101,673,97,919,660,17.319118454077895,53.751174790832714,588.9297067550895
20150217,103,32,914,596,27.36695623625755,75.601825060449,493.03121870329346
20151107,545,16,727,788,97.95416000278735,102.41280169692337,587.6330383002893
20160406,47,62,277,325,31.88125866257193,25.76576136474165,267.3529799726864
20180506,457,27,791,868,109.95095125402037,121.2196358985091,636.8294128474705
20160611,950,72,124,467,41.356508527248884,41.13271318183621,384.5107782909149
20180330,895,80,984,183,19.881267136017083,20.87540179003929,142.24333107394364
20190703,620,52,996,971,115.27504071197906,86.57004754843983,769.1549117395812
20230503,914,97,566,411,34.33330373437403,52.553396178577465,324.1133000870485
20230916,881,50,767,309,11.276251632498703,24.41647118119875,273.30727718630254
20140524,309,28,584,538,41.85279347125847,47.6325995308971,448.51460699784445
20210905,116,48,594,401,11.828418174352112,56.20422043466997,332.9673613909779
20210618,358,51,749,332,40.32931851931342,40.895842171339254,250.77483930934733
20190729,7,82,672,434,64.97590512764623,64.32878074089527,304.69531413145853
20210523,696,42,817,118,12.05483621298713,9.65795842196997,96.2872053650429
20210310,241,42,455,899,60.011355376276285,68.2842730069659,770.7043716167578
20230305,160,84,850,974,66.69638641381037,97.30012086583152,810.003492720358
20151120,332,98,989,330,32.333047268384796,49.23829687861108,248.42865585300413
20160319,376,92,324,723,19.92001436074095,53.622705591589934,649.4572800476691
20161130,678,35,811,540,48.32181527620157,46.41376605623597,445.2644186675625
20171113,716,89,881,650,85.18116149702102,91.99572418460055,472.82311431837843
20180807,11,2,950,768,28.19057030171318,77.66739895077527,662.1420307475115
20160509,199,95,590,368,27.319200686478126,19.557173432321747,321.12362588120016
20220201,981,5,474,574,44.109748542790804,45.69003650980198,484.20021494740723
20201202,812,56,805,995,125.19782141032725,112.08241473798049,757.7197638516923
20220622,275,72,896,671,21.263747889793432,65.30198753572148,584.434264574485
20240226,47,88,737,886,79.27870075946991,82.52115339458183,724.2001458459483
20140916,556,92,841,349,17.07513351124267,48.445589991443455,283.4792764973139
20170523,44,84,259,757,68.06323875734716,85.84785504374206,603.0889061989108
20210727,96,93,78,946,33.028171303863104,56.86292912764438,856.1088995684925
20150223,235,45,338,976,103.95470626100592,117.60298740861032,754.4423063303838
20211230,291,96,211,540,13.211363734313796,50.6208423357546,476.1677939299316
20170518,932,32,474,765,103.47388729184006,62.185275448895744,599.3408372592642
20191106,802,55,666,225,5.495763740166302,15.184630936261792,204.31960532357192
20220317,941,30,492,899,23.383052286414635,86.47125502586614,789.1456926877192
20210224,584,25,708,575,46.25549729942617,76.08247930804302,452.66202339253084
20200604,782,49,215,604,48.479692446804,63.756570442814905,491.7637371103811
20140106,283,66,278,550,68.31267154555314,32.32821194313472,449.35911651131215
20200223,200,61,938,530,73.39647177673608,43.96975913296272,412.6337690903012
20230608,122,83,153,849,99.30306350508704,91.74402290055191,657.952913594361
20150728,766,45,132,843,44.4547945822448,64.44851938857468,734.0966860291805
20200518,34,17,848,412,53.623591207551534,50.30663823404632,308.0697705584022
20140209,520,49,528,877,90.30819603009326,96.55559679412697,690.1362071757798
20190422,533,22,453,124,10.973495020431852,9.620278641757299,103.40622633781085
20230912,427,85,173,225,25.509012389305884,25.482545191812378,174.00844241888174
20200524,30,62,352,995,146.88491215732893,142.63692556400068,705.4781622786704
20200507,111,18,716,905,32.82256963606842,125.33698799372577,746.8404423702058
20141119,624,39,643,959,86.36740837914193,130.89438415596777,741.7382074648904
20181108,510,79,917,979,120.55132688125389,121.56786670539448,736.8808064133516
20180315,925,76,35,234,16.110330590889824,21.76474087657489,196.12492853253528
20150926,957,18,230,767,35.19485410161975,101.05610752013018,630.7490383782501
20160604,891,43,347,405,16.424073194000677,58.40133286977563,330.1745939362237
20150330,443,13,401,406,45.77045967859451,56.34368999882345,303.88585032258203
20200929,83,99,683,374,54.85097493091917,47.11436178321252,272.0346632858683
20191022,704,85,749,209,30.83427316289874,23.551370955432706,154.61435588166856
20230114,901,58,937,623,41.44766710451236,63.52692306632103,518.0254098291666
20171103,115,19,315,790,84.52021967796303,101.24641774107374,604.2333625809632
20151013,253,47,360,798,67.85816466665568,95.69832044726053,634.4435148860838
20211205,808,75,368,452,50.93507096189875,50.12283907467068,350.9420899634306
20221026,773,94,115,373,43.98564732193315,40.275752759275115,288.73859991879175
20170421,208,33,816,437,8.893420316203255,29.803266122893202,398.3033135609036
20170305,633,10,608,782,66.87868881646165,86.67902427237358,628.4422869111647
20150709,365,98,583,297,22.753000939662925,36.46572281175397,237.7812762485831
20230328,116,10,865,866,105.42995036342977,64.0904246119909,696.4796250245793
20180413,233,70,862,777,79.43493886943669,49.42814210271955,648.1369190278438
20220208,464,54,320,540,19.816839196358607,54.825529010477815,465.3576317931636
20140831,286,61,916,322,6.783194895563526,33.80496159820089,281.4118435062356
20141217,104,38,657,171,3.434925153065609,17.36117781595463,150.20389703097976
20170920,305,68,965,805,106.9394905281335,70.3738533795786,627.6866560922879
20160116,982,31,198,148,15.004106031841783,21.010846922834038,111.98504704532418
20240405,146,28,547,305,31.51605342378428,16.2883651341934,257.19558144202233
20200428,591,100,374,942,56.010825906221086,122.02088754519211,763.9682865485868
20150405,15,61,764,185,21.316907020668033,18.208457586448947,145.47463539288302
20151207,541,41,824,371,22.27954045864119,32.88066215087378,315.83979739048505
20180107,412,19,591,785,95.05449172781643,64.72976449418861,625.2157437779949
20210126,943,16,415,338,26.786998686871808,28.4914416625902,282.721559650538
20231203,277,24,738,111,2.411214783609087,11.656075826642823,96.93270938974808
20150209,14,76,667,582,77.91210916863577,50.42786361938265,453.66002721198157
20220108,337,15,826,789,95.53435481685631,51.4262961387412,642.0393490444025
20200316,81,34,518,732,48.87862076333423,61.290889283729214,621.8304899529365
20170922,807,43,66,658,69.36120692387158,44.366559887577075,544.2722331885514
20140324,470,65,548,121,11.083408801573631,9.121923149915292,100.79466804851108
20240704,637,70,323,118,7.000380514332996,9.134013282730026,101.86560620293699
20240630,858,73,835,594,58.93876534878116,55.284076317917936,479.7771583333009
20160922,241,77,932,969,98.38281705233464,119.09961837893022,751.5175645687351
20170128,367,59,733,707,71.92850866890107,82.02917724134986,553.0423140897491
20210517,439,96,639,446,21.024012925707275,36.36447269796789,388.61151437632486
20230224,667,29,681,347,25.194114199894017,40.12017424615736,281.68571155394864
20140223,554,96,96,592,19.483872367726235,81.72010871607077,490.796018916203
20190513,724,75,778,531,13.180352677723222,68.0974760666707,449.7221712556061
20181005,22,54,588,619,37.34254857085942,67.3522220734714,514.3052293556692
20170329,253,41,103,724,86.16090468012622,70.79374350033304,567.0453518195408
20151113,468,65,739,273,21.488455396054576,31.204179878610933,220.30736472533448
20230110,67,93,298,977,96.55284985768219,134.74388228931716,745.7032678530006
20230403,291,3,937,183,18.584411205516755,26.964331304771285,137.45125748971196
20211030,447,30,341,784,117.2630872986764,79.85836321466503,586.8785494866586
20220225,745,100,445,391,36.567658317888245,44.01356448400654,310.4187771981052
20150213,448,65,903,747,73.00359800516787,96.55454001357748,577.4418619812546
20200715,548,87,685,879,52.96350595974758,80.18073857331088,745.8557554669416
20171013,190,90,699,367,46.08026123063894,36.81571328244078,284.10402548692025
20220322,43,80,159,432,60.54763219318421,32.04744761604167,339.40492019077413
20220429,624,36,639,251,14.075008215709992,35.17655917897069,201.74843260531932
20170707,890,99,850,117,10.734896362456325,17.2793678202387,88.98573581730497
20200718,694,42,697,365,36.94583016092648,41.20943064564119,286.84473919343236
20150608,928,41,573,647,61.77075389565326,63.896173385683205,521.3330727186635
20160328,90,12,898,817,50.169446512565024,102.00080107759327,664.8297524098417
20230807,368,34,157,887,58.075023899473486,67.92620693985938,760.9987691606672
20180816,557,88,551,306,34.46476468168388,36.96022805866109,234.57500725965502
20210521,710,36,758,974,51.83685724506686,130.85358806289915,791.309554692034
20140302,897,70,173,738,41.71246188688792,100.15115548079793,596.1363826323142
20230817,216,50,595,489,66.19900454478031,30.579523380596214,392.2214720746235
20200122,744,7,966,178,10.4295599137881,20.242150772023418,147.32828931418848
20170219,751,95,511,356,17.3637564136228,22.49659341051487,316.13965017586236
20140827,180,74,250,647,55.7238958993055,34.32740945952761,556.9486946411669
20140407,390,50,219,342,7.7822870326593705,36.06541749419571,298.15229547314493
20240204,990,20,69,512,32.27437648844737,29.44877657525628,450.27684693629635
20170124,551,68,930,411,41.311502344163344,27.181709597805956,342.5067880580307
20150126,682,83,225,537,76.35203891717781,62.30248501137517,398.345476071447
20201023,87,28,653,356,52.4691920528039,34.68853465270401,268.8422732944921
20210520,568,36,337,136,14.350471771745866,9.629021022880705,112.02050720537343
20190313,764,94,790,567,52.703329678656374,57.270911266352336,457.0257590549913
20210430,127,66,864,491,62.61783458932471,32.19412979967895,396.18803561099634
20151024,89,91,435,329,10.574902327423066,36.62661181804603,281.7984858545309
20230423,703,10,570,711,88.57314623840658,104.78116003057137,517.645693731022
20200216,603,87,322,563,77.44398342507274,57.00364944545782,428.5523671294694
20140323,278,32,198,631,65.64373852700885,73.66363680524027,491.69262466775086
20180218,119,41,339,519,37.43754800436352,62.67061778852388,418.8918342071126
20160707,363,15,648,645,57.57992154034011,93.41558916727446,494.0044892923854
20150225,636,70,652,725,108.6650333999819,90.76650054557136,525.5684660544467
20200819,540,76,582,541,35.05755358123009,27.475166539558156,478.4672798792118
20240320,125,49,286,970,140.16251734736872,102.8698901315302,726.9675925211011
20220716,942,49,796,900,25.115879102087753,112.39218715909453,762.4919337388177
20211227,107,16,215,778,39.4119809102549,59.64233625568088,678.9456828340642
20151112,232,95,747,487,60.32433944341823,64.05488894397601,362.6207716126057
20140719,57,100,50,641,87.21097656040621,78.5320412390843,475.25698220050947
20150725,217,23,814,710,95.24126679059755,55.83907481628728,558.9196583931152
20191210,956,46,966,437,58.23384067563606,52.05680350142358,326.7093558229403
20240612,366,19,693,557,24.19147087401212,50.3439007249489,482.46462840103896
20160313,34,63,42,598,55.31014257896844,70.16065109130986,472.5292063297217
20231123,128,17,144,845,35.82474620306922,125.59722864637888,683.5780251505519
20181203,285,61,952,853,21.414659009833713,106.2813751705527,725.3039658196136
20221009,117,80,67,949,109.79820269183064,90.01519488077231,749.186602427397
20230918,469,81,650,250,26.00720925999251,34.55122409765019,189.44156664235732
20231123,204,82,869,182,24.639542349314507,14.568334676316844,142.79212297436865
20230225,409,95,449,781,26.3039498240912,99.23599847513117,655.4600517007776
20190122,992,9,260,436,56.187670068439964,31.56918153529781,348.2431483962622
20201123,153,15,971,592,75.85373759503645,82.23618252352851,433.910079881435
20150319,779,1,245,851,98.18670025391542,118.11400528494788,634.6992944611367
20180215,77,27,442,309,16.563726616343146,23.9786855613287,268.45758782232815
20140713,531,28,877,637,18.742328916455808,39.85977463836955,578.3978964451746
20140728,496,49,872,645,64.97553839196901,61.87677496371723,518.1476866443138
20230722,249,29,238,317,9.678632097796285,34.20644516794924,273.1149227342545
20201026,316,39,445,867,29.030420305591964,72.62903585611377,765.3405438382943
20170923,836,92,223,874,45.172391661235295,107.2142551590284,721.6133531797364
20160610,411,31,222,344,9.887279882025345,37.644746141497826,296.46797397647686
20210526,340,90,96,174,19.664571817408117,12.49861018328394,141.83681799930793
20240706,167,94,37,548,29.844873859667263,32.34239311995425,485.81273302037846
20170107,15,84,197,926,83.00162839537322,106.13426935986966,736.8641022447571
20240501,878,31,759,585,86.0747877529314,54.956353102976685,443.9688591440919
20160324,833,27,121,549,50.69203083109736,76.7252523859287,421.58271678297393
20221208,214,19,445,550,71.14590226402333,52.774585472747745,426.07951226322893
20190907,192,18,823,195,12.6679296220536,12.205953298315336,170.12611707963106
20221113,945,46,604,983,37.677859062426776,67.31923229879627,878.002908638777
20151117,582,59,969,860,43.63157199918381,104.44892432259932,711.9195036782169
20240612,484,26,882,565,66.31072526972828,75.92040856801776,422.76886616225397
20170713,26,64,893,237,28.1205342301589,14.683272832472314,194.19619293736878
20190930,986,18,415,311,37.521534538316764,33.39082536893715,240.08764009274608
20230909,948,68,195,301,20.134166283671,17.220732489582954,263.6451012267461
20210328,501,27,932,351,23.905138043400328,51.82660665590501,275.26825530069465
20161028,739,18,729,990,20.00481275241179,126.04496401606794,843.9502232315203
20171128,189,50,742,781,63.908934203670135,104.86086996570178,612.2301958306281
20190505,533,78,92,206,13.477396264783694,14.49253778974076,178.03006594547554
20201218,516,3,139,908,88.49159974103098,75.60022830847588,743.9081719504932
20240318,405,10,321,377,50.315860834072005,47.399185253518986,279.28495391240904
20230509,502,53,338,992,75.69564287568205,131.77683521206606,784.5275219122518
20220908,362,44,303,203,12.82915839177689,16.705042172903347,173.46579943531975
20221028,747,26,157,678,15.898738837758756,37.37701562636812,624.7242455358731
20160130,786,30,223,963,70.29538092926262,134.944424797773,757.7601942729643
20210806,918,83,52,353,17.959995367025815,18.794823858906696,316.2451807740675
20150423,444,41,89,797,25.281309658505844,59.43963796305887,712.2790523784353
20160211,69,62,770,207,28.004006669685605,19.553178050239694,159.44281528007468
20151008,610,75,144,921,115.081782375088,47.87784606927744,758.0403715556346
20240717,27,42,562,574,34.73946042905128,84.38781397549224,454.8727255954565
20180614,339,11,111,412,24.948251353460545,37.04356924315753,350.0081794033819
20210112,12,20,967,562,74.579652136997,34.72572131114737,452.69462655185566
20150709,948,19,395,330,22.608835539618333,35.52154327260375,271.8696211877779
20180821,813,39,137,697,96.62925472843685,102.869718882114,497.5010263894492
20220624,423,82,860,667,13.806258931445136,78.10224944883095,575.0914916197239
20220216,402,22,810,593,88.51979143552776,78.3322856661509,426.1479228983213
20221220,697,58,945,257,25.829480615143712,19.992775178040656,211.17774420681565
20240122,350,10,142,890,128.60028201475305,92.04301565239763,669.3567023328493
20190108,210,55,595,144,7.900346185330732,7.527535896153449,128.57211791851583
20220531,494,28,76,430,54.6750924936008,25.48074562286581,349.8441618835334
20210507,851,78,575,482,59.336216260116,42.99124692231398,379.67253681757006
20170119,389,61,546,145,4.988939575791976,11.124658784157068,128.88640164005096
20160712,504,22,274,850,33.161079499074724,101.71547742014717,715.1234430807781
20240205,408,18,357,572,68.36960178986072,46.330436475910936,457.2999617342283
20170403,741,43,470,261,36.975399098951804,36.555662207844456,187.46893869320374
20190114,261,24,813,134,19.050112085242763,19.581892086450107,95.36799582830713
20141220,210,44,762,444,37.35432565663824,51.79084184614294,354.8548324972188
20171216,50,33,214,232,24.33848949262907,12.9431666240952,194.71834388327574
20151102,238,58,691,163,5.355019283061935,8.64968174330722,148.99529897363084
20210114,702,72,929,344,40.887553344617885,49.79465336944573,253.31779328593638
20170529,271,9,423,448,51.33639261850056,57.02128035677956,339.64232702471986
20211010,742,49,41,919,55.96387192382919,119.83765101884937,743.1984770573215
20140916,256,54,790,395,38.27636170665314,26.965350080200245,329.7582882131466
20200611,55,49,843,489,67.96933034363784,52.1737747741668,368.8568948821954
20231210,282,79,291,476,19.222952028678662,56.29439878296992,400.4826491883514
20190824,531,30,760,513,74.37164120425291,61.99587664294694,376.63248215280015
20140103,896,4,522,338,22.201706396089854,25.886426011215722,289.9118675926944
20210208,910,24,174,280,11.877588244352893,32.80060033748853,235.32181141815857
20211218,486,69,698,859,49.7533736170926,77.72694934558378,731.5196770373236
20140123,329,85,728,273,13.970702199377088,40.74167127429734,218.28762652632557
20150310,709,84,491,204,27.056658209655016,24.477549790757337,152.46579199958765
20191020,48,61,684,239,8.42196430647053,13.364315087541353,217.2137206059881
20191007,416,19,571,923,68.48845720625022,49.66466043196895,804.8468823617809
20230101,806,89,594,708,68.31815621591853,84.00928678464972,555.6725569994318
20190527,82,14,809,695,18.79602672898435,71.24522383803824,604.9587494329774
20151020,398,96,609,643,83.99147129074584,87.86342423868403,471.1451044705701
20200622,150,39,890,878,121.9319586734603,80.03995497057272,676.0280863559669
20171104,841,15,946,620,34.51929802777922,57.86311148246446,527.6175904897564
20160412,944,61,956,328,30.029393195244957,20.61863499533266,277.35197180942237
20140208,930,67,579,896,125.0984374456443,58.581132111794524,712.3204304425612
20200306,157,18,970,489,36.923363324664514,41.50364052058118,410.5729961547543
20180513,509,35,87,188,20.99212428834656,13.681148160093878,153.32672755155957
20210121,369,63,485,287,24.46105575596729,15.081608556429387,247.45733568760332
20160321,378,67,504,989,39.85605298883565,111.64380157589184,837.5001454352725
20200426,357,77,354,238,28.08746014716948,28.10539206115676,181.80714779167374
20200811,411,24,231,324,32.19188662421653,42.85084372101598,248.9572696547675
20201031,523,43,968,808,95.50856195012452,102.38106496513396,610.1103730847415
20170506,940,32,656,484,43.808179249116186,70.63280520027735,369.55901555060643
20210810,472,49,60,733,79.87070057667832,38.618690557717485,614.5106088656042
20211022,492,71,506,974,112.35042230105748,104.04693918413649,757.602638514806
20160410,875,87,771,809,88.17483415084078,51.539841342285186,669.2853245068741
20180619,611,94,176,645,22.570625568165944,76.82575150528827,545.6036229265458
20190314,714,46,78,718,61.713647491607844,46.72985795980658,609.5564945485855
20210824,268,21,402,855,113.68450671735297,59.38836483688004,681.927128445767
20180509,660,8,611,261,16.64044225191948,14.280320452694642,230.07923729538587
20200825,232,41,744,430,61.47857059314717,36.62707169373698,331.8943577131158
20210527,842,68,352,560,40.58037137685968,69.80870983139195,449.61091879174836
20150714,183,69,624,193,24.900239984875196,22.391413627846305,145.70834638727848
20180507,169,26,75,885,132.142885525738,55.58076371728928,697.2763507569728
20221024,668,69,166,897,111.34955686579427,95.61276052612251,690.0376826080833
20170730,958,9,845,152,6.604511316245073,16.5067582681738,128.88873041558114
20240531,904,15,524,529,78.55487518359423,48.59442562700877,401.850699189397
20170123,590,27,584,144,11.784620361914342,18.842617496113032,113.37276214197263
20230304,982,17,459,926,59.62462450735501,136.66923864853229,729.7061368441127
20151111,62,96,688,778,93.7912385941814,74.32606463671878,609.8826967690998
20201222,701,77,38,214,10.693911913660466,24.439915330872672,178.86617275546686
20171219,620,10,212,211,22.48674974077335,24.33404306070413,164.17920719852253
20211023,106,44,203,480,20.27280254617057,26.15809061045545,433.56910684337396
20210610,45,29,820,360,36.77575247307661,27.153436252385614,296.0708112745378
20151002,302,63,799,107,11.453880129912736,5.554684947595929,89.99143492249134
20180116,806,40,197,549,39.69987337148768,55.69383584689065,453.6062907816217
20191229,811,66,864,698,78.7975138944305,38.02954535189024,581.1729407536793
20230427,372,100,41,713,22.614651873606356,67.18601185742905,623.1993362689645
20160618,589,35,455,364,24.308291390224678,50.02941569270545,289.66229291706986
20220716,57,93,783,839,109.07364292317355,67.51725317252568,662.4091039043008
20180214,599,50,611,513,22.16362082313565,71.09512163086117,419.74125754600317
20221206,646,51,246,155,8.794283746943847,10.40463932490267,135.8010769281535
20190810,824,6,902,146,12.934119670680747,20.83683846284639,112.22904186647287
20191013,924,36,177,845,76.54069173626274,48.101858372906975,720.3574498908303
20171126,335,74,237,640,88.09628309652707,93.30275757260068,458.60095933087223
20160407,673,58,831,937,57.98781057382792,85.59813997119254,793.4140494549795
20180815,241,79,893,159,10.243179721687373,10.944304361691428,137.8125159166212
20200223,773,1,678,493,30.97656455102127,46.52503912857366,415.49839632040505
20161006,427,40,474,336,36.544150759002584,23.525675290298135,275.93017395069927
20240411,402,95,660,992,49.39076908762234,101.69748614181141,840.9117447705662
20210905,364,92,266,897,60.032803118039965,59.98514922570313,776.9820476562569
20170825,239,60,928,508,43.308047634380785,26.751822340534186,437.940130025085
20160519,922,62,74,393,55.48290536014974,41.10719158017818,296.40990305967205
20190818,528,5,988,764,55.44188802461875,63.178439248812495,645.3796727265687
20150709,211,50,104,301,21.584086773857944,39.55837251473363,239.85754071140843
20190315,990,51,409,565,61.2083282936478,79.8072176590956,423.9844540472566
20150919,760,35,1,297,31.033196928670726,38.51699609573361,227.44980697559566
20180722,572,37,320,412,36.33281003067038,46.41681821807839,329.25037175125124
20201002,225,82,982,489,39.89265898164992,35.33500430056882,413.7723367177813
20191016,625,25,971,452,37.42971579694797,40.60164895001319,373.9686352530388
20230913,969,18,454,410,55.72976731441934,55.89513311030105,298.3750995752796
20190730,694,77,301,862,81.22767071649673,45.157450496941124,735.6148787865621
20200524,964,35,658,661,46.44046560819129,40.00691251868841,574.5526218731203
20231228,758,30,90,434,21.244220506767793,34.00194846138658,378.7538310318456
20200609,589,10,437,752,46.19558414736164,90.52623546254719,615.2781803900912
20200804,837,86,368,138,10.86425544807897,16.011625081116836,111.1241194708042
20200724,490,23,124,649,33.797240960239975,75.40988162644734,539.7928774133127
20170309,224,33,686,948,113.62048548210498,123.50473372083651,710.8747807970585
20170917,845,46,939,648,15.227007800734569,59.189770571937686,573.5832216273277
20200710,441,75,438,846,41.495017653222355,75.75031780767785,728.7546645390998
20231118,994,63,823,546,73.35801478660368,41.01723225438875,431.62475295900754
20160202,517,92,575,895,24.724277718542286,111.09336019529275,759.182362086165
20220419,676,2,801,127,8.283157501827258,14.22858957908509,104.48825291908764
20221021,214,85,211,862,46.43230354834276,65.2329462201385,750.3347502315187
20230110,364,26,397,124,8.04644448578548,9.345588740660876,106.60796677355364
20170401,951,98,920,856,30.02585107349176,53.83108534419156,772.1430635823167
20180129,704,4,552,189,25.74339689163806,18.56454340741192,144.69205970095
20220116,404,16,582,255,30.534550910886605,31.56950394085819,192.8959451482552
20210905,14,44,814,835,36.50997532836466,71.20549007104849,727.2845346005869
20180920,923,17,171,274,15.80157810031987,40.353223227039706,217.84519867264044
20180608,693,16,939,550,29.625315446877476,35.4133550515438,484.9613295015787
20160328,726,51,843,130,14.60459721447165,6.928531609164695,108.46687117636365
20180329,797,21,974,1000,113.41497482608244,90.70370898585432,795.8813161880632
20160418,228,14,265,422,23.117897076641928,52.44988532528633,346.43221759807176
20240204,478,79,519,771,74.1384807789206,51.98198648418192,644.8795327368975
20140129,628,18,53,506,72.096293124418,43.526824273362244,390.3768826022198
20201011,271,87,722,606,37.13947391363376,64.67061824475974,504.1899078416065
20231010,67,68,376,350,39.6712215007966,48.529007526875574,261.7997709723278
20180514,489,66,348,524,76.33508971325858,60.16414386174842,387.500766424993
20140516,800,77,276,234,13.972394521345574,21.290161342606737,198.73744413604769
20220816,54,57,200,255,15.546571181898063,23.82042807606709,215.63300074203485
20170603,440,87,550,480,13.828512944597836,62.98728824037696,403.1841988150252
20221114,535,24,322,765,61.514137365879996,77.05645417292145,626.4294084611986
20150211,515,79,199,759,19.66558259287205,72.47468213523241,666.8597352718955
20210909,588,40,957,440,28.123493431308432,44.13333445814889,367.7431721105427
20240415,168,8,938,148,11.337696395645812,16.858383551222452,119.80392005313173
20191014,994,30,755,636,33.24824917700766,34.7216872703328,568.0300635526595
20191219,390,68,779,885,108.25220965813587,97.149369659818,679.5984206820461
20140115,197,57,255,354,10.928976428817213,50.14152665295066,292.92949691823213
20230620,122,13,406,789,33.16394581312958,47.03386671587172,708.8021874709987
20220329,767,12,368,949,63.99636947242235,96.87396653056312,788.1296639970145
20180910,245,30,381,215,27.441380990806977,26.17323999102987,161.38537901816315
20240417,829,96,921,568,39.69051087061582,30.096599345784767,498.2128897835994
20200114,714,73,535,304,35.90174423878526,37.61436915420808,230.48388660700667
20210713,640,79,618,904,100.74053129260831,105.26470121801745,697.9947674893742
20190103,278,78,70,506,26.42644401489105,50.37468563192867,429.19887035318027
20190914,194,18,824,1000,68.04370614290933,88.27581670184652,843.6804771552441
20201218,323,13,182,450,59.150901604196775,49.31475531109333,341.5343430847099
20160821,735,13,376,980,80.45481704733393,100.37585148667903,799.169331465987
20190606,769,51,2,870,127.61182772896228,120.23833647835052,622.1498357926872
20230106,133,77,365,675,42.05776454502827,89.96946401624444,542.9727714387272
20220303,186,8,388,178,12.401625128691043,26.025465426931515,139.57290944437744
20201007,476,80,141,267,14.425192228663303,33.22622672768168,219.34858104365503
20140414,960,83,240,597,16.50976766605579,62.82173848894176,517.6684938450024
20170913,889,49,853,600,71.0746247835619,36.21673091790289,492.7086442985352
20140312,144,92,967,680,70.35326109495604,99.85014765883157,509.7965912462124
20140613,49,86,944,835,75.18756923715826,41.77811949222963,718.0343112706121
20140926,5,72,741,507,70.48427771736914,35.4356158393608,401.0801064432701
20201228,809,22,133,353,23.383261760327922,28.001538272946792,301.6151999667253
20230305,3,89,244,304,12.901135502249193,24.194224054471533,266.9046404432793
20170116,460,72,998,117,10.390835705201635,14.518743271634348,92.09042102316403
20180322,759,78,597,793,70.17755104590944,109.59987890448636,613.2225700496042
20190902,760,65,659,986,33.40393097093436,58.26226095364806,894.3338080754176
20240330,977,12,730,372,48.2453258454978,38.760593579775616,284.9940805747266
20231123,78,54,118,186,26.434625646345747,20.3878640853107,139.17751026834355
20150330,837,47,841,433,30.82192682741945,39.973397952630066,362.2046752199505
20150717,187,7,883,687,74.03860486985965,64.52724759342003,548.4341475367203
20150615,792,59,465,449,13.203168299338481,53.58404389872854,382.21278780193296
20210330,698,78,419,920,52.61019903474113,135.80508133012918,731.5847196351297
20171030,144,28,4,839,29.492324564596466,117.66283774814181,691.8448376872617
20170401,205,56,511,656,44.80430833131975,86.18224731646056,525.0134443522197
20231115,610,34,458,920,80.56831300303735,135.97138433932824,703.4603026576344
20150824,217,17,293,200,13.617062021052204,15.699962548224105,170.6829754307237
20240614,65,66,64,423,62.739431355113766,51.326322426082804,308.9342462188034
20180701,762,58,712,458,18.403812483796923,66.30503351798781,373.29115399821524
20221111,641,98,796,494,61.054260538923785,51.810741761085715,381.1349976999905
20240727,198,64,906,848,45.075599342618105,116.39882036556524,686.5255802918166
20231118,464,20,140,724,32.474893309863994,67.16760361294176,624.3575030771942
20140520,32,90,563,510,15.332501270874566,49.4315435237464,445.235955205379
20190628,119,37,130,656,48.17008593706022,94.95983935922285,512.8700747037169
20200522,974,1,633,595,29.816417152317797,60.19462867754156,504.98895417014063
20161230,793,42,498,269,33.784162036844684,37.71221213433357,197.50362582882175
20201222,284,20,85,517,66.9346353503065,63.148156529264284,386.9172081204292
20220915,561,56,640,631,19.940458486781154,58.12491859814762,552.9346229150713
20220502,151,64,477,870,61.3668710262715,128.14259256104094,680.4905364126876
20150409,81,81,748,386,13.136411469830957,36.89787885111712,335.96570967905194
20151229,645,28,536,826,121.032678225347,44.65026941896689,660.3170523556861
20160405,397,63,80,931,101.3453620851841,64.32867528086138,765.3259626339545
20230211,965,98,136,727,83.75314625121834,60.67781149870019,582.5690422500815
20201127,196,48,81,373,45.28979470980308,20.276906340333824,307.4332989498631
20240312,784,56,824,408,36.75532567317407,29.24355799386613,342.0011163329598
20140912,300,73,64,356,26.937812277038578,41.72801967950413,287.3341680434573
20190815,212,5,959,231,18.79474753760574,31.873562690522682,180.3316897718716
20210501,103,32,441,271,37.703331241565586,40.432872986287855,192.86379577214655
20211208,848,26,322,888,82.58365321754535,101.59532538839629,703.8210213940583
20240304,770,3,334,674,32.41499500006329,100.62678274942816,540.9582222505086
20141206,640,24,432,440,33.00262719671197,32.355449486622724,374.64192331666527
20191007,942,52,175,267,17.582713467238708,22.33373626556659,227.0835502671947
20231227,143,2,48,650,85.43323134492968,58.00426816326761,506.5625004918027
20150616,828,4,555,501,52.20304575496979,37.88693349931217,410.91002074571804
20240304,218,21,703,537,30.824784604223844,32.58655712544674,473.5886582703294
20200115,949,4,866,641,72.9702053123883,56.55714702214677,511.47264766546493
20180810,156,60,422,166,7.638533050075264,19.029061194543853,139.33240575538088
20221209,702,20,767,741,99.1190725801059,86.23842598010245,555.6425014397917
20191105,499,43,654,440,10.53633908435618,50.063202453486795,379.400458462157
20200704,633,93,306,807,111.57779400522477,85.69939485927794,609.7228111354973
20180921,168,12,933,775,107.6209792180266,80.42535367821831,586.9536671037552
20170107,376,32,568,488,64.81238793149006,29.460448658965383,393.7271634095446
20160117,326,65,489,452,61.74769671865517,56.00043625702259,334.2518670243222
20160614,769,83,260,900,78.68640940217509,132.2940979594311,689.0194926383938
20240317,895,41,155,993,91.34045167677338,78.03754367506117,823.6220046481654
20150109,687,42,973,924,37.794117129409095,109.23097694046446,776.9749059301264
20170119,153,80,91,357,43.717846067611774,48.55584046618124,264.726313466207
20211130,16,30,74,326,18.123022960889813,46.596815603251756,261.2801614358584
20201018,405,10,591,656,15.719693176392198,38.42827547959718,601.8520313440106
20210529,505,58,451,731,41.767884657646576,81.89001428821842,607.342101054135
20190319,220,49,259,647,82.63575195053969,37.03638482332577,527.3278632261346
20170418,465,49,105,575,21.87764775923097,31.116124262401577,522.0062279783674
20211216,339,1,322,669,30.22321370655334,34.25961741372827,604.5171688797184
20211012,192,75,62,952,123.101187786109,68.97970778717304,759.9191044267179
20240424,589,81,857,578,83.5493969003794,72.9102190521524,421.5403840474682
20231002,475,28,52,748,47.724495573860295,84.43539875381462,615.8401056723251
20190105,618,18,687,667,91.2685903477553,54.082404463590734,521.649005188654
20140821,165,78,956,705,45.96400226158459,104.72069462096998,554.3153031174454
20180311,710,8,223,162,22.949880190366596,18.179578448175633,120.87054136145777
20240222,534,95,232,900,106.23356667758603,82.62866262456781,711.1377706978462
20221020,771,90,752,194,27.413874689755403,10.192026391210405,156.3940989190342
20141223,212,35,68,209,14.758939781671403,24.239262515426457,170.00179770290214
20230607,716,6,319,780,99.96314196289534,69.74950503966039,610.2873529974443
20160219,200,16,69,100,11.509975152759415,7.5146605025367545,80.97536434470383
20240429,945,1,512,904,89.8657447779814,109.79163126593137,704.3426239560872
20231221,869,61,620,966,128.28118050388076,144.68888631561745,693.0299331805018
20210923,750,21,259,249,16.947989303358558,17.632516573831463,214.41949412280997
20141015,927,3,449,585,59.23731733412375,38.619633489959995,487.14304917591625
20211123,290,55,821,581,43.3356541219406,38.797715185145385,498.866630692914
20150520,400,66,334,788,54.57698984193452,102.60729095219341,630.815719205872
20141018,519,60,705,176,23.95211647173249,23.07133423511858,128.97654929314893
20220731,917,9,143,835,20.190219557577556,124.30899459716872,690.5007858452537
20220720,695,9,44,431,61.14429949490688,34.331097771091414,335.5246027340017
20150626,428,36,210,909,37.60706207088368,75.35753864465542,796.0353992844609
20180612,506,51,935,527,59.188034674907165,51.30199706535507,416.5099682597378
20170628,3,88,252,260,6.4176601135329685,33.879090485261926,219.7032494012051
20151004,542,8,808,602,49.16666970607002,63.617080016361264,489.21625027756875
20230528,120,73,395,382,16.768579242155823,42.67291719543836,322.5585035624058
20240703,545,28,340,915,32.337979287616854,48.7534167468254,833.9086039655577
20140525,572,36,204,253,26.12863693341445,14.931664389387375,211.93969867719818
20231220,197,78,550,965,102.61174248899182,106.22955427739166,756.1587032336165
20150501,129,74,653,637,51.74236613179554,69.6311525516941,515.6264813165103
20140702,12,25,277,696,69.9550639635561,89.67273266440498,536.3722033720389
20150130,889,7,926,431,49.33387459711288,43.544969775482514,338.1211556274046
20140809,513,96,554,881,110.45393092160124,71.96341107314706,698.5826580052517
20160330,862,14,60,913,68.41315056910923,102.97959935088184,741.607250080009
20140526,385,93,253,568,36.77092878608875,56.94415234380491,474.28491887010637
20211006,180,35,754,929,54.39693118424729,68.9883303555532,805.6147384601995
20160508,153,38,575,444,41.04317114623754,51.50306131288703,351.45376754087545
20141016,575,99,422,940,106.00830636726671,53.74271665934945,780.2489769733838
20180614,543,21,771,158,8.004751655844164,13.535677791091924,136.4595705530639
20211025,94,54,748,785,28.182591248579318,71.77408010031942,685.0433286511013
20220522,878,6,107,250,16.85513316403047,20.725852873896994,212.41901396207254
20170416,718,26,170,109,13.062240737556117,14.459372035946911,81.47838722649698
20140706,667,84,836,379,36.36447977039026,19.70548812386108,322.93003210574864
20170629,674,82,492,573,33.79456593308303,40.045560717721756,499.1598733491952
20180227,68,72,674,641,59.64441930161623,69.95953476089836,511.3960459374854
20230612,612,1,919,260,19.9355377218239,15.458789702777064,224.60567257539904
20170825,420,22,822,607,68.0738276823585,34.965095583411426,503.96107673423006
20180422,727,46,804,472,16.007801240312883,45.0650230040933,410.9271757555938
20150722,405,3,621,206,23.999499833126343,21.358087136778142,160.6424130300955
20170315,331,57,290,781,47.012926843717665,94.42373874039123,639.5633344158912
20140310,399,19,932,147,15.613937500120858,14.069593837194127,117.31646866268501
20180206,687,84,664,903,115.29812191926622,79.15470819108337,708.5471698896504
20170315,326,12,62,365,36.68763131617625,19.170522017134868,309.1418466666889
20161003,444,13,210,518,42.8562305004568,58.41843159014843,416.72533790939474
20170727,205,37,458,142,3.0328448709711715,10.361953844632326,128.60520128439651
20150519,956,49,175,398,13.734227590987036,42.39820206308255,341.8675703459304
20170727,131,25,425,808,115.05347953551437,67.97806969920718,624.9684507652785
20141012,829,63,575,234,20.778296965594205,17.585730961454882,195.63597207295092
20220716,749,85,507,181,12.654489397105046,10.626474377337672,157.7190362255573
20190306,547,71,395,411,23.954937318215304,56.85836613359703,330.1866965481877
20230715,128,65,523,119,9.427332695992558,11.226813815532848,98.3458534884746
20200714,798,6,772,690,54.255123934005084,83.04658209876631,552.6982939672287
20141028,39,95,172,951,110.66442361522269,137.53859192296676,702.7969844618106
20220105,633,67,83,890,63.9682620650856,131.67925110684988,694.3524868280645
20140730,166,42,117,299,26.78100793563575,25.98761003084856,246.23138203351567
20220521,561,42,318,247,26.381172169200614,35.23935637746178,185.3794714533376
20191226,292,54,106,758,32.98914745350479,67.66970747684194,657.3411450696533
20191106,528,52,140,778,115.95879301422923,79.38602490437957,582.6551820813912
20190825,970,75,190,418,39.16330085151867,55.09756956791983,323.7391295805615
20181024,186,35,464,272,10.823328464185355,38.19823238669635,222.9784391491183
20171230,654,57,158,356,29.069585095611565,38.78123875683635,288.1491761475521
20170724,737,64,410,463,47.313545573415325,48.22810236072766,367.458352065857
20180924,154,86,622,995,39.09630386782881,62.16413008870293,893.7395660434682
20180831,763,12,782,507,73.09183506629213,49.741690673308796,384.16647426039907
20200721,820,52,503,560,43.91293081751079,57.20558981662314,458.8814793658661
20220806,289,26,272,940,19.05641123829397,95.10400509207845,825.8395836696276
20180414,263,51,773,388,52.26758535934237,27.410977413860685,308.32143722679695
20150613,943,80,854,720,33.871682964315106,39.0685157251268,647.0598013105581
20240604,368,75,405,895,29.83130734558978,56.97369643016432,808.1949962242459
20160909,518,82,911,483,61.03037821715892,40.548614401202514,381.42100738163856
20190331,249,58,371,838,40.900618874967584,71.64361712963259,725.4557639953998
20240121,219,46,458,951,75.07171255660492,51.94537026309488,823.9829171803002
20150911,649,98,752,889,122.13459172650731,89.01733728430288,677.8480709891899
20140611,347,16,637,107,4.488133064583893,8.737626725914865,93.77424020950124
20211108,41,82,327,529,58.05018174725121,30.23093469602113,440.71888355672763
20230823,685,43,41,565,38.224220334372625,62.672968725048676,464.1028109405787
20181106,46,22,265,751,22.824227085310902,68.64173720895296,659.5340357057362
20140220,188,43,366,254,21.750415949137338,16.13910184766338,216.1104822031993
20210117,809,4,790,337,22.19063356418889,36.402443159843024,278.4069232759681
20160324,176,38,728,542,37.2362570082003,57.22575492162224,447.53798807017745
20181111,721,73,864,795,102.28916510078824,95.61049111327682,597.1003437859349
20150321,333,48,884,648,70.54250106492275,82.65570334616022,494.801795588917
20140810,614,65,100,586,56.84450542345462,35.91387979397581,493.24161478256957
20190809,616,94,565,261,38.73836740162691,31.06286028462023,191.19877231375287
20171102,9,17,629,796,75.4829390387877,87.09605129046342,633.4210096707488
20180809,848,49,403,366,12.599609059351014,30.901590980815804,322.49879995983315
20181214,904,12,895,527,36.367444270114085,59.64919767279683,430.98335805708905
20150202,183,54,797,720,79.16256374533859,53.57743568925538,587.260000565406
20160122,11,15,755,398,28.06733908596312,57.31531117196801,312.6173497420689
20201013,676,41,48,360,47.751956233676445,51.62408387492641,260.62395989139713
20180527,191,30,128,888,89.48062966897338,118.27381874202236,680.2455515890042
20170702,268,55,48,616,25.615411706919303,50.987173380584814,539.3974149124958
20160817,669,61,307,759,66.1835300563615,97.50466431454613,595.3118056290923
20160806,613,60,738,392,55.08173746362558,27.02188491357482,309.8963776227996
20220618,828,2,724,313,22.827490498863675,24.842731461225103,265.3297780399112
20180628,572,6,324,430,46.47921141047159,54.978213375125215,328.5425752144032
20231008,833,73,317,489,48.55710849894102,55.000466352483826,385.4424251485751
20191216,167,24,640,611,80.11811159061956,84.04173613060014,446.8401522787803
20160316,469,59,253,851,81.06125325582363,115.62166675304917,654.3170799911272
20180504,589,16,565,212,30.397580413517396,25.708845700942764,155.89357388553984
20190206,545,27,986,340,24.135237261819764,49.554736259896266,266.310026478284
20220603,973,1,196,276,24.808398287283605,35.024625048837244,216.16697666387915
20170922,844,92,770,652,80.92301251372548,84.96279029503489,486.1141971912396
20230126,604,2,904,210,28.730366905596586,28.74772111453603,152.52191197986738
20150121,714,34,358,706,61.99696280227356,85.5193533320017,558.4836838657247
20140809,687,3,52,791,55.36186393150649,93.88815447846866,641.7499815900248
20151231,388,29,362,548,65.76345422600104,71.75661327861329,410.4799324953857
20170518,22,55,276,533,62.83448732620317,48.34544606088999,421.8200666129068
20160122,636,4,489,955,65.19790874429107,120.62391656443398,769.178174691275
20151228,417,33,641,333,33.49367975427694,35.40395887381392,264.1023613719091
20240617,913,69,263,589,80.03988638207392,77.02448931109936,431.93562430682675
20220430,57,81,82,269,28.77038015023787,16.19990960373953,224.0297102460226
20191113,954,6,377,620,60.74190798521058,46.45190179384522,512.8061902209442
20240403,418,79,800,967,139.3399242064895,140.00313183332509,687.6569439601853
20200610,435,67,306,699,89.08814533294746,36.5372506013212,573.3746040657313
20231211,286,26,165,988,145.6156838633115,134.6543392432164,707.7299768934721
20160112,335,9,524,511,12.287232120299453,38.06546110028392,460.6473067794166
20160927,808,65,588,136,19.811521438222464,10.124057286886309,106.06442127489123
20151105,768,52,967,713,76.15602939644059,64.96233293216311,571.8816376713963
20211030,349,50,994,877,37.44963684054863,69.69249472236275,769.8578684370887
20211122,163,99,857,119,13.486587437155936,12.424738285007363,93.0886742778367
20160527,373,89,173,158,19.57108081783225,16.367721484762587,122.06119769740516
20210409,184,41,783,972,41.49345548854612,138.60707732436015,791.8994671870937
20220528,197,14,175,923,62.869626527402446,123.36179160350277,736.7685818690948
20180806,958,70,89,272,26.434699679369935,27.155942366835994,218.40935795379409
20150828,9,24,941,618,57.80998070546314,58.277147443316544,501.9128718512203
20221215,272,29,159,911,49.55014369316406,48.2577139963677,813.1921423104683
20240711,507,88,344,353,42.58132589203318,23.418629628188963,287.00004447977784
20200728,986,26,473,717,80.65110347045005,99.77210108523286,536.5767954443171
20210730,851,51,789,162,6.443516083293864,14.591580211389708,140.96490370531643
20180818,622,65,309,899,112.86338643432491,118.09167806457421,668.0449355011009
20140219,671,79,137,935,33.60467441249268,79.55700302318002,821.8383225643273
20211125,32,44,646,424,44.57087167355979,28.268491583267963,351.16063674317223
20220917,418,34,855,293,14.29265655321983,36.40136025584753,242.30598319093264
20170129,567,92,437,952,125.33667946758882,100.62012522774742,726.0431953046638
20210408,181,39,656,754,70.87589362593926,71.29193971986587,611.8321666541949
20210710,10,20,597,800,76.52197114163089,82.49737115257602,640.9806577057931
20161026,608,19,363,186,14.224979520163377,18.92804926037606,152.84697121946056
20240727,932,1,292,906,61.08376686393677,99.94889233478212,744.9673408012811
20191127,273,72,511,481,50.02625718154265,67.76545128024064,363.2082915382167
20181008,945,77,243,564,28.299472532522554,28.353322000591074,507.34720546688635
20150731,333,23,929,375,42.18443726246171,32.84658519293227,299.968977544606
20221009,634,45,868,224,15.166282531611149,24.758654062704796,184.07506340568406
20210531,222,70,345,703,87.15233947161298,49.863157225425205,565.9845033029618
20180410,896,6,88,171,15.870327268447724,19.711033772305854,135.41863895924644
20190329,756,45,527,997,96.79058872109019,148.61993150290112,751.5894797760087
20170206,180,38,602,300,24.191149866390475,29.8718352704271,245.9370148631824
20240320,371,26,359,438,13.301349429600068,23.807142023329952,400.89150854707
20181102,803,61,775,561,21.15707901688963,38.77203915189481,501.07088183121556
20190802,933,54,8,133,13.226725205508652,16.372758877813578,103.40051591667776
20231122,783,38,57,933,20.2514547905853,130.17903919124282,782.5695060181719
20210713,665,43,782,962,56.85406409474875,107.67560898904004,797.4703269162112
20170618,591,48,986,878,63.3793823612288,55.44170950916284,759.1789081296083
20150829,707,23,957,642,79.541132495484,84.10191908555164,478.35694841896435
20201009,536,6,684,428,10.633328628697013,61.53298734213115,355.8336840291718
20170725,368,95,104,856,110.8576402213897,110.45647959404486,634.6858801845655
20171218,336,61,139,787,37.33682046219978,116.73723129888707,632.9259482389132
20141018,429,68,464,941,78.10834611930893,109.32603303812813,753.5656208425629
20140613,52,68,272,245,18.407496845815484,17.098709182741725,209.49379397144278
20171030,902,42,52,487,29.32154102143554,35.892037276178144,421.7864217023863
20160519,950,67,283,503,11.463674353165013,67.17600829644799,424.360317350387
20210328,173,18,990,573,28.053071160985663,57.82818283227524,487.1187460067391
20200815,386,6,571,194,5.1783726663067196,12.450725324380732,176.37090200931254
20181021,793,14,77,726,64.79757209633478,66.40039012484253,594.8020377788228
20240720,411,94,676,776,101.5124442402757,80.65834763688314,593.8292081228412
20240428,330,92,722,677,33.72629455854923,50.359780605569604,592.9139248358812
20190112,705,84,625,448,30.006695675530576,40.6354858185781,377.3578185058913
20240706,922,97,520,567,20.34637729014056,52.34711543744566,494.3065072724138
20230811,316,81,66,158,23.65712274306068,9.075316254510094,125.26756100242923
20170527,199,66,9,885,82.23238982523326,88.51439914801601,714.2532110267507
20210903,324,82,878,329,37.275087593570056,44.57803474787271,247.14687765855723
20181117,869,47,875,134,4.041225854755893,12.024744523792958,117.93402962145115
20221002,571,86,821,742,92.29447060924416,77.57879535463191,572.1267340361239
20221211,425,84,70,878,56.591104527258736,100.87919940554946,720.5296960671918
20151002,135,82,591,973,85.8648520281789,105.65405833868202,781.481089633139
20140913,618,67,367,534,51.73264526860009,42.60633768079984,439.6610170506001
20220208,638,22,775,302,14.38382925504162,20.5194985110054,267.096672233953
20160429,566,63,435,925,88.98778695758887,61.773284157772274,774.2389288846389
20140516,120,23,243,413,24.886114488020652,33.50803581335145,354.6058496986279
20190803,355,93,156,533,68.37548475863527,74.63937438513798,389.98514085622674
20220704,344,9,423,511,16.934316984635846,57.72484662209047,436.34083639327366
20140915,9,32,54,402,56.384317563798916,39.58251740267114,306.03316503352994
20150210,927,69,695,676,81.79890507339736,38.67357031995763,555.527524606645
20201215,654,92,205,857,104.88829822111622,127.90431773931131,624.2073840395725
20180828,891,92,90,860,127.00551698807186,84.23203090532122,648.7624521066069
20200731,679,69,459,359,50.657614021501075,48.50807453693344,259.8343114415655
20170611,75,96,714,536,30.18469445465633,57.67069999120911,448.14460555413456
20240225,193,36,332,653,35.78751740435855,38.91202119391749,578.300461401724
20190529,639,45,503,467,61.331300248603654,56.95090679809472,348.7177929533016
20180519,326,79,660,504,15.951800957864261,70.99472185489002,417.05347718724573
20180318,287,99,678,262,22.0546101702655,18.012327591948992,221.93306223778552
20240115,10,51,355,452,18.70738642379098,38.949992533310315,394.3426210428987
20240517,720,7,571,884,113.88617623659299,59.01214204453038,711.1016817188766
20220713,597,85,370,852,45.4305821797129,83.95786894588129,722.6115488744058
20211014,237,86,140,804,87.32514318852249,92.8665839349388,623.8082728765387
20180101,306,3,959,394,24.568648410781986,39.05160692836435,330.37974466085365
20160423,194,34,219,303,17.803684731662948,21.29332337186314,263.9029918964739
20230511,357,75,331,646,14.157060346116685,83.65705042421838,548.1858892296649
20220611,657,94,535,499,41.06057832385389,55.51438361132005,402.425038064826
20160922,294,64,79,325,31.02700426323135,20.504423317033964,273.4685724197347
20151230,940,17,769,781,107.4852095997312,113.10584197750048,560.4089484227684
20200204,824,28,636,349,41.48088491954366,36.12475962346784,271.3943554569885
20210322,749,96,495,999,136.26632163877005,84.07884052402234,778.6548378372077
20210406,679,19,488,986,102.80418710910291,119.04364037105995,764.1521725198371
20161112,626,16,312,133,5.321109651697724,16.56075017132123,111.11814017698104
20240116,523,75,221,199,6.89669196190764,13.180636299655335,178.92267173843703
20220727,587,54,322,537,28.955310867807995,29.03322979303651,479.0114593391555
20200415,117,29,326,246,10.190137911682207,24.509031484645966,211.30083060367184
20170524,943,4,212,227,15.942681421237443,23.09219036761346,187.9651282111491
20150524,245,94,63,207,5.183322005001536,14.424916122610561,187.39176187238792
20201124,132,61,741,373,33.58812429545409,52.33281672842852,287.0790589761174
20230129,573,45,79,476,60.749892483769706,53.16251049717571,362.08759701905456
20140528,546,13,288,277,35.08707509118236,15.33320699451028,226.57971791430737
20170311,617,13,38,494,67.52542873601831,59.82141134848567,366.653159915496
20201004,500,34,959,748,79.7650564579401,54.96739219475373,613.2675513473062
20220212,246,86,160,335,13.949538197062884,37.001763067733265,284.04869873520386
20200528,755,20,736,260,19.455100990483995,24.061773909268812,216.4831251002472
20201011,195,34,735,633,30.8727464179403,38.17453892390565,563.952714658154
20240714,450,55,679,980,72.23053989667221,50.8878435197813,856.8816165835465
20160410,388,58,109,154,3.6218680459522727,12.060659714962167,138.31747223908556
20220321,293,22,202,116,14.43660383210812,17.078965275757017,84.48443089213487
20170612,926,8,878,959,44.07735416644009,134.19371564876985,780.72893018479
20141222,607,95,408,920,115.63181390458988,48.038074737527786,756.3301113578823
20220827,13,80,232,947,64.56620918671075,126.30206957761469,756.1317212356746
20210713,636,40,499,405,24.657399221319526,60.208724692932385,320.13387608574806
20240413,955,95,214,788,108.40125773490978,72.8378922706954,606.7608499943948
20170923,447,99,729,860,27.056755647778647,57.57589812125923,775.3673462309621
20140512,670,43,971,653,17.976576851506504,73.020466505726,562.0029566427675
20170415,797,7,97,374,32.73554567349938,33.89880649169026,307.3656478348104
20191006,606,2,879,388,51.971881392708305,52.63695077566108,283.3911678316306
20161007,297,65,502,835,74.49823466040826,61.33746038756281,699.1643049520289
20221223,658,43,864,334,10.630190783746727,30.526090079182026,292.8437191370713
20240111,60,86,389,148,11.169657973068643,18.59939986329732,118.23094216363404
20180815,612,63,547,227,24.479784761130805,16.292465733011618,186.22774950585756
20181203,191,6,942,390,47.951449206902886,48.33949484503186,293.70905594806527
20220531,590,32,256,979,71.91178976333599,131.0226115426369,776.0655986940271
20230308,304,79,621,170,20.594040756036208,11.387315189251938,138.01864405471184
20141022,598,68,980,407,18.916644561294472,37.37604200902556,350.70731342967997
20150907,571,22,374,852,58.76947272076086,72.64309665610944,720.5874306231296
20180710,353,58,185,679,101.56941573654694,63.83196560397659,513.5986186594764
20180710,527,90,539,929,77.987961237877,84.3222618912337,766.6897768708893
20231016,669,46,431,897,71.704272215231,45.1279912515227,780.1677365332463
20161207,5,86,500,363,44.9423715361741,20.69623083682323,297.3613976270027
20230410,105,30,797,192,10.75251403688245,21.4298970402638,159.81758892285376
20210826,862,37,329,700,104.63443680564953,76.5079153462075,518.857647848143
20220208,83,37,876,711,81.47134586203029,100.62758928104667,528.9010648569231
20160612,822,4,484,212,19.12345079660683,21.279169443628906,171.59737975976427
20140902,529,32,445,210,8.418636653441036,25.5494852873566,176.03187805920237
20190527,993,26,35,324,12.995037296881454,18.914822151393498,292.090140551725
20170528,855,21,924,667,90.20519666747553,94.42136211757786,482.37344121494664
20231203,317,41,492,729,60.677640357428814,105.40183617899383,562.9205234635774
20231202,731,2,320,451,35.84760745867539,43.29216103672623,371.86023150459835
20150419,585,43,960,198,26.964607890659348,18.36618113886796,152.6692109704727
20240618,996,44,101,798,21.10569946180951,83.37249879675322,693.5218017414372
20210214,958,49,502,308,16.183308983349356,32.87448309618049,258.94220792047014
20150502,626,81,654,201,19.635278340855773,27.099760559902915,154.2649610992413
20230529,765,13,275,569,61.83783422037202,68.43909827939946,438.7230675002285
20161128,745,99,283,729,45.768809117226134,81.67399631195347,601.5571945708205
20150410,832,91,333,890,61.3359458733378,55.39983572145319,773.264218405209
20171019,346,7,758,591,62.768855405580624,46.49113522236195,481.74000937205744
20220615,548,47,676,368,19.612215856720788,30.32157047284724,318.066213670432
20141016,635,8,113,550,77.79572671151554,72.28617113930049,399.91810214918394
20240221,415,90,330,477,52.31488673649079,62.09974732365408,362.58536593985514
20140713,897,68,976,125,15.49415258038304,13.387574711357992,96.11827270825897
20200731,119,56,217,599,33.837254547417764,50.04492645897327,515.1178189936089
20240124,764,54,627,312,27.191640120468815,30.15096443030823,254.65739544922297
20190726,130,86,297,213,16.753868428897356,19.618244060377663,176.62788751072497
20171107,458,30,491,371,44.801004568365784,23.881391834897382,302.31760359673683
20140524,330,46,79,616,78.90898719974204,81.44908886478272,455.64192393547523
20200610,296,40,268,307,12.472594192845586,24.337583051326696,270.1898227558277
20210928,587,81,800,115,12.062999791227941,15.996701844122,86.94029836465006
20190702,449,53,286,146,21.304301099015987,8.939475887788692,115.75622301319532
20160924,874,15,850,458,33.78336448177245,50.99922958785989,373.21740593036765
20160625,34,75,721,948,103.1630394736707,75.07891770124597,769.7580428250833
20220707,397,11,319,731,65.00290666911054,79.83555420140317,586.1615391294863
20141212,199,79,345,537,35.84257695640363,64.11381295118902,437.04361009240733
20220821,182,15,124,382,30.640336273973677,24.4205102569748,326.9391534690515
20200621,560,74,161,293,11.928797114680458,31.529935421029467,249.54126746429006
20150403,637,24,366,259,18.574484562497787,21.32186063396215,219.10365480354005
20171110,888,30,533,302,20.282883247062262,16.96962672473296,264.74749002820477
20190704,3,29,85,354,8.783784909665256,34.82393025363469,310.39228483670007
20240320,290,92,632,788,62.67055512962042,79.06944778735547,646.2599970830241
20180619,834,2,373,531,21.646923313484407,45.57432951389045,463.7787471726251
20240428,830,30,543,513,60.27572005983616,37.138553190638646,415.5857267495252
20171016,222,32,885,218,22.72804246413472,11.580088453774845,183.69186908209042
20240206,391,13,600,388,29.36707697862423,42.39652417155054,316.23639884982526
20200120,44,43,977,715,63.00113229696286,40.970940606292686,611.0279270967444
20140318,744,86,144,828,28.899537727117224,123.22567405292807,675.8747882199547
20201220,632,53,368,815,121.11935884850205,120.45947680106146,573.4211643504365
20140103,783,42,196,424,47.96725320636763,38.338363437065816,337.69438335656656
20150618,634,82,399,984,71.0306344260451,63.57865145319716,849.3907141207577
20220923,775,81,464,557,41.6123766778965,76.03193027163394,439.35569305046954
20200924,61,3,915,466,44.217067652916654,24.44308844222965,397.3398439048537
20150702,753,56,955,418,62.29105331731653,38.52153047225712,317.18741621042636
20140616,918,23,915,311,10.960542408709532,31.476875959387325,268.56258163190313
20190621,926,23,26,576,42.06134728242129,33.141094032391194,500.7975586851875
20190320,568,91,64,890,49.53318270376555,76.46960736048169,763.9972099357527
20201002,7,30,802,525,77.82972314263651,64.53274867059608,382.63752818676744
20180830,605,22,627,569,50.514911803217835,60.193402880000036,458.29168531678215
20161117,1000,22,955,722,104.19806705484812,49.80118671611706,568.0007462290348
20170527,847,63,928,587,28.837468871290124,50.3924756587865,507.77005546992336
20160927,621,41,374,511,46.95522586121564,44.324238853682296,419.7205352851021
20140530,377,60,928,577,68.37198681126192,30.664082418233736,477.96393077050436
20221021,50,12,537,807,99.1635240292348,46.98131553603319,660.8551604347319
20230318,916,42,854,569,19.096780826774527,79.16910203840739,470.7341171348181
20170203,358,1,735,162,23.168678382399065,9.856430144157384,128.97489147344356
20220501,673,5,142,443,31.005619008104002,41.382440848082595,370.6119401438134
20230303,737,7,317,972,95.64322579174402,98.87665841273304,777.4801157955229
20150921,556,27,653,843,85.51953178157781,57.18759607135746,700.2928721470647
20220802,786,10,748,581,31.19174664323856,48.312834894440314,501.49541846232114
20160819,346,37,515,297,31.711936302301112,34.46158425671766,230.82647944098125
20141214,755,35,279,654,68.29797175432716,96.16477361499881,489.53725463067406
20180129,317,57,101,817,45.34829823820313,82.40385596970906,689.2478457920878
20230302,563,16,778,544,81.4467971084544,47.37347353227878,415.17972935926684
20180125,173,84,158,116,16.577279138615094,6.622048706851323,92.80067215453359
20230325,326,19,427,733,87.12804516325748,93.15158077774153,552.720374059001
20160624,960,96,199,932,50.76910408830092,114.75067351935196,766.4802223923471
20210626,738,12,13,289,14.69079112260427,34.60644654606283,239.7027623313329
20190227,905,99,867,456,49.42587391141392,47.43298117519908,359.141144913387
20180104,274,35,135,237,23.832388546496553,19.69206801153052,193.47554344197295
20181230,759,67,597,409,21.255994045448144,30.755538795442252,356.98846715910963
20181026,124,70,241,177,8.80516090607063,20.028122421370515,148.16671667255886
20190718,942,39,345,181,23.14433183163424,16.161826646493182,141.69384152187257
20171201,482,73,390,719,23.607246208562362,54.30837034420767,641.0843834472299
20190525,179,17,23,889,63.986738285484506,104.90362577563214,720.1096359388833
20170130,583,98,503,554,41.79081164018225,49.69597674125695,462.51321161856083
20220503,591,14,450,389,58.308130186900776,19.99186640816396,310.7000034049353
20171018,282,86,46,930,72.72482241798708,101.79939776831101,755.4757798137019
20191124,376,91,811,269,17.136106788816928,19.9248053889325,231.93908782225057
20230428,974,32,703,137,9.944561849615416,14.950743408888744,112.10469474149585
20200810,914,67,434,237,19.002487379339655,16.669688015298327,201.32782460536203
20190819,79,14,8,426,29.422738653162977,59.17207969060634,337.4051816562307
20240712,377,25,314,713,28.372552063155883,65.33794955731746,619.2894983795267
20200421,739,56,966,250,25.5405906252213,35.682931350952714,188.77647802382597
20190421,300,46,567,678,26.239121170251753,78.63326798387683,573.1276108458715
20160917,553,84,928,618,22.953122579825457,82.36372552290514,512.6831518972695
20161017,966,36,69,225,26.176023557483084,24.516431020340445,174.30754542217647
20181223,450,17,604,167,17.9705297109679,11.460706846601822,137.56876344243028
20190121,836,10,703,949,22.502689387026553,50.33219268283796,876.1651179301355
20191101,272,22,219,974,49.53673766193056,56.68233397797612,867.7809283600933
20180815,870,93,89,983,22.394121021240142,96.19520727937505,864.4106716993848
20150527,932,63,144,364,32.09713077934685,40.174109513040285,291.7287597076129
20180909,334,1,563,916,129.3394500514704,84.29668592103937,702.3638640274902
20191208,554,7,341,641,62.73317759601231,41.83841561436055,536.4284067896272
20220708,10,69,132,908,86.32838555022705,76.02161443739858,745.6500000123743
20200721,325,77,118,263,32.388768307283584,35.07294346686416,195.53828822585226
20180706,81,73,443,888,55.99296218530641,111.99465741459902,720.0123804000946
20230307,804,50,317,871,33.39612363678027,83.14286255110838,754.4610138121113
20151217,873,45,588,946,43.11184591395251,126.5969618700249,776.2911922160226
20221215,517,44,904,100,4.291246668069522,8.34447381193808,87.3642795199924
20200410,717,23,834,270,29.52362635511625,22.008672602635556,218.4677010422482
20230429,819,13,365,973,46.88631447172071,126.48572134768374,799.6279641805955
20180622,140,20,765,526,67.88903505028044,44.15993212721085,413.9510328225087
20150804,539,96,278,645,34.46900199334362,53.481351059274765,557.0496469473816
20161008,294,60,753,274,10.522772624218387,25.27386020691461,238.203367168867
20210828,659,49,191,427,37.45281418439648,21.437772013080046,368.1094138025235
20161030,522,20,518,411,48.00089190954808,45.51074444334666,317.48836364710525
20170116,533,81,960,693,101.38952951750036,64.13811166609983,527.4723588163998
20190815,943,78,220,138,8.11901689750374,17.73085908995683,112.15012401253944
20170116,680,35,284,297,29.973601208093026,25.63656326616205,241.38983552574493
20160305,579,71,141,445,17.798486157914194,58.03919258878191,369.1623212533039
20221121,35,77,162,750,103.80900350685839,108.58700862415651,537.6039878689851
20190202,506,26,653,284,23.80337770658183,24.32666588819121,235.86995640522696
20230906,1000,47,466,436,54.501512967089695,42.78972500002275,338.70876203288753
20221218,595,89,29,771,47.22563389157376,81.16768719612365,642.6066789123026
20240124,665,24,980,793,42.22712235263952,61.00819921398808,689.7646784333724
20210816,886,58,597,165,7.881508188754718,23.148271481760748,133.97022032948453
20160803,95,36,275,319,21.967124754290385,38.38121952085502,258.6516557248546
20151219,194,57,351,936,135.83691498643782,101.86882520144518,698.2942598121169
20140127,398,89,316,950,35.11317135031249,78.4155916863973,836.4712369632903
20150802,313,77,660,510,51.18833567111913,32.55511898338694,426.2565453454939
20230721,383,45,785,999,37.270544059980466,120.47530592474016,841.2541500152794
20220802,3,55,49,792,22.365172288344294,45.46494822336748,724.1698794882882
20150314,585,45,541,916,108.69758483088118,103.01507743296871,704.2873377361501
20210914,416,92,461,415,50.42317292801361,51.64641348972743,312.93041358225895
20141026,771,13,923,307,44.350758020437,39.45903261836475,223.19020936119824
20191123,13,90,614,453,12.185071854378192,45.0717869898607,395.7431411557611
20171011,922,55,331,956,75.90521460580611,125.77210207680187,754.322683317392
20211125,886,46,527,736,75.89204842001591,57.15843565983675,602.9495159201474
20220728,733,15,921,509,69.48761033298726,70.40412031691689,369.10826935009584
20150413,623,96,978,363,27.661529149406263,42.71667921858908,292.62179163200466
20210727,853,81,91,822,46.09657022441803,46.76939605393782,729.1340337216442
20230307,111,72,146,637,57.81336234958829,35.1649582254348,544.0216794249769
20211218,892,32,47,280,20.35829862197545,38.23757944202308,221.40412193600147
20211022,87,57,505,173,4.783309381014083,21.45174723137178,146.76494338761415
20200316,824,32,481,927,111.35869462431907,47.06530597058865,768.5759994050923
20210813,166,10,344,710,91.9238911116109,62.032237908492846,556.0438709798963
20140920,412,80,633,250,29.83895419534281,19.627989655786365,200.53305614887083
20220407,317,26,906,435,23.903050950458255,23.171944669192765,387.925004380349
20220823,213,49,676,537,17.561005621385245,58.03146973681215,461.40752464180264
20150218,28,25,672,909,55.11971660207171,86.2357202439766,767.6445631539517
20221104,765,77,200,770,84.25911036907873,43.74427839628594,641.9966112346353
20150810,510,69,867,511,57.94373068989703,25.99721695820408,427.0590523518989
20211201,56,32,48,919,137.73709327793216,137.1197291363367,644.1431775857311
20200903,404,79,567,480,34.978544734652445,63.09241878208464,381.9290364832629
20150724,61,7,394,554,76.34453041789008,75.38543754507647,402.27003203703345
20230607,424,27,543,872,26.042033791930205,129.48600766054153,716.4719585475283
20230817,437,88,362,289,15.694831488457105,15.307678779738978,257.9974897318039
20140203,472,3,179,336,36.7537905913003,16.811034107102074,282.4351753015976
20240610,31,76,30,328,13.473156153991438,48.57006996254655,265.956773883462
20141205,546,76,996,194,19.90658284244246,23.602603334795205,150.49081382276233
20190130,346,51,384,139,3.2222504366331997,8.314556341848682,127.46319322151811
20200124,984,89,76,647,43.40941986082148,47.813630560812584,555.7769495783659
20171217,750,58,200,643,42.50823139605967,74.45293476202929,526.038833841911
20180327,935,27,254,381,30.81945524905824,31.843812175090623,318.33673257585116
20211009,597,34,649,606,46.591277807263374,36.89628368558363,522.512438507153
20141106,584,46,892,567,84.33151692356964,70.38717937278169,412.2813037036487
20201219,457,96,797,854,34.6087617497292,108.86463982765386,710.5265984226169
20230205,329,79,462,999,20.936222300563895,93.11162629481946,884.9521514046166
20190304,68,63,661,424,26.863755689625847,49.40525083769869,347.73099347267544
20141225,418,26,608,321,43.17568489042188,32.976278739463375,244.84803637011476
20211006,956,21,949,226,17.41100942024201,26.37223864039592,182.21675193936207
20190728,729,9,237,630,43.121628983816535,33.075012055888386,553.8033589602951
20201201,146,54,241,532,45.59472053446957,69.33711430263418,417.06816516289626
20150212,729,15,357,899,28.804174574568574,55.422217711640535,814.7736077137909
20190205,636,30,13,800,48.10253562087928,53.83297929974228,698.0644850793784
20171120,899,87,215,972,130.75039694380675,75.31134209334753,765.9382609628458
20180212,377,16,591,848,110.38417980185635,82.67602876445224,654.9397914336914
20171121,930,94,673,667,64.33623303531164,85.87806832562029,516.7856986390681
20201219,802,39,75,604,71.93834410965026,88.10521068423698,443.9564452061128
20180103,532,57,857,210,7.7090905716472555,28.44923866873225,173.8416707596205
20161223,831,63,543,118,5.4500186704709455,17.349144193831343,95.20083713569771
20220916,52,40,592,982,99.69314879651029,144.39293036133796,737.9139208421518
20180830,731,90,595,779,37.188391174472734,75.35991989454408,666.4516889309832
20240620,244,83,861,773,18.52766393394475,81.20866342852382,673.2636726375314
20230329,969,44,713,469,39.82568879604906,63.584516169039176,365.58979503491173
20231003,940,50,883,357,30.83506541174024,25.833589282362396,300.33134530589734
20240211,434,26,830,179,22.2042748290417,21.59258592376265,135.20313924719565
20230702,94,20,710,293,10.546089369658814,22.26011730233178,260.1937933280094
20210422,157,11,147,905,115.3778979950143,69.04320206098437,720.5788999440014
20231003,51,32,264,617,30.745246342083725,66.98090928952892,519.2738443683874
20220611,588,12,284,306,10.663505286018466,33.34746482182701,261.9890298921545
20190610,221,65,528,878,43.14400875089351,113.19751817963488,721.6584730694716
20230501,589,40,866,148,13.042546483762202,9.553942929118566,125.40351058711923
20211010,592,72,462,226,15.560666867615312,29.323908373653477,181.1154247587312
20191114,127,46,203,811,67.84975874272538,95.03195293367288,648.1182883236017
20230222,919,29,416,976,140.82771666602278,105.65041658101528,729.521866752962
20210321,380,17,574,951,115.38961340150335,88.70190331624273,746.9084832822539
20211225,853,99,805,249,35.737585135608576,26.969463970690633,186.29295089370078
20160612,413,63,61,999,116.13292139744365,114.61531074905925,768.2517678534971
20181231,712,81,644,286,30.125684123197317,16.594950184129857,239.27936569267283
20220529,792,67,472,380,51.474386654024585,52.5768245713223,275.9487887746531
20181201,234,33,737,871,121.22815838233497,78.2405526606233,671.5312889570417
20141207,283,94,596,182,9.176278379273642,18.152308675080576,154.67141294564578
20190124,285,6,340,921,103.88552626894315,53.219701777586,763.8947719534708
20220213,768,13,147,542,39.36057657717774,73.90330268459792,428.7361207382244
20150613,877,12,259,365,52.27859242224417,37.79465821826362,274.9267493594922
20200704,51,42,422,580,35.31362613876425,37.9838983554172,506.70247550581854
20240714,703,50,357,769,47.354382910226015,87.39550119691918,634.2501158928549
20190429,102,65,303,457,49.572630053098905,26.787992325931654,380.6393776209694
20231210,718,69,12,480,42.390702068722305,25.664499413885352,411.9447985173923
20230207,485,5,832,813,54.73385917379192,80.58618834811551,677.6799524780926
20190426,102,45,642,983,140.9242216082013,75.5188087552929,766.5569696365058
20190502,309,100,565,453,17.540756752975035,54.67983534226384,380.7794079047611
20140718,877,14,440,513,20.236134882379986,34.40063057597438,458.3632345416456
20231224,158,40,908,306,8.540414144854694,31.741693765892315,265.717892089253
20230901,153,4,342,514,63.99167482779741,63.06182087006041,386.9465043021422
20191210,114,88,425,898,96.51443091021527,129.27153937244907,672.2140297173357
20190709,596,69,920,421,12.259429098059405,34.16537565580618,374.5751952461344
20210310,131,40,393,656,18.470650653413774,67.61356675254952,569.9157825940367
20190823,76,91,542,938,139.80997665595257,80.39432291218256,717.7957004318648
20190720,181,11,117,968,63.97960419510525,100.10682472724046,803.9135710776543
20150619,589,47,886,339,13.028953247583772,30.236602820941346,295.73444393147486
20150813,775,67,691,988,90.62697603946823,77.78041430931128,819.5926096512205
20170121,234,42,73,287,14.641896470019569,39.10173288400595,233.25637064597447
20220426,604,51,902,686,15.569741661456217,71.10744090771912,599.3228174308247
20201012,895,50,46,236,27.064967628353983,26.729735117501217,182.2052972541448
20161227,431,98,531,427,42.84213069312346,23.370744963503526,360.787124343373
20210828,621,48,617,237,30.756828291220735,31.318130834074868,174.9250408747044
20190602,545,33,537,530,44.13940708504911,47.53794433815444,438.32264857679644
20211201,824,97,897,254,28.649849317534432,34.952834346524924,190.39731633594064
20171206,340,5,390,927,133.14503463828538,83.37756831129408,710.4773970504206
20171022,449,88,578,499,62.633599818802296,69.39130351443157,366.97509666676615
20210731,653,16,478,111,10.004168968170113,8.14105035124996,92.85478068057992
20240606,602,75,504,943,101.45053214547413,95.48244382210676,746.0670240324191
20170306,299,27,215,201,14.35633857496216,13.264622160018387,173.37903926501946
20160725,114,21,739,463,13.58238372251983,48.0529833227669,401.3646329547133
20231016,82,22,225,369,36.90273162742841,24.832400992472415,307.2648673800992
20201106,911,71,881,898,46.562993737785135,78.10779330561377,773.329212956601
20141012,94,12,389,623,50.214359802882306,52.76253225773783,520.0231079393799
20161123,938,61,383,614,71.00565256364305,51.716114063303195,491.27823337305375
20221026,995,55,734,774,39.22420924732684,69.65897019331676,665.1168205593564
20160602,423,73,69,993,26.721343194985028,148.80179340383665,817.4768634011783
20220224,507,21,317,403,23.01979147412048,34.85348463274676,345.12672389313275
20210322,32,4,872,111,6.578084199054184,11.314172622326316,93.1077431786195
20140504,314,71,784,999,94.52464306019709,94.0449701788939,810.430386760909
20161205,200,91,114,936,37.242422531461706,120.54176907352894,778.2158083950094
20210824,836,40,703,649,53.91063741063439,45.07069869186664,550.018663897499
20210707,257,34,999,448,66.99178331543014,36.465456401663324,344.54276028290656
20230924,625,12,152,628,49.20589666225489,88.75022917624726,490.04387416149785
20221129,251,19,450,580,28.54697264184776,59.71743227605891,491.73559508209337
20180209,365,69,249,415,55.7826278245978,36.63821018239883,322.57916199300337
20140126,60,96,809,620,21.810384872627317,53.687467458692694,544.50214766868
20160618,413,100,250,609,37.06361047739453,90.65208430832375,481.28430521428174
20230528,729,69,959,425,14.981041681656745,42.156832095428264,367.862126222915
20181105,396,53,461,700,22.92669092821672,103.88292207214376,573.1903869996395
20220129,498,46,935,773,31.693702846967298,80.72400456412893,660.5822925889038
20160501,310,42,744,553,15.717261538922703,80.78846356480346,456.49427489627385
20231010,108,87,439,444,26.350058603090858,65.10573644709655,352.5442049498126
20180831,861,36,626,738,16.327848648235513,48.10800612265782,673.5641452291067
20160420,980,79,771,438,21.319410386165938,64.28579347252885,352.3947961413052
20161129,23,16,117,844,95.2289870697113,52.07037090433387,696.7006420259548
20180206,602,3,557,727,56.710449267516665,58.28567495331335,612.00387577917
20150413,458,67,893,583,74.86587571277713,70.41577866758924,437.7183456196336
20180401,519,21,601,772,58.10923786698006,91.16918075329212,622.7215813797278
20210320,488,45,871,203,17.32492356034926,14.35119323179647,171.32388320785427
20230522,723,55,628,370,47.754453391135684,46.463403475737884,275.7821431331264
20150930,835,27,682,440,26.800354306649655,57.099877713196705,356.0997679801536
20220930,740,52,114,263,10.80341579733615,33.46746595042868,218.72911825223517
20200302,809,28,351,976,44.025122059669215,88.12562174035779,843.8492561999731
20211230,206,84,691,432,16.490010996239228,38.764174616209594,376.74581438755115
20181018,482,32,270,304,37.20985989491347,15.574789465154248,251.2153506399323
20181201,747,94,326,249,21.569658844361008,16.736721228442892,210.6936199271961
20220126,209,46,406,380,8.901760086098228,46.52283380717937,324.5754061067224
20180818,609,16,90,646,31.846203181100094,42.264980215100074,571.8888166037998
20160710,595,31,432,425,31.1431870886344,46.66123424448088,347.1955786668847
20160612,784,75,523,192,24.73868882435625,10.986406131935755,156.274905043708
20160222,536,17,526,915,118.43160792517999,102.00367180275143,694.5647202720686
20230513,126,44,894,756,90.23438604666619,100.73440034715759,565.0312136061762
20141211,816,68,182,470,41.64069673732412,24.07164890359138,404.2876543590845
20180512,745,26,999,450,20.221776011053006,36.972192821958714,392.8060311669883
20170906,175,66,180,402,29.28046348276075,45.553266814895565,327.1662697023437
20200115,513,10,895,104,9.189938930991262,13.699167011902686,81.11089405710605
20180628,462,43,15,777,77.33047467089925,83.18251867595401,616.4870066531468
20240417,105,39,314,529,35.734109784693025,27.872031685106982,465.39385853019996
20161012,851,77,75,334,32.90990478589328,38.05941887339356,263.03067634071317
20170601,293,9,774,723,99.41789176130463,55.77735951683233,567.804748721863
20191018,326,67,667,800,112.64502122593724,76.97934286063489,610.3756359134279
20221226,572,12,989,974,138.57720974014947,116.62109963024265,718.801690629608
20220830,972,85,979,872,48.13440876224504,86.60962401653937,737.2559672212155
20200719,582,18,422,802,85.03852288197754,88.65965708059964,628.3018200374229
20190831,262,43,280,784,32.153713610552444,77.86993132734429,673.9763550621033
20170814,778,51,478,441,53.01914292539496,42.030528509913424,345.95032856469163
20220201,507,12,578,659,94.37029655393277,38.01792133745793,526.6117821086093
20140303,353,47,679,418,61.816455491881094,48.39130726331297,307.79223724480596
20191013,680,67,152,299,39.838201802780404,17.19332021918224,241.96847797803736
20150306,717,64,199,276,10.61743615351879,17.922498703659212,247.460065142822
20201018,892,72,299,100,14.393012433454592,12.241791135463174,73.36519643108224
20170823,849,10,454,668,14.008762927716457,100.16113376934729,553.8301033029362
20200625,558,43,275,278,14.608989197728453,23.586959677278003,239.80405112499355
20170117,84,72,472,595,80.73435620010319,29.962276184907477,484.3033676149893
20240125,785,66,918,256,27.0690112731323,30.377991619691446,198.55299710717625
20180330,843,24,108,717,85.86968535491872,78.02480846369028,553.105506181391
20170220,901,53,381,319,36.618538038080835,22.56012027543386,259.8213416864853
20200518,517,98,51,188,22.80456326095625,20.820887076470367,144.37454966257337
20160517,505,11,908,515,31.249297237274735,69.91009765365772,413.84060510906755
20220222,799,35,96,727,89.24061834077398,70.19243684475543,567.5669448144706
20200129,903,8,433,275,34.38142600158297,26.709191738713425,213.9093822597036
20220518,746,53,571,184,13.502559990310562,25.953955342148117,144.54348466754132
20160331,73,20,964,647,73.99936333542017,47.54922863126539,525.4514080333145
20190907,331,83,816,481,29.172709010551618,70.84674225467218,380.9805487347762
20200314,192,95,382,792,26.0557708328168,63.845586841635246,702.098642325548
20160602,485,55,844,739,89.80452366580249,64.94185555460894,584.2536207795886
20221118,640,7,242,624,25.633478417310528,60.734622272588815,537.6318993101006
20140303,117,15,899,300,7.896885007909428,20.76234529006519,271.3407697020254
20240301,131,100,539,982,110.97778284799948,54.39619171333846,816.626025438662
20160529,484,18,510,468,65.91162524749461,65.17508721615812,336.9132875363473
20221223,98,92,819,489,15.09400072385962,30.778451749476094,443.1275475266643
20140806,618,75,112,459,60.970039301681155,51.74559552164763,346.2843651766712
20170131,796,90,343,993,82.48984764675637,94.37139972835614,816.1387526248875
20220612,711,29,393,258,10.055953674423975,21.119589178734127,226.8244571468419
20200826,92,14,271,750,45.26449401035727,61.72169959292885,643.0138063967139
20200229,910,51,460,616,68.6835640496298,82.87698534201614,464.43945060835404
20200422,979,23,317,122,5.687077398906052,13.196229258310982,103.11669334278297
20150112,95,91,11,303,16.879128526446365,20.237650944193803,265.88322052935985
20230706,295,81,62,111,3.96539821469764,8.76811586982354,98.26648591547882
20210104,467,25,950,436,29.29665964047279,43.907114885705,362.79622547382223
20140321,892,75,242,277,6.673312997338779,19.894732815766066,250.43195418689515
20210128,594,71,847,735,69.89288635009403,62.158466526978195,602.9486471229278
20180324,469,45,643,548,24.737478975653623,45.32524389481516,477.93727712953125
20220507,925,89,313,378,49.99946090930585,43.03446678904115,284.966072301653
20161229,866,52,361,200,9.622272130429268,19.729882935331013,170.6478449342397
20140210,371,66,386,732,77.44925065547264,105.17004595008814,549.3807033944393
20200131,369,90,237,787,53.48923772565354,67.38556715956958,666.125195114777
20190920,274,60,256,624,36.22624848518059,43.675313791262866,544.0984377235566
20230603,649,64,780,471,30.939095171545034,40.89698715728485,399.1639176711701
20161220,111,44,49,933,97.7268973101407,94.68665311184009,740.5864495780193
20201213,102,54,544,937,132.46076159448904,128.4783241415435,676.0609142639674
20190410,474,30,252,834,75.43036251999021,74.93157709904143,683.6380603809683
20200227,29,58,393,691,20.088093165243762,54.42462666387193,616.4872801708843
20150419,692,43,526,225,30.947899106468324,22.085713475987653,171.966387417544
20190722,680,88,598,519,57.89806657509197,39.45618231894993,421.6457511059581
20190711,673,43,508,595,65.9172969355759,78.20464235544713,450.87806070897693
20220508,100,74,381,510,29.663282578785346,70.32719392074107,410.0095235004736
20210623,387,67,782,623,33.554750591139495,68.33463017719191,521.1106192316686
20190620,837,33,753,604,64.9799775264055,52.494684373431646,486.52533810016286
20220725,882,61,679,788,86.01150781421987,102.23879432273816,599.749697863042
20230422,618,39,19,897,104.26203179248495,53.55003558690103,739.187932620614
20200529,230,83,680,443,18.56117451314827,63.720449853125466,360.7183756337263
20230903,897,48,531,972,91.55860387509237,109.29876123700338,771.1426348879043
20180903,733,98,645,255,18.298151177218518,19.82108676384369,216.8807620589378
20220106,668,57,212,512,26.154307203021418,48.53464865782543,437.3110441391532
20180819,611,63,722,283,30.023192636035482,18.331416333812772,234.64539103015176
20200331,930,20,186,701,46.852712154625074,79.85354674686026,574.2937410985146
20160812,725,96,444,102,3.682515923392072,12.970571738899578,85.34691233770835
20200419,535,32,267,738,99.69824934842921,61.76352797885997,576.5382226727108
20210206,605,43,226,420,47.675028500311704,27.309981609652038,345.01498989003625
20210801,196,35,340,947,31.918772122554035,66.79770805162428,848.2835198258217
20170902,926,20,3,525,17.020307088210988,75.71051977557167,432.2691731362173
20180923,304,75,584,254,27.621287806175925,31.350734873178386,195.02797732064568
20170602,252,11,39,393,29.044495665938992,33.162261655295566,330.7932426787654
20141126,625,86,875,431,14.731452230941722,40.99633314356395,375.2722146254943
20170416,174,26,616,227,28.059905599146827,23.48943124199755,175.4506631588556
20151120,708,84,81,739,86.70426534286644,92.20364998291927,560.0920846742142
20200411,879,96,211,379,42.19802139921494,43.19167500388795,293.6103035968971
20180205,866,81,95,611,23.861458049751295,46.99602532776512,540.1425166224835
20240405,380,10,67,380,45.11279718924176,52.384878534514165,282.50232427624405
20231111,909,91,785,992,44.74686671956642,86.26955062932339,860.9835826511102
20230817,844,56,459,725,72.78939055837968,88.99885237214623,563.2117570694741
20150714,602,50,884,223,12.161320657304396,25.1005426999037,185.73813664279191
20240303,759,12,984,681,67.82060693153021,50.56026875430554,562.6191243141643
20210319,846,11,14,656,61.691402426576566,46.249790558820514,548.058807014603
20161122,922,95,491,121,16.394969645603595,6.898018478670702,97.7070118757257
20210610,565,39,677,922,28.814219109392848,110.14888797490876,783.0368929156984
20190522,992,27,156,695,43.875718132046146,56.84141602415244,594.2828658438015
20170702,101,36,520,997,44.8387806764186,92.38091843333305,859.7803008902483
20160924,816,50,525,544,59.26782926386951,29.115646569084575,455.6165241670459
20150605,396,81,304,409,47.756829580316,22.616732578019764,338.62643784166426
20160815,210,30,24,859,102.3391912169414,51.397935481720104,705.2628733013385
20190620,481,38,452,295,23.51943904960193,38.04295028354532,233.43761066685275
20210330,174,76,35,983,126.46585147107224,110.1655041677616,746.3686443611662
20150122,19,64,952,401,13.747473528860864,47.48452241494862,339.76800405619053
20151119,569,20,295,668,36.13220691060968,82.76190116221127,549.1058919271791
20231109,120,35,7,650,50.756114293257184,83.1040279393337,516.1398577674091
20190207,265,77,197,743,31.387345794687967,72.60588175955037,639.0067724457617
20140628,353,71,720,456,23.263176810354516,56.523543690854936,376.21327949879054
20151228,523,32,339,677,78.34560066815361,49.79762335611888,548.8567759757275
20220106,626,86,477,588,69.40194308804536,67.42563375611152,451.17242315584315
20140403,747,40,671,890,49.92837647498601,95.52790934636161,744.5437141786524
20150428,340,4,853,757,62.9132903505793,112.61186286227702,581.4748467871436
20160725,18,18,196,600,14.262691577438341,74.47970802539884,511.25760039716283
20200725,197,98,257,937,122.96322288576194,113.67646322404148,700.3603138901966
20221229,80,48,771,498,16.004133438542283,30.843467865538326,451.1523986959194
20140126,579,96,627,623,60.62539562968249,51.31064590821426,511.06395846210324
20180824,155,37,310,256,24.15224811539901,31.289793258709185,200.55795862589179
20190116,360,98,437,888,115.09726522306883,130.8162739317636,642.0864608451676
20140424,205,86,58,660,27.27440703773746,92.0644772011716,540.661115761091
20230819,373,56,824,830,64.07881340225128,49.65428925970063,716.2668973380481
20200722,406,86,563,449,12.140237236111405,38.80422769112043,398.0555350727682
20141112,49,36,743,879,36.570728989697216,109.04858129847078,733.380689711832
20180330,272,33,614,884,31.112632886819473,53.57098792452965,799.3163791886509
20161213,78,18,613,300,34.47912947878487,18.618044533633533,246.9028259875816
20231205,999,71,397,690,34.76069185464676,67.24931747898515,587.9899906663682
20180206,709,91,141,550,42.28063798065246,32.11215463158371,475.6072073877638
20210329,747,50,652,963,138.55364203900038,88.34695833241365,736.099399628586
20141110,364,34,606,792,26.73853932239796,80.63709577404849,684.6243649035536
20170808,386,54,588,956,100.05019863980205,117.1717599286483,738.7780414315496
20230306,625,58,508,302,35.42089238759478,18.021996978522054,248.55711063388316
20160107,821,63,397,782,103.35229720606294,100.2289914907723,578.4187113031647
20211021,723,81,664,617,55.91233202678833,42.20268920136998,518.8849787718417
20191217,527,19,826,291,43.53309392382367,30.559880907977757,216.90702516819857
20200727,406,54,168,801,113.11242603985721,61.92642283737329,625.9611511227695
20181019,60,68,615,414,53.674507800115656,50.74514929034143,309.5803429095429
20210117,240,100,304,619,48.15699169877666,65.8344808831854,505.00852741803794
20200821,414,47,836,565,28.673107957535365,84.22313559068215,452.1037564517825
20150429,931,66,885,450,17.154214098946703,41.29530718978128,391.55047871127204
20180921,973,24,646,323,28.530170189889315,41.27018710524813,253.19964270486255
20141031,952,100,737,838,49.24896599712639,49.64463693884755,739.106397064026
20211024,827,93,487,886,123.68585770557468,57.09861084171348,705.2155314527118
20191024,618,86,949,793,62.92767127045446,98.20403594216309,631.8682927873824
20190418,510,65,666,401,48.770760414706054,58.18734621303397,294.04189337226
20160414,964,23,492,350,43.698030515427554,39.69717437993637,266.6047951046361
20190103,239,33,853,197,12.471201567925617,26.02552706539714,158.50327136667724
20170421,464,60,269,375,35.2064418631882,24.096755966782766,315.69680217002906
20140222,730,59,870,855,105.33548453497912,91.22681876098117,658.4376967040397
20160515,466,24,69,438,37.36203010629438,52.74177147207144,347.89619842163415
20140527,335,71,545,489,42.21764415643679,32.63050587424483,414.1518499693184
20180328,214,4,276,528,14.944106198909179,50.68129861211035,462.3745951889805
20181025,955,73,566,767,41.325326866463556,47.65579940324836,678.0188737302881
20160902,233,63,852,512,73.63486234229494,50.55349565056877,387.8116420071363
20230131,460,97,140,346,32.030896801711464,33.5500519836222,280.41905121466635
20140916,470,77,346,919,47.93593502938937,94.69704184409784,776.3670231265128
20150531,881,78,523,315,23.516090194456634,28.422056701255315,263.06185310428805
20210122,852,13,186,290,41.26599178748993,31.373024286283332,217.36098392622674
20150428,841,29,590,332,9.837412422345096,46.86611383528274,275.29647374237214
20240505,778,75,503,620,20.980720481156716,56.484559016350296,542.534720502493
20200103,122,24,30,952,72.1136144641349,69.9779199620252,809.90846557384
20140527,680,7,974,898,110.39216527911154,73.86464214688466,713.7431925740038
20200726,262,61,806,918,75.0833682765556,109.47900349667783,733.4376282267665
20160628,917,63,198,960,36.72531523499741,58.80339618267015,864.4712885823325
20220401,722,20,343,137,19.259630067828898,9.62121291987832,108.11915701229279
20230318,412,49,934,209,5.70346591191175,11.038885770468376,192.25764831761987
20140919,349,43,188,677,21.087647089827207,53.14615864543576,602.766194264737
20161025,425,37,666,831,108.71117468103898,75.74105698226764,646.5477683366934
20191117,214,49,102,952,51.27606662600324,96.74780861513769,803.9761247588591
20211010,756,46,269,869,101.4980703868967,81.83998564270746,685.6619439703959
20231108,898,15,860,237,33.68329744054867,22.09846397343516,181.21823858601618
20221007,172,80,907,119,5.808594284824416,7.985513851093964,105.20589186408162
20190503,133,73,784,584,52.79971449692625,68.7120838861478,462.48820161692595
20150312,747,79,244,608,73.1680779629979,90.50971666672511,444.322205370277
20180124,313,82,37,374,53.88096772348631,55.701334996573564,264.4176972799401
20171029,965,21,521,918,76.62683858710044,71.78941633418847,769.5837450787111
20170902,1,34,589,432,28.83954443948925,35.67014830558596,367.4903072549248
20211102,194,97,193,962,114.80333317921877,85.70302213196206,761.4936446888191
20160815,446,38,759,422,61.47579672119905,24.835456888585707,335.6887463902152
20210112,804,2,533,707,97.69837437622665,54.44371107412194,554.8579145496515
20160303,931,22,108,239,17.708839653970482,21.942880894469603,199.3482794515599
20140417,82,62,448,632,16.512097393267904,62.142094216746685,553.3458083899855
20220420,707,98,193,797,92.49087768502785,97.86981958712005,606.639302727852
20140511,916,30,904,174,20.405674406920063,13.864147107167426,139.73017848591252
20190526,785,66,967,816,91.94827860304967,53.52872368587098,670.5229977110794
20170522,899,31,736,497,46.63762694539955,66.08049247344185,384.2818805811586
20230820,413,35,356,913,111.72470413362322,85.26320510714723,716.0120907592295
20200620,515,83,1000,735,36.06006963261383,92.00862580224114,606.931304565145
20180512,8,63,432,628,18.678244008185693,86.19952205980978,523.1222339320045
20210902,953,94,514,755,66.28971717331716,85.59166610945745,603.1186167172254
20140712,321,29,388,703,77.83347767832333,83.79438885686918,541.3721334648075
20170105,918,24,150,248,34.68078696438983,34.23087992452663,179.08833311108353
20170913,68,18,597,471,43.545773717603296,37.275965811758596,390.1782604706381
20180531,188,89,128,609,89.66085105858566,31.95675039040253,487.3823985510118
20140424,738,65,585,898,107.67090623806607,50.52362232734572,739.8054714345882
20190816,144,95,699,648,47.44320954242197,63.495002341840504,537.0617881157375
20150621,534,42,321,382,45.267004547880056,41.54228708102026,295.1907083710997
20161125,199,11,369,870,77.25042299819853,91.84547448234842,700.9041025194531
20230725,282,23,466,512,45.00228513875218,66.24283785878737,400.7548770024605
20150414,32,1,142,736,97.78470684366992,63.903788504954036,574.311504651376
20220621,134,86,969,992,46.08590931526807,128.39502690407977,817.5190637806522
20150404,965,74,76,813,95.41176815201803,53.87699562017055,663.7112362278115
20180113,735,65,956,546,14.012667331192972,75.58596874826699,456.40136392054
20150831,73,33,76,365,47.17334330477027,50.810164227011725,267.016492468218
20230724,829,25,734,478,39.14922038014096,30.243217257319575,408.60756236253945
20150423,649,30,475,757,36.49958603690918,74.93231771119201,645.5680962518989
20210530,667,82,992,380,9.877238690858688,33.607476528725215,336.5152847804161
20230805,218,74,174,624,64.31155901774775,62.10825579364049,497.5801851886117
20200101,931,86,643,966,62.984601530354155,87.49512931235557,815.5202691572903
20221026,676,36,449,516,48.68420286911181,44.761238307040735,422.55455882384746
20211209,741,27,391,578,84.43571131321985,42.12785610793257,451.4364325788476
20160220,714,97,374,925,120.24571568748196,93.91096058085228,710.8433237316658
20230814,205,81,874,837,30.904119730585958,60.992729731276654,745.1031505381374
20160831,962,61,21,354,44.3453936955585,51.876682362240764,257.77792394220074
20191230,938,72,712,420,60.59381146508512,62.66883681677217,296.7373517181427
